:020000041000EA
:40000000002C0008E30700100D000000450800100000000000000000000000000000000000000000000000000000000041080010000000000000000041080010410800101D
:4000400041080010410800104108001041080010410800104108001041080010410800104108001041080010410800104108001041080010410800104108001041080010F0
:400080000448054B10B5834203D0044B002B00D0984710BD68080008680800080000000006480749091A8B10C90FC91810B5491003D0044B002B00D0984710BD68080008ED
:4000C000680800080000000010B5074C2378002B09D1FFF7D5FF054B002B02D0044800E000BF0123237010BD08090008000000004C610010054B10B5002B03D004490548C7
:4001000000E000BFFFF7CCFF10BDC046000000000C0900084C61001010B5002902D005F011F810BD0120FCE7014B01221A707047440D0008F0B5C64600B580460F001500CA
:400140001C001E6819600122290000F00BFA2660002803D1266080BCB846F0BD2A003900300005F0E7F9230000222900404600F09BF9EFE7F8B50400164D174E01002800DC
:4001800001F0C4F8002806D1A819230032002900FFF7D0FFF8BDAF192100380001F0B6F8002807D12300320039002800FFF7C2FF0028EFD080212300084A4905002001F051
:4001C000C9F90028E6D12300054A0649013001F0C1F9DFE700FA071000020000FCFF0000FCF906000000011010B500280AD000290AD000F08BFF041E01D0200010BD00F0CD
:4002000011FAFAE7014CF8E7004CF6E70F001A0010B500280DD00021012001F029F8041E05D104F089FA04F065FA0028F9D1200010BD014CFBE7C0460F001A0010B5024828
:4002400000F0E0FB30BFFDE70000011010B504F051FA10280BD180231B051B78002B0BD00748FFF7D5FF002806D1FFF7E7FF0448FFF7CEFF002800D010BDFFF7DFFFC046B9
:40028000480D000870B58CB000F0DEFD002800D001BE00230B9304A91433CB60674B0493674B8B600BA800F031FF002800D001BE04A8FFF75FFF002800D001BE62B60123BB
:4002C00006220121592001F0B7FB012302220021042001F0B1FB10220021684605F022F9584B00936946042001F004FC012303220221042001F026FC04F0FCF9102804D1CA
:4003000080231B051B78002B04D004A8FFF780FF002805D04C4B187800F06CF900244AE0FFF78CFF04A8FFF773FF002807D0474B98424DD104A90BA8FFF756FF48E000F09F
:4003400065F9592001F0DEFC042001F0DBFCFFF775FF04A90BA8FFF747FF39E014213C48FFF7DAFEA04200D90025002E13D0394B9E4207D1002D2BD004A90BA8FFF734FF6B
:40038000002425E0142004F081F904A90BA8FFF72BFF00241CE034001AE000F037F9592001F0B0FC042001F0ADFCFFF747FF2A4B1B78002B30D104A90BA801F087F9060069
:4003C00001340B9D022DADD0032DC2D0012DC5D0FA2014218000FFF79FFE0100200004F037FF002908D11D4B1B689B69B022D200944663440222DA6014211948FFF78CFEB8
:40040000A042D4D80B9D002DD1D104A8FFF700FF0028C2D02C00CAE70F4B00221A7004A8FFF7F6FE0028C6D1593001F06BFC042001F068FC00F0EAF8FFF700FF340B0008BC
:4004400024090008290100108004000802001A008813000040001A00440D0008F80F0008E093040010B5FFF7F1FE10BD10B504F0EFFE002901D1012010BD0020FCE7000088
:4004800030B583B00D0014006A4601A900F04EFE019B2B60009A9B18024A9B18236003B030BDC04604000000F0B5C64600B582B004000D001600984680218900FFF7D6FF3B
:4004C000002807D080239B009D422FD0F3072FD5002500E01E4D1F4F00F040FE6A4601A9FFF7CEFF019BA34203D8009BA34200D9194D80235B059C466744A74202D8174BEA
:400500009C4206D980221202EC231B06E318934218D2002D17D1F6070CD443461968200002F05CF9051E0ED00D4D0CE00025D2E7074DD0E74346186880229200002104F079
:40054000F1FFEAE7044D280002B080BCB846F0BD03001A00FCFF00000A001A00FFFF071004001A00F0B5CE4600B582B004000D0001921F00802189002800FFF777FF0028F0
:400580001FD00026164BA34202D8164B9C4206D980221202EC231B06E31893421AD2002E19D10123019A11001940894613420AD038682A00210004F095FF00280BD00A4E39
:4005C00009E00A4EDEE738682A00210004F0B2FF4E4600E0064E300002B080BCB946F0BDFCFF0010FFFF071002001A0003001A000A001A0010B5044B1870022801D001BE00
:4006000010BD00F06BF8FBE78104000810B5044B1B78022B01D001BE10BD00F063F8FBE78104000810B5044B1B78022B01D001BE10BD00F05FF8FBE78104000810B5054C43
:400640002478022C02D001BE034810BD00F06EF8FBE7C046810400080F001A0010B5054C2478022C02D001BE034810BD00F0A0F8FBE7C046810400080F001A0010B50B4B49
:400680001B78002B06D00A4A116880231B060B43136010BD07490022054802F099FD002800D001BE014B01221A70ECE7640D000800006440B455001010B5002901D0002A9E
:4006C00000D101BE02F02AFD10BD10B5002901D0002A00D101BE02F062FD10BD10B5FFF7CDFF10BD10B50021014802F0F9FE10BD0000644010B50B4BC122920098588021EF
:400700004902084398509858074C204098509A58812292009858014399509958214099509B5810BD00006440FFFFFEFFF0B5C64600B582B00700019190461D0000282AD08C
:4007400000292AD0174AC2239B00D458E40507D1012003F09BFF013D002DF3D112481DE0104EC225AD007459E405E40DD920800003F0A6FF7359DB05DB0DA342F0D1019AD5
:40078000A24200D9220043461A6039000548FFF793FF002002E0054800E0044802B080BCB846F0BD0000644040001A000F001A0070B50C00150000280BD0002901D106487C
:4007C00070BD0A0001000548FFF77FFF2C600020F6E70148F4E7C0460F001A00000064407047FFF73FFE72B60F4C104DAC4209DA21686268A368043B02DBC858D050FAE74A
:400800000C34F3E70A490B4A0020521A02DD043A8850FCDC084809490860BFF34F8F00F075F8FFF72FFDFEE75861001070610010080900084C1000080004000808ED00E097
:40084000FEE7FEE700B504207146084202D0EFF3098002E0EFF30880043003F087FFFEE70230800803D001300238FCD1C046C0467047EFF3108072B6704780F3108870471E
:4008800010B5002002F02EFB10BD704710B5002003F0CCFD041E00D110BD154B186002F071FF411C200004F04DFC0400114B186002F028FF411C200004F044FC04000E4B60
:4008C0001860013C0D49200004F03CFC01300C4B1870FA218900200004F034FC0130094B1860002003F0A2FD074B1860D4E7C046900400088C0400089404000840420F000A
:4009000082040008840400088804000810B5224801F0C8FE214CB022D200A3585B005B08A350E0218900635830208343635080235B04A3501A4B1B4AE2500433A0229201D7
:40094000E250194BFF22E25004F0EAFBC0225200A35801218B43A350FFF797FFFFF796FF124B1B681A6ABE201C5AE100091B52180021D1601A6A185AC3001B1AD318596081
:400980000B4A8031032002F015FB0A4802F04AF9094802F099F910BD886000100000264084050000010002008C050000F80F000868080008880D000870550010034A90236F
:4009C0005B01D358032018407047C0460000204010B5FFF74EFF084C902149016258074B1A40074B13436350034B5B68DB06FBD5FFF743FF10BDC04600002040FCFF000098
:400A00000100FA0570B50400830500D001BEFFF730FF0500FFF7D2FF032813D00B4B802292009C50902040011958094A1140094A0A431A50054B5B68DB06FBD52800FFF70F
:400A40001CFF70BDFFF7C4FFE8E7C04600002040FCFF00000300FA0510B500F047F900F00DF800F035F800F04BF810BD10B500F023F800F039F800F079F810BD10B5022135
:400A8000002002F0F9FD67220221002002F034FD0221002002F0B0FD0021012002F0ECFD044A0021012002F027FD0021012002F0A3FD10BDBF03000010B5034801F0AAFA92
:400AC000024801F0A7FA10BDA8550010A455001010B502220021042002F054FD002201211B2002F04FFD10BD10B5034801F092FA024801F08FFA10BDB0550010AC550010F8
:400B000010B5114A114C0621200001F043FF104A0721200001F03EFF0E4A0F4C0021200001F038FF0D4A0121200001F033FF0C4A0C4C0021200001F02DFF0B4A0121200073
:400B400001F028FF10BDC0461057001000033140D8560010A056001080033140685600103056001000073140F855001010B50C4801F050FA0B4801F04DFA0B4801F04AFAC7
:400B80000A4801F047FA0A4801F044FA094801F041FA094801F03EFA084801F03BFA10BD48570010445700100C570010D45600109C560010645600102C560010F455001038
:400BC00010B50121002002F013FE0021002002F03FFE10BD10B50121032002F009FE0121032002F035FE032002F0EAFD10BDFEE710B503F07FFD00281BD1144AFF231B02AE
:400C0000D4583F231C4003F065FD002806D0012003F056FD0D4B9B6C002B14DB0B4AFF231B02D45002F07EFE02F070FE012002F091FE012004F0D6F804F072F804F060F9E1
:400C400004F046F910BD0620FFF7D1FF0000274030B583B00C4C00250095002300220021200001F057FF0095002300220121200001F050FF054802F029FE002801D103B0BB
:400C800030BD0520FFF7B3FF0000314040420F0010B5084802F070FF002805D1064803F039F8002803D110BD0420FFF7A0FF0420FFF79DFF54570010400D030010B5094938
:400CC000012003F0CDF8002806D10749012003F05DF9002803D110BD0320FFF788FF0320FFF785FF4C5700101027000010B5B421002003F053FDFFF77BFF02F01FFF0021D4
:400D0000002002F0A5FD002002F048FD012002F029FD002002F0E4FC3E4B1A684323D45C03E0200003F076F8013C002CF9D10021012002F047FE002002F078FD00285ED0EF
:400D40000021002002F03EFE0021002002F050FDFFF77EFF012002F0F3FC002002F01EFD002002F0FFFC002002F0BAFC0021012002F028FE0021002002F024FE002102201B
:400D800002F020FE0021032002F01CFE0021042002F018FEFFF77CFFFFF712FFFFF78EFFFFF718FF002002F0B9FC02F0AFFD012002F0D0FD6021002003F0F0FCFFF766FD60
:400DC000154801F027F9002800D001BE134801F021F9002800D001BE114801F01BF9002800D001BE0F4801F015F9002800D001BE0D4801F00FF9002800D001BE10BD02F0CB
:400E00000DFE1223FF3398429AD10121002002F0EFFC95E7F80F00087857001074570010705700106C5700106857001010B5044803F080FE002801D0002010BD0148FCE78A
:400E4000980400080000020610B501F0E0F8041E07D0FFF701FEFFF709FE002C0AD0200010BD01F0B9FB041EF3D10449002001F001FCEEE7FFF7DAFF0400F0E7E40C000005
:400E8000704704307047063070474078704704314018704710B504000800FFF7F4FF235C172B01D0002010BD0120FCE70123037070474170704710B504000800FFF7E3FF54
:400EC0001723235410BD0431002303E00139425CD3189BB20029F9D158420004000C7047002353600B6001487047C04605001A0000B583B00100042201A804F01BFB019814
:400F000003B000BD00B583B001924018042201A904F010FB03B000BD10B582B001006B469C1D0222200004F005FB208802B010BD10B50230FFF7F0FF10BD10B504000800F4
:400F4000FFF79FFF2018FFF7E7FF10BD70B504000D00062826D90B78012B01D0144870BD0800FFF7E5FF0600C31DA3421CD88422920093421AD801002800FFF78BFF00281F
:400F800001D10B48EBE731002800FFF7D6FF040031002800FFF797FFA04201D00548DEE70020DCE70248DAE70348D8E70248D6E704001A0008001A0003001A0010B5012323
:400FC000136007330B600021FFF761FF0249082204F0B0FA10BDC046EC570010F0B583B004000E0015001848FFF74AFF01902000FFF79EFF0023336000280CD1019F002FBD
:4010000003D0124F380003B0F0BD2A0031002000FFF7D4FFF6E7042803D0062801D00B4FF0E700212000FFF732FFFFF761FF019B984201D0064FE5E72A0031002000FFF7FD
:40104000BDFF0027DEE7C0460403020103001A0004001A0070B50C0011001D00002814D0002C14D0002A14D023685E1984229200964201D9084870BDC0182A0004F05AFA41
:4010800023685B1923600020F5E70448F3E70348F1E70248EFE7C04603001A000F001A00F0B5C64600B505000F001400FFF740FF060008CC984600233B6000212800FFF785
:4010C000E6FE0200330021004046FFF7C3FF80BCB846F0BD00B583B001924018022201A904F028FA03B000BD10B50A000221FFF7F1FF10BD70B5040008001500FFF7C1FECA
:4011000001002A002000FFF7E5FF70BD002806D0002906D0002303604B60002070470248FCE70148FAE7C0460F001A0070B504000E001500012800D901BE0748FFF7A0FEE2
:40114000E4000019002E01D003683360002D01D043682B60002070BD00FA071010B50248FFF78EFE10BDC0460000000070B50500140000230B60FFF7DBFE042803D0084895
:401180000023636070BD00212800FFF780FEFFF7AFFE230001220021FFF786F9F0E7C04603001A0030B583B004000D00130000220192842101AA8900FFF740FA074B9842C0
:4011C00003D0002804D003B030BD01232B70FAE701982100FFF7BAFEF5E7C04640001A0030B583B00C000192FF2505400800FFF75DFE29002000FFF75CFE01992000FFF77A
:4012000073FF019D29002000FFF75DFE020029002000FFF76FFF01992000FFF74CFE01990731962301AA2000FFF718FA03B030BD70B50600002915D0012040423378434053
:401240001D090F221340094C9B001B596B4018091A40920013595840013901360029EDD1C04370BD01204042FAE7C046F4570010F0B583B00D00012800D901BE6A4601A937
:40128000FFF754FF041E0AD1019F009E2A0031003800FFF7CDFFBB59834200D0014C200003B0F0BD02001A0070B504000E001500FFF73EFE00233360042807D0012805D08E
:4012C000104D114B9D420FD0280070BD00212000FFF7DDFD0078012801D90B4DF1E72900FFF7C6FF051EECD100212000FFF7CFFD002D05D101230370012333600025E3E75F
:401300000023F8E703001A0002001A0070B505000E000948FFF7B4FD0400011F32002800FFF786FF6419043C2368984201D0034870BD0020FCE7C0460002000002001A00B7
:40134000F0B5DE464F4680B583B004000D00160000284AD0FFF7ECFD042808D00027274C2F60200003B0C0BCBB46B146F0BD00212000FFF78CFD8146FFF7CEFD009007005F
:4013800002212000FFF783FDFFF7C6FD87422FD8009BC71AFA1D84239B009A422BD81848FFF76EFD83461748FFF76AFD019031005846FFF7ABFF041E01D00027D0E73300ED
:4013C000002201995846FFF7CDF80190002802D02700019CC4E73168009B9C4661443A00484604F08DF8019CBAE70027064CB7E70027064CB4E70027044CB1E703001A004D
:4014000000FA0710000200000F001A0004001A00F0B5D646474680B583B082460E001400170008CF9846FFF783FD050000233360072807D81D480023636003B0C0BCBA462D
:40144000B046F0BD00215046FFF721FDFFF750FD019004215046FFF71AFDFFF749FD060008215046FFF713FD02002B00083B39004046FFF7EFFD00280FD16568220029002A
:401480004046FFF7D5FEB04201D00948D3E72300022229000198FFF707F80028CBD16168230001220198FFF75DF8C4E703001A0008001A00F0B5D646474680B583B08246F2
:4014C0000E001400170008CF9846FFF731FD050000233360072807D81B480023636003B0C0BCBA46B046F0BD00215046FFF7CFFCFFF7FEFC019004215046FFF7C8FCFFF792
:40150000F7FC060008215046FFF7C1FC02002B00083B39004046FFF79DFD0028DDD16568220029004046FFF783FEB04201D00748D3E72300012229000198FFF713F8002899
:40154000CBD00348C9E7C04603001A0008001A0002001A00F0B5DE4657464E464546E0B583B005000E0001921C1E4AD0012808D9254F380003B0F0BCBB46B246A946A0464A
:40158000F0BD2248FFF77CFC82462148FFF778FC81462300002201005046FEF7E3FF071EE7D12068ED004019FFF7A2FC804620682B1D9B465844FFF79BFCB04502D1019B4E
:4015C0009842D6D0206832002900FFF79BFC2068019A5946FFF796FC25684B461E1F220031002800FFF724FE020031002800FFF789FC2300002249465046FEF755FF070033
:40160000B7E7014FB5E7C0460F001A0000FA071000020000F8B504001500002008602000FFF786FC092801D00D48F8BD00212000FFF72DFC077801212000FFF728FCFFF7BB
:4016400057FC060005212000FFF721FCFFF750FC02002B0031003800FFF77CFF2F61E4E703001A0010B50400080011001A00313C1B2C25D8A400144B1B599F46FFF7C8FE32
:4016800020E0FFF717FF1DE0FFF770FD1AE0FFF70BFE17E00123029C2370FFF701FD11E0FFF7FEFC0EE0002353600133029A1370002007E0FFF7AEFF04E0FFF741FE01E0E9
:4016C000FFF70EFC10BDC0467C570010F0B585B005000C008F68002303930B226A441370CB68002B00D101BE2368002B09D0A368002B08D02B68012B07D91F4E300005B0BF
:40170000F0BD01BEF3E701BEF4E7E2680B2169443800FFF747FD061E0AD13800FFF7B5FB382810D03B2816D02B68012B1AD0134E0B236B441B78002BE0D1039A3900300072
:40174000FFF74EFDDAE723002A0003A93800FFF745FC0600ECE702232B6009336B4401221A70E5E70A336B440093230003AA3900FFF778FF0600DBE70F001A0005001A000D
:4017800070B5002811DB8308134DC0339B005C5903221040C000FC3216008640B44389010A40824022435A5170BD0F230340083B9B0806339B00094A944663445C680322CD
:4017C0001040C000FC3215008540AC4389010A40824022435A60E7E700E100E000ED00E010B5072900D901BE1F2A00D901BE104B1B689C69001BC0095B6900011B18032978
:401800000AD81C68C9001F20884084431F2002408A4022431A6010BD04395C68C9001F20884084431F2002408A4022435A60F2E7F80F000830B5082900D901BE012A00D918
:4018400001BE846901231D008D40AC4313408B402343836130BD000030B5082900D901BE032A00D901BE4900074B1C688423E35C1818046803231D008D40AC4313408B4039
:401880002343036030BDC046F80F0008064B1B681A6880239B019C4660448000815880231B060B4383507047F80F0008054A80239B019C466044800083585B005B0883503E
:4018C0007047C04600002040082819D88000114B1B589F460A20012917D070470820FCE70C20F8E70D20F6E70E20F4E70F20F2E74B1EDBB2012B01D80E20ECE70820ECE75C
:4019000001BE0820E7E70B20E5E707231840E4E70020E2E7D45E0010C008704710B50400FFF7B4FF200002F027FE002805DB1F22024001239340014A136010BD00E100E08D
:4019400070B5050002F018FE040001238340DB435BB2094A11780B401370290002F0F2FD200000F0D1FC01002000FFF709FF2800FFF79CFF70BDC046150F0008F8B5EFF3C8
:401980000580103800B202F011FE012787403AE0274B1B689D6945E00221236860689847A468002C21D0227B07231340EA69DA40D207F5D5082B00D901BE1D4A1168842285
:4019C0008A5C521912685900CA40032108001040010001380128E0D9082B00D901BE2A69DA40D207D8D50121D7E70023072B07D86A6901229A406A616A690133DBB2F5E704
:401A00000123B3409F43002F10D0380003F026FCC0B21F26361A0E2EBAD8054B1B689D69F301ED18034BB200D458BAE7F8BDC046F80F00088C080008F0B589B00F000292F6
:401A40000393284B1B78002B16D1002405E0264BA2000021D1500134E4B20E2CF7D9002305E0224A590000248C520133DBB2052BF7D91C4B01221A7004AB0B221A70C608AD
:401A80005E70072505409D7007AA198811809B78937006AB1188198092789A7005A81A8802809B78837000F0B5FA041E02D0200009B0F0BD39000298FFF706FF02000E2EEE
:401AC0000BD80B4B1B689869F301C01800230093039B290001F01EF8E9E7054B1B689869F4E7C046F00E00088C08000880080008F80F000870B505000E00FEF7BAFEE9083D
:401B00008A000F4BD218136802E01A0008329B68002B05D013681C7BAC42F6D19B681360002E08D03368002B08D03573044B8900CA58B260CE50FEF7A0FE70BD01BEF4E716
:401B40008C080008F0B583B0050001921F00C408772840D8314B1B689A69E3019B18072606405B69F340DB0701D5002F0BD00E2C37D82A4B1B689B69E2019B185A69012231
:401B8000B2405A615B690E2C2FD8244B1B689869E301C0180A003100FFF75EFE0E2C28D81E4B1B689869E301C0183A003100FFF741FE2800FFF7B0FE0500002F25D10E2C84
:401BC0001BD8164B1B689B69E4011B199B695B0617D003B0F0BD114B1B689B6907260640BFE70E4B1B689B69C8E70C4B1B689869D0E70A4B1B689869D7E7084B1B689B69B7
:401C0000E4E72800FFF79CFEE3E7054A019900F093FB2800FFF782FEDBE7C046F80F00087D190010F0B585B0060001910024052C2DD8250003AF174BA10059180422380060
:401C400003F078FCBB78B34202D00134E4B2EEE7F308772E17D8104A12689069DB01C018072131400022FFF7BBFD03AB59784631C9B2019800F024FB002809D1074B6D0010
:401C80000022EA5204E0044B1B689869E8E7044805B0F0BD34580010F80F0008800800080008020470B582B006000024172C21D801AD114BA10059180422280003F03AFCF9
:401CC000AB78B34202D00134E4B2EFE7F308772E0CD80A4A12689069DB01C018072131400022FFF77DFD002002B070BD034B1B689869F3E70248F7E74C580010F80F000899
:401D000001080204F0B5CE46474680B587B00500424B1B78002B7AD0FF2879D0C708B9460E2F24D83E4B1B689B69FA019B180722024090469A690121404681408A439A619E
:401D400000212800FFF7D6FE2800FFF7E5FD4B460E2B13D8324B1B689A69FB019B189B695B060FD02800FFF79DFF00240FE02C4B1B689B69072202409046DBE7284B1B68E1
:401D80009B69ECE7FFF7DCFDECE70134E4B2052C13D803AE2349A300C9180422300003F0C9FBB378AB42F0D11F4B6200D15A0029EBD02800FFF736FFE7E74B460E2B22D87C
:401DC000174B1B689869FB01C018002300930022414600F09FFE03A80B2303704770043B2B40837005AA038813808378937004AB1188198092789A701A8802809B788370B3
:401E000000F032F904E0064B1B689869DDE701BE07B0C0BCB946B046F0BDC046F00E0008F80F000834580010800800080338C3B2182B13D898000B4B1B589F460A480EE0CB
:401E40000A480CE00A480AE00A4808E00A4806E00A4804E00A4802E00A4800E0002070470948FCE7F85E00100860001034600010306000102C6000100C6000100460001021
:401E800000600010FC5F0010386000100338C3B2182B0BD89800074B1B589F46012006E0022004E0102002E0022000E0002070471A20FCE75C5F0010F0B5D6464F4680B51C
:401EC00083B004000D0001921E00042830D01D2840D82200214B6100CB5A9946631C1D2B2AD8DBB21D495B005F5A012393401C4A134224D02000FFF799FF824637800028A6
:401F00001FD02000FFF7C2FFA8421AD96B0052469B5A4B449BB2019A9446634433806B1C83420EDA5D005346EB5A4B449FB208E001910D250524CCE781277F00D5E74D4410
:401F400035803388BB4207D2002003B0C0BCBA46B146F0BD0348F8E70248F6E7C05F0010280B0A0C000D020410B582B00400080011001A006B460633FFF79EFF00280ED19A
:401F80006B4606331B88D908C9B207221A40615C012393400B405A1E9341049A137002B010BD30B583B00400080011001A006B460633FFF781FF00280BD16B46DA88D30829
:401FC000DBB207210A40E15C012595402A000A43E25403B030BD30B583B00400080011001A006B460633FFF767FF00280DD16B4606331B88DA08D2B207211940A55C012329
:402000008B40DB435BB22B40A35403B030BD00207047000070B584B00400FEF72AFC060021786278A3780E480F256D440095FFF79BFF051E05D10F236B441B78002B06D0F7
:40204000084D3000FEF719FC280004B070BD21786278A3780248FFF7A4FF0500F1E7C046F40E0008010D020470B50400FEF701FC050021786278A3780448FFF7ACFF002893
:4020800000D001BE2800FEF7F8FB70BDF40E0008020000230020002B00D07047002A00D018000133DBB2F6E710B50400FFF7F0FF200010BD0020122808D8064B1B5C002BDB
:4020C00002D10130C0B2F6E740B2704701204042FBE7C046985E001070B505000C00FFF7E9FF0300114A525D002A10D0104A11688A687420085A1218A400EB1A10337620C1
:40210000095A4B43E418A4182068C0B270BD084B1A6893687421515A5B18A4007621525A6A43A418E4182068EFE7C046985E0010F80F0008F8B5CE46474680B507001500E8
:402140001C0008AB1B78984609AB1E78234B1B5C002B17D0411ACDB22800FFF7A5FF000204432800FFF794FF000404431C482043002E04D04246002102F036FF24E002F06E
:402180008DFF21E0FFF790FF030299461D433800FFF77EFF0304280018434A46224313438021C9051943002E12D10E4B1A6893687421515A5B18A4007621525A7A43A41884
:4021C000E418002323600020C0BCB946B046F8BD4346002202F0A2FEF6E7C046985E001000100040F80F0008F0B5CE4600B584B00C0002924508EDB2012318408146FFF70B
:4022000059FF03906B2C45D8264B1F5D1B57002B13DB122F40D8244B1E5D00243A00234B7900CB5AA34230D9214BB900CB581B5DAB4208D00134A4B2F0E77F233B40C2B274
:402240009B18DFB2E5E71B4B9B5C002B01D0A64224D1029D022D07D031003800FFF73CFF00281DD1002D0ED0E2B26B46197B029D013D6B425D4101954B4600933300380092
:40228000FFF758FF02E0002000E00B4804B080BCB946F0BD0848F9E70748F7E70648F5E70648F3E718590010AC580010AC5E0010B4040008985E0010010C0204000C0204B7
:4022C00010B50222FFF790FF10BD000070B54300C01885B22A00002010E0D308D1B207241440EEB2891BC9B2064EF35C2341012423408B401843C0B2013292B2EB1C9A42D5
:40230000EBD370BD180F0008F8B506000024FF2700E00134AD2C0CD8A5B2280002F02CF9B042F6D12800FFF7D1FF8742F1D90700EFE73800F8BD0000F0B583B006000F002D
:4023400011000023072B13DC0B4A15782C001C41E40701D50133F5E70120984005431570DBB2684603804680019702F051F900E0024803B0F0BDC046150F0008020D0204DD
:40238000F0B5C64600B50400884616001F0005E0012342461370002B1AD0E4680E4DAC4216D02568002DF8D020793040B042F4D163793B40BB42F0D0A26839003000A84754
:4023C0000028E5D1012F01D00123E2E70023E0E7200080BCB846F0BD89070000F8B504000F00160000E0E468BC420ED02568002DF9D023793340B342F5D163799B07F2D421
:40240000A26802213000A847EDE7F8BDF0B5D646474680B585B00D0000F036F90400804602AB0122DA71102828D8214BC340DB0724D5204B1E68204B1B689A4602ABDF1D14
:4024400023002A0039003000FFF79AFF01903B78002B19D1504602AB07331B78002B02D14346012B17D002AB07331B78002B1DD0002005B0C0BCBA46B046F0BD0D4B1B68B3
:402480009A460D4B1E68D9E723002A0039005046FFF776FFDFE72A0001005046FFF79EFF2A0001993000FFF799FFDCE70348E0E7040101000005000804050008FF00420041
:4024C00070B50C0020212000FFF7A0FF0500042C01D0280070BD002001F0A8FF034902F031FE0100012002F059F9F2E740420F0070B50C0010212000FFF788FF0500082C2D
:4025000001D0280070BD002001F090FF034902F019FE0100002002F041F9F2E740420F0010B508000821FFF771FF10BD10B50400FFF76CFF042C02D0082C15D010BD0F4B34
:402540001B68DB0705D50E4B1B78002B02D0012300E000230B4A1370002BEFD0074A136801218B431360E9E7064B1B78002BE5D0024A136801210B431360DFE710E000E047
:40258000F00F0008F10F000810B50800012903D1044B1B88002B03D10221FFF7C7FF10BD0148FCE7F20F0008FF00420010B508000121FFF7BBFF10BD70B504000D00160076
:4025C00004491C2202F0B6FF26602571200002F0B1FA70BD6C60001010B502F071FC002808D1194A19480021FFF7E6FF002804D1174810BD02F0E8FAF3E7164A164801212B
:40260000FFF7DAFF002801D11148F2E7134A14480221FFF7D1FF002801D10D48E9E7114A11480321FFF7C8FF002801D10848E0E70E4A0F480421FFF7BFFF002801D0002097
:40264000D7E70348D5E7C046AD250010CC0F0008011A020489250010B00F000821250010940F0008F12400105C0F0008C1240010780F0008002800D001BE024B8000C15072
:402680007047C046F40F0008042806D006D8012803D0022801D001BE012070470828FCD0F9E70000014B18607047C046F80F0008074B1A683723D35C834200D801BE044B70
:4026C0001A68136ABE21525A504318187047C046F80F0008C00543425841C0B270470000A0231B0698422BD015D880282AD009D8102829D0402801D11B482DE000282BD08E
:402700001A4829E080235B0098421FD0184B984222D0164820E0174B984219D008D8164B984217D0154B984217D1A420C00313E0134B984213D0134B984212D112480BE09C
:40274000002009E0114807E0114805E0084803E0104801E0A020C00370470448FCE70E48FAE70248F8E7C04602005000FF00520006005200030000F0090000A0010000F00F
:40278000040000F0050000F0030052000500520001005000010052000200520010B50020FFF786FF0A4B1C68C023E3581B181B68002B0BDB074B1868FFF792FF6368012227
:4027C0009A6063689B68002BFBD110BD0248FCE7F80F00080C1000080200500070B504000D00FFF777FF002827D0002D27D0FEF74DF8144B144A1A6000225A609C60DD6030
:40280000124B1A685623D35C002B10D001F02BFEFA21890002F096FC01000D4802F092FC0C4BC1188020400002F09AFE06E080200021400002F094FE00E0074870BD06483F
:40284000FCE7C0460C10000800010005F80F0008C0EA2101482600000600520010B5072900D901BE1F2A00D901BE104B1B689C69001BC0095B6900011B1803290AD81C68E5
:40288000C9001F20884084431F2002408A4022431A6010BD04395C68C9001F20884084431F2002408A4022435A60F2E7F80F0008072900D901BE012A04D901BE01238B4022
:4028C00083607047002AF9D101238B404360F8E730B5072900D901BE0F2A03D8012A01D0092A00D101BE8900074B1C688523E35C181804680F231D008D40AC4313408B404E
:402900002343036030BDC046F80F000830B5072900D901BE012A00D901BE074B1C688623E35C1818046801231D008D40AC4313408B402343036030BDF80F000830B508290C
:4029400000D901BE012A00D901BE846901231D008D40AC4313408B402343836130BD000030B5082900D901BE032A00D901BE4900074B1C688423E35C1818046803231D0066
:402980008D40AC4313408B402343036030BDC046F80F0008F0B5D6464F464646C0B507000E001400002800D1ACE0002A00D1ABE0072900D901BE2368012B00D901BE636805
:4029C0000F2B03D8012B01D0092B00D101BE237A1F2B00D901BEE368032B00D901BE2369012B00D901BE6369012B00D901BE236A012B00D901BE636A012B00D901BEA36AA2
:402A0000012B00D901BEE36A032B00D901BE236B072B00D901BEE369032B00D901BEA369012B00D901BE01252B00B3407000103003229146110081400B439C46334B984637
:402A400019688723C95CC9190B68624693439C46A3692B40B340624613439A46E2694B4613401A008240534613430B60227A31003800FFF7F3FE626831003800FFF728FF68
:402A8000E26831003800FFF76BFF226931003800FFF754FF626931003800FFF737FF43461A688823D25CBA181068773398469843236A2B40656A6D00AC46022561460D4094
:402AC0002B43A56AA90004250D402B43E56AE90018250D402B43256B6D01414629400B43B100FE25AD0029408B4003431360226831003800FFF7DCFE0020E0BCBA46B1467C
:402B0000A846F0BD0248F8E70148F6E7F80F000801005A00F8B506000C0015001F0006AB1A78072900D901BE0F2D03D8012D01D0092D00D101BE012F00D901BE1F2A00D97D
:402B400001BE21003000FFF789FE336801210A00A24093433940A14019433160074B1A688523D25C92191168A400763B1800A04081432B40A3400B431360F8BDF80F000850
:402B8000094B1A68C023D3581B181B68002B09DA80235B02994200D301BE0904090C4160002070470148FCE7F80F000801008A000368002B0ADAC26080235B02994200D356
:402BC00001BE0904090C8160002070470048FCE701008A0000290BD0074B1A68C023D3581B181B68002B05DAC3680B600020704701BEF1E70148FAE7F80F000801008A0018
:402C0000074B1A683723D35C834200D801BE044B1A68136ABE21525A504318187047C046F80F0008034B1B68002B00D07047014B1860FBE720100008F8B507000D0016003B
:402C40001F4A1268002A39D01D4A14682C2078432418FF22100018402060190A0A4062601B0CA360FFF7CCFF20616368154A116838228A5C934200D301BE124A1268126AD8
:402C800080335B01D2186261A368802149028B4200D301BE802149028B4200D301BE1B04190C0B439360E66125620023A361069B002B02D000229B5EA381F8BD01BEC3E742
:402CC00020100008F80F0008F0B58FB00400082200210CA802F026FC002C40D06368032B00D901BEE36A002B3BD0236B002B3AD007A80300220062CA62C322CA22C302AED9
:402D0000230014333200A2CBA2C222CB22C20822835E0CAD2B80079B9BB217336B80089B0D93E16AA26A0B9B0A980095FFF784FF069B0598002200920021FFF77DFF216BC1
:402D4000280001F065FC0022AB5E002B05DB1F221A4001239340054A13600FB0F0BD01BEBCE701BEC1E701BEC2E7C04600E100E0F0B5CE46474680B583B00400171E019370
:402D800042D0264B1B68002B40D0244B1D682C235C432C194B43ED186868214B1A683823D35C9946190002F053FA012633008B401B0498466068494602F04AFA33008B40EC
:402DC0002269002A24D0A869002823D11268002A22DA3A681204120C3A6041460A433A602269D7600122AA61019A6A622269802149028B4200D301BE1B041B0C936003B066
:402E0000C0BCB946B046F0BD01BEBAE701BEBCE70448F4E70448F2E70348F0E720100008F80F000804028A0007028A0070B582B004000023019300282BD02369002B2AD0F4
:402E40006369002B29D0236A002B28D06369DD682A0C0BD012041A601B682069204B1A68C023D3581B181B68002B1ADB2D042A0C002D0AD063691A601B68636A002B2AD0FA
:402E80009847002363620023A36163691B6802B070BD01BED1E701BED2E701BED3E701BED4E701A9FFF796FE00280ED101980268160CFF231340E2699A4207D9226A9B0011
:402EC000D358002B02D0984700E0002620693100FFF756FECAE7A36A002BD4D09847D2E7F80F000810B50200064B1B68002B07D0044B1B682C2050431818FFF797FF10BDB6
:402F000001BEF5E720100008074B1A683723D35C834200D801BE044B1A68136ABE21525A504318187047C046F80F000870B50D001C4B1A683723D35C83422ED900292ED006
:402F40000B681F2214001C401A4201D0164825E0FFF7DAFF154B186005E06B68A2009B1800221A6001342B685B09A342F5D80021FFF706FE0D4B18682A000021FFF718FE25
:402F8000002801D00A4809E0084B18680021FFF7F7FD002802D0064800E0034870BD0248FCE7C046F80F000803018A002410000801018A0010B50C00002A03D000290BD1F4
:402FC000084810BD002901D00648FAE7FFF79CFF054B18602000F4E704490C604A60FFF7A5FFEEE703018A002410000878080008F0B5C64600B50C001B4B1B68002B2FD08E
:40300000DB681A6882422DD947091F220240012595405E6800290FD000239846124B18680368002B16DABF00F61933681D4207D0AB433360002504E0FDF71BFC8046EDE733
:403040000A4D0021FFF79CFD002C05D0280080BCB846F0BD064DF7E74046FDF70EFCF5E7024DF3E7034DF1E724100008020188000301880004018A000C4B1B68002B0FD091
:40308000DB681A6882420DD941091F2210401E3A8240586889000B581A4205D0044802E0044800E0044870470448FCE724100008010188000201880004018A0000018800DA
:4030C000074B1B68DB6CC340DB0700D401BE044B1B681B6910308002C3580F2018407047F80F000830B5C0239B00C45808252B002340254206D000230DE0D024A400045940
:40310000CC5401339342F8D330BDD024A40005595C000D5301339342F7D3F5E710B51400C2239B00C358DB05DB0D9A4200D31C002200FFF7D7FF200010BD30B580239B0048
:40314000C45808252B002340254206D000230DE0CD5C9024A400055101339342F8D330BD5C00655A9024A400055101339342F7D3F5E710B5140003681B050ED5802282238D
:403180009B00C358DB05DB0DD31AA34200D81C002200FFF7D2FF200010BD4022EFE7F8B506000D00140080239B00C35808271F4002E00300ED18241A002C08D0220029008B
:4031C0003000FFF7D6FF002FF3D04300F2E7F8BDF0B5002800D16DE1002900D16CE10B78022B00D901BE4B7B023BDBB2062B00D901BE8B7B002B04D0022B02D0032B00D03B
:4032000001BE2123CB5C012B00D901BE2823CB5C012B00D901BE0B78012B07D98B7F002B09D04B68013B062B05D903E04B68083B082B00D901BE8B68053B042B00D901BE31
:403240004B69FF2B00D901BE8B69FF2B00D901BE8B7C002B06D00B78002B02D18B68092B74D001BE4C6B964B1C4200D001BECC6B944B1C4200D001BE0B78022B6AD04D6848
:40328000013D0B7F002B6AD080235B028C68082C67D88024240123430F242C4023438024A404234303600C6B03681B055BD580239C4200D301BE8C6B03681B0555D580239D
:4032C0009C4200D301BE4C6A03681B054FD580239C4200D301BE0B781B06C024A404234003644B7F002B44D040238C7C002C42D08024E40023430C7C002C3ED08024640082
:4033000023434C7C002C3AD08024A4002343CC6A013C2404F0252D032C4023434D7B013D07242C4023438D7B2D0130242C40234383640B7B002B24D080246400CB7B002B65
:4033400021D10B78022B46D000231EE08B7B002B88D086E78B7F002B91D1002591E7002394E7002497E74023A2E74023A8E74023AEE70023B9E70024BCE70024C0E70024BB
:40338000C4E70024DAE780239B001C438D68013D0F231D402C43C026B60084514D69FF242C408D692D04FF273F043D402C43C425AD004451CC6A85592B4003339C4201D3EB
:4033C000102C00D901BECB7F002B07D00B78012B60D0002503E080239B00D6E700254C7B013C072323402B438D7B2D0130242C40234343640B7B002B4FD080256D008C68CE
:40340000013C0F2323402B430C78012C47D0002423438024A40003510C6BFF232340C124A40003512023CB5C002B3BD080239B0421240C5D012C37D00024234328240C5D82
:40344000012C34D0002423434D6AFF2425402B4303658B6B1C4081239B00C4504B6B1A4C23401A4C0351CB6B194C2340194C0351002A23D00023536013609360D3601362E6
:40348000D361D3625363897F3033D154124B93630020F0BD80256D00A1E70025AFE780246402B5E70023C3E780246404C5E780246402C8E70948ECE70848EAE70020E8E7D0
:4034C00092F4FFFF8CF8FFFF6D0B0000C80F000073070000880F0000EFCDAB000160AA0003685B005B080360002904D000234B600B600B62CB62704710B5002814D10329E3
:403500002ED8FF2A2ED81A4B186883687C24005B1B188900C9180B68164803401206120C1A430A60002002E0012801D0124810BD072919D880235B029A4217D20C4B1868FD
:4035400083687E24005B1B188900C9180B680B48034012020A48024013430B600020E6E70548E4E70448E2E70348E0E70248DEE7F80F0008FF00FFFF01004A00FF0000FFC4
:4035800000FFFF0030B51A4B1B6846241C5D844227D9032927D8002901D1032A0FD9012905D0022906D0032907D012481AE0072A05D9F6E7012AF6D801E0002A15D1792492
:4035C0001D5D763C2140A94075341C5D22409C680A43C0239B009C46604480000251002000E0044830BD0348FCE70248FAE7C046F80F000801004A0070B50B00032833D851
:40360000002801D103290FD9012805D0022806D0032807D0164826E0072B05D9F6E7012BF6D801E0002B21D1124A14687B22A25C032191407822A55C0232A25C2E009640FA
:4036400031437922A65C763A0240B24011432B40A068194380231B060B438022D2008350A3689B58002070BD0148FCE70048FAE701004A00F80F000810B5032827D80028C8
:4036800001D103290FD9012805D0022806D0032807D011481AE0072905D9F6E70129F6D801E0002915D10D4B1A687923D45C763B0340A3407820105C014090680B43802254
:4036C000D20513438022D2008350002010BD0248FCE70148FAE7C04601004A00F80F0008064B1B681A688C215B58D218136804490B400002034313607047C046F80F000878
:40370000FF00FFFF044B1A6813688C2152589B181868000AC0B27047F80F0008012800D901BE054A136805490B400002C0218900084003431360704700002740FFFCFFFFCC
:4037400010B50300032800D901BE054CA021C90060580322904313401843605010BDC04600002640064B1B681A688C215B58D21813681B021B0A0006034313607047C046C3
:40378000F80F0008044B1A6813688C2152589B181868000E7047C046F80F0008064B1B681A6890215B58D218136804490B400002034313607047C046F80F0008FF00FFFF0F
:4037C000084B1A684423D35C834209D9064AE0308000815880231B060B438350002070470248FCE7F80F00080000264001004A0010B50B4B1A684423D35C83420CD90F2940
:403800000CD8084CE030800003590F2293430A4013430351002010BD0348FCE70248FAE7F80F00080000264001004A00064B1A684423D35C834200D801BEE0308000034BC0
:40384000C3580F2018407047F80F00080000264010B50C4B1A684423D35C83420DD903290DD8094CE030800003593022934309010A4013430351002010BD0448FCE70348BC
:40388000FAE7C046F80F00080000264001004A00074B1A684423D35C834200D801BEE0308000044BC3581B09032018407047C046F80F000800002640034B1B690420184082
:4038C000431E9841C0B270470000274010B504000A4A136808210B43136003E0012000F0EFFE013CFFF7E8FF002801D1002CF5D1002C01D0002010BD0148FCE70000274018
:4039000002004A0000207047002070470349044A885880231B0603438B507047000026400C050000084AC0235B00D3580122100018401A4206D10449044A8B585B005B084B
:403940008B5070470248FCE7000026400C05000003004A00064A074BD35801229343002800D1002213430249024A8B507047C046000026400C050000014B18687047C0465E
:4039800034100008084AA623DB00D25803231340032B06D0044AA623DB00D3580120184070470220FCE7C0460000264010B5FFF7E9FF022801D0002010BD014B1868FBE727
:4039C00030100008124B1A684223D35C83421BD9042911D94B1EFF3B9BB2132B16D81F220A400C490300C0339B005A50D030800004234350002008E007230B40D0308000CE
:403A0000044A8350002000E0034870470248FCE7F80F00080000264001004A0003000C4A116842228A5C824200D801BE1A00D03292000849505807221040042800D070472C
:403A4000C0339B005A581F231340FC301843F6E7F80F00080000264010B52A4B1A684223D35C834200D801BEFFF7D8FF88235B0098422AD012D8022824D008D800283ED027
:403A8000012802D1FFF778FF10BD0020FCE7032802D1FFF737FFF7E70020F5E789235B00984229D01423FF3398421BD01223FF33984205D1FFF700FF002810D10020E3E7C2
:403AC0000020E1E7FFF772FFDEE70F4A0F4BD358002B01DB0020D7E780200002D4E780200002D1E7084A0A4BD358002B01DB0020CAE780200002C7E7FFF706FFC4E705484B
:403B0000C2E7C046F80F0008000026400C0500003C05000000127A00024AB023DB00D058C00F704700002640034AB223DB00D358012018407047C046000026400B4BB1208A
:403B4000C00019580A4A1140802292050A431A50B021C9005A58520052085A5005495A58520052085A5000207047C04600002640FFFFFFCF8C05000070B5041E00D175E07A
:403B8000FFF7CAFF002800D074E022688023DB029A4200D301BE23689B039B0BE279002A00D165E08022520413433349B022D2008B50A28880239B019A4200D301BE22894D
:403BC00080239B009A4200D301BEA388DB04DB0C2289120429490A4013432749284A8B50A37A0F2B00D901BEE37A0F2B00D901BEA28980239B019A4200D301BEA27A0F2354
:403C00001340E17A0901FF220A401343A28912021C490A401343A27B1207C02189050A4013431549B122D2008B50A379042B00D901BE228A80239B009A4200D301BE0E4813
:403C400011494358114A1340A2791202E025ED002A401343435043580D4A1340228A1204064C224013434350002070BD01BE87E7002299E70748F8E7000026400000FF01D9
:403C80008405000000FF1F008C050000FFF8FFFFFFFF00FE03004A0010B5002832D01A49B023DB00CB589A03920B02608022520413405A1E9341C371144BCB58DA04D20CC6
:403CC00082801B0CDB05DB0D0381B123DB00CB580F2214001C4084721C092240C2721A0AD204D20C82811B0F032213408373084BCB58190A04320A4082711B0CDB05DB0DBD
:403D0000038210BD01BECAE700002640840500008C05000070B505002649274A885880231B0603438B502C0003E0012000F0C8FC013C204AB223DB00D3585B0701D4002CA9
:403D4000F3D11C48B121C90042581C4B1A4080239B0513434350002D01D0002C0CD01549B022D200885880231B0603438B5003E0012000F0A5FC013CFFF7D6FE002801D196
:403D8000002CF5D1002D01D0002C0ED00949B122D2008858C0239B0503438B50002D02D0002C05D00025280070BDFFF7C7FEF5E7034DF8E7000026408C050000FFFFFFCF8B
:403DC00002004A000138074B1A684323D35C834200D801BE8130FF308000034BC058C00F7047C046F80F0008000026400138074B1A684323D35C834200D801BE9130FF30C4
:403E00008000034BC358012018407047F80F00080000264070B501380D4B1A684323D35C834201D80B4870BD0B4D8130FF30840062590A4B1A4080239B0513436351012075
:403E400000F03EFC63595B005B0863510020EAE7F80F000801004A0000002640FFFFFFCFF8B504000D002F4B1A684323D35C834201D22D48F8BDFFF7A5FF002845D1AA7862
:403E8000931EDBB20E2B42D86B78002B41D0122B41D82E783000E978002932D01327B8423BD300292FD03827B84238D8013C2879022816D07F2030401B02F82676013340A5
:403EC00003431204F820400302401343C9068022120511400B4322008132FF3292001349535012498134FF34A4006358104A13402A791207C02080050240134363500020DA
:403F0000B8E71627CBE77027CEE70A48B2E70648B0E70548AEE70448ACE70348AAE70248A8E7C046F80F000801004A0000002640FFFFFFCF03004A000138114B1A68432305
:403F4000D35C83421AD98130FF3080000D4BC3587F221A400A70180A1F2210404870180C02408A70802212051A40501E8241CA701B0F032213400B71002070470248FCE7A7
:403F8000F80F00080000264001004A0070B50C00461E2A4B1A684323D35CB3424BD9284933008133FF339B0058588022120602435A50250003E0012000F082FB013D330082
:403FC0009133FF339B001E4A9B58DB0701D4002DF1D1002C01D0002D19D033008133FF339B00174A9B58C0229205134080229205934201D0002070BD114A8136FF36B6001F
:40400000B158C0239B050B43B3500020F3E70C4C8136FF36B60032590A4B1A4080239B0513433351012000F04BFB33595B005B0833510548DFE70548DDE7C046F80F0008FA
:4040400000002640FFFFFFCF02004A0001004A00F8B5042928D00AD801291BD0022904D1844B00221A70002693E0834E91E008290ED1824B1B88002B00D1DCE0804CFFF75E
:4040800081FC022800D17EE0002C7CD0013CF6E7794E7EE07B4B1B78002B00D0E8E0754B01221A70002674E0744B00221A80764B1A80002405E02000FFF784FE00280BD1F5
:4040C0000134724B1A684323D35CA34259D3002CF1D1FFF721FDF1E72000FFF79FFC02280CD0002CECD16A48B121C9004258694B1A4080239B0513434350E1E7002C15D131
:404100006348B121C9004258624B1A4080239B051343435000212000FFF754FC0123A3409BB2564A11880B431380C9E7631E22008032FF32920056495158C022920511429B
:404140000CD01A008132FF32920051495258C02189050A40802149058A4206D10122A24092B24949088802430A8049488133FF339B001958474A1140802292050A431A50B5
:40418000C8E7002605E0002C52D1434E394B00221A703000F8BD013CFFF7C6FC002801D1002CF8D1002C0AD0002D26D13849B122D2008858C0239B0503438B502E00013534
:4041C000324B1A684323D35CAB42DFD30123AB409FB22A4A12881342F1D002212800FFF7F1FB002DD8D000E0013C2800FFF7FEFD0028D7D1002CF7D1D4E7234B1B883B42C3
:404200000AD023492B008033FF339B005A58214802405A500026D2E71D492B008033FF339B005858C022920502435A500026C6E70025194EC4E7FFF76FFC002814D10026E0
:40424000A4E7013CFFF770FC002801D1002CF8D1002C0BD00E49B122D2008858C0239B0503438B50002691E7054CEBE70A4E8DE7014E8EE72C100008FF0042002A10000886
:4042800040420F002D10000828100008F80F000800002640FFFFFFCF02004200D0B588B003A8FFF7F9FCFFF737FC002807D003AB9B7B022B01D0012302E0002300E00023FA
:4042C00003AA039F96883000D279002A21D00224002B20D000281FD00020FFF7BDFB3A000023002100F0F8FF00900191220000233000002100F0F0FF02000B00C90756085E
:404300000E435F08009801998019794100F0C4FF02E00124DCE7002008B0D0BDF0B5CE4600B584B00400304B1B6843229A5C002A51D0002855D042229B5C834200D801BE10
:40434000294B1A684323D35CA34201D2002543E002A92000FFF7F0FD051E01D000253BE02000FFF72FFD002807D002AB1B79022B01D0012202E0002200E0002202AB1978E9
:4043800089465F789E78002A26D0002F21D0002E01D1350020E02000FFF75EFB4A460023002100F099FF00900191320000233800002100F091FF02000B00C90754080C4329
:4043C0005D08009801990019694100F065FF050002E03D0000E00025280004B080BCB946F0BD0500F8E7C046F80F000810B504000D4B1A684223D35C834200D801BE002C6A
:4044000009D0094B1A684323D35CA34208D22000FFF722FB10BDFFF741FF0028FAD1F6E72000FFF77BFFF8E7F80F000870B50600FFF72EFA0500012484403000FFF7F6F9A9
:40444000FFF7D4FF64082018E84070BD10B50020FFF7ECFF0400FFF795F9411C4808001900F070FE10BD10B5FFF7F0FF0400FFF749F9411C4808001900F064FE10BD000070
:4044800070B5002811DB8308134DC0339B005C5903221040C000FC3216008640B44389010A40824022435A5170BD0F230340083B9B0806339B00094A944663445C680322A0
:4044C0001040C000FC3215008540AC4389010A40824022435A60E7E700E100E000ED00E010B5174B1B682C229A5C1F2A12D884081F2822D803221040C000FC3282401B680E
:404500002033A4001B191C688140614011406140196012E040229A5E0BB29A420ED007220240074B1B68186880231B061343802292019446614489000B5010BD01BEEEE769
:40454000F80F000810B50B4B1B682C229A5C1F2A0AD91A6880239B019C46614489008B585B005B088B5010BD4022995AFFF7B8FFF9E7C046F80F00080B4B1A684023D35EA1
:40458000116880229201821892005258002A01DB18B2704780239B019C4660448000425807231340F4E7C046F80F00080A4B19684023CA5E072318400B68882149018C4689
:4045C000634480001B181968002901DB90B270471A689205920DF9E7F80F0008094B9A68094B9A4204D01030084B8000C0587047002905D01030044A830098589950F6E73A
:4046000001BEF7E700ED00E0000400080000001070B504000D00002830D04368032B00D901BE0023E05E002815DB6188FFF758FF0023E05E6168FFF723FF114B9A68114B7A
:404640009A4201D0002070BD0023E05E2900FFF7C5FF0020F7E761680223E05EFFF710FF074B9A68074B9A4201D00748EBE70023E05E2900FFF7B2FF0348E4E70248E2E7FF
:4046800000ED00E0000400080100560070B504000A4B19680120404200F054FD050005E0064B18686843FCF7DBF8641BAC42F7D8024B18686043FCF7D3F870BD8404000894
:4046C00010B5034B1B785843FCF7CAF810BDC04682040008054B802212069A649B6C002B01DB002070470248FCE7C04600002740030046000E4B8022120198585B68FF22B1
:404700001A4202D080231B061843094A094BD3581B0402D080235B021843054A054BD25880235B029A4202D380239B02184370470000264004080000094B01225242802124
:4047400009015A5007495A505B680132FF321A4204D0034A5368FF218B4353607047C0460000264004080000FEE7000010B50268094B1A6042685A6082689A60C268DA60CE
:4047800002691A6142695A6182699A61C269DA61FFF7EAFF10BDC046C8080008F0B5C64600B5002833D019238B429B415B42314C22681668B027D25BB61832680325AA43BE
:4047C0002B401A43326026683268F65B92191768294E3740176027683A689046B2229446BF5A3A0042441768AF433B431360226813686446125B9B181A6832401A60002802
:4048000007D010291DD9212927D801201AE06423CAE7184B1B6859229A5C8A421FD25A229A5C8A421DD25B229A5C8A421BD25C229A5C8A4219D25D229B5C8B4217D30420ED
:4048400000E000200B4B1B685A6813680F218B430343136080BCB846F0BD0220F2E70020F0E70120EEE70220ECE70320EAE70520E8E7C046F80F0008FFFCFFFFB0235B057E
:404880005B78002B04D0B0235B055878C0B270472120FCE7B0235B059B89002B04D0B0235B05988980B2704780204000FBE70000074B1A683723D35C834200D801BE044B79
:4048C0001A68136ABE21525A504318187047C046F80F000870B5FFF7DDFF80235B0098421AD0B0204005174BC358174A1340174C21680A68A025495952181168C025AD0066
:4049000029400B43136022681368A42152589B180F4A82581A6070BD0C4C23681A68A0215B58D21813680F2083439E390B43136023681A68A4241B59D218136883430B43BF
:404940001360E8E748180000FFFCFFFFF80F00084418000070B5FFF79DFF80235B0098421AD0B0204005134BC358134A1340134C21680A68A025495952181168C025AD0044
:4049800029400B43136022681368A42152589B180B4A82581A6070BD084B1A681368A02152589B181968074A11408022D2010A431A60F0E750180000FFFCFFFFF80F0008BC
:4049C0004C180000FF8FFFFF10B5FFF763FF80235B00984212D0B02252050F4BD3580F4A13400F4A11680A68A020095852181168C020800001400B43136010BD084B1A684A
:404A00001368A02152589B181968064A1140C022D2010A431A60F0E71C180000FFFCFFFFF80F0008FF8FFFFF70B5FFF733FF80235B0098421BD0B0204005184BC358184A9B
:404A40001340184C21680A68A025495952181168C025AD0029400B43136022681368A42152589B18C122520182581A6070BD0D4C23681A68A0215B58D21813680F2083436C
:404A80009D390B43136023681A68A4241B59D218136883430B431360E8E7C04624180000FFFCFFFFF80F000870B5204B1A681368A02152589B181C68C0231B011C40FFF791
:404AC000E9FE80235B0098421FD0184908680368A02280581B181868154D284018600868036880581B181868C0252D012E00A6433043186009680B688A589B181868284061
:404B0000001B431E9841C0B270BD0020FEF7D8FA0400FFF7B3FE222803D8002C03D10120F2E70120F0E70020EEE7C046F80F0008FFF3FFFF30B500283CD0C368002B3BD064
:404B40000368002B3AD005791E4BAA00D258002A28D0140000E01A005369002B07D0824205D0197E027E9142F5D81C00F3E7824226D02369002B08D0636943610461002B5D
:404B800000D018616061012015E0027E237E9A42F2D244610023036120610A4BAD00E850012008E0074BAD00E850002343610361012000E0002030BD0020FCE70020FAE7B0
:404BC0000020F8E73810000810B5FBF752FE074B5968074C2140E82292010A435A605A6822405A605B68FBF748FE10BD00002640FF00FC0FF0B5C64600B50700012800D96F
:404C000001BEFFF73BFE0400FFF744FE06000020FEF756FA051E1BD180235B009E4205D0274D80235B009E4217D136E0222C38D8244B1B68586824494358244A1340984616
:404C40003A0680235B041A4043461343435000E01B4D80235B009E4225D00020FFF728FE040080235B009E4220D0002F24D0184A01212000FDF79CFF00280ED1114B1A68C2
:404C8000C023D3581B191B68002BF7DBE3681B0E1B06A0221206934210D0280080BCB846F0BD074DD5E7222CD7D8BAE7002F01D0084ADDE7084ADBE7084AD9E70500ECE73D
:404CC00004004200F80F000818F00000FFFFFFFE0300000C01010030010000300100000C074A084BD2581F231340B0214905E822D200885CC01A431E9841C0B27047C04658
:404D0000000026401CFF0000044B186880231B04184043425841C0B27047C0460000264010B5FFF7F1FF002810D01C4A13681C490B4013600820FFF7C3FC6423174A126860
:404D4000002A09DB002B07D0013BF7E7134A136814490B401360EDE7002B01D1124810BD0E4A136811490B4013600120FFF7A8FCFFF7CAFF002801D10020F0E7FFF7B0FF23
:404D8000012801D00020EAE7B0225205084BD158024A084BD1500020E1E7C04600002640FFFFFBACFFFFFBAD02004200FFFFFFFB10180000307F000010B5FFF7A5FF00286A
:404DC00008D0054B054A10681840C01A43425841C0B210BD024BF5E7000004530000264000000452F8B50400012800D901BEFFF75BFE002802D12C4D2800F8BDFBF739FDBF
:404E00000600002C15D1294A294B0021D150B0225205E823DB00D75CFFB20120FFF7EAFE051E03D03000FBF728FDE5E7FFF752FD19E0FFF7C1FF002823D01C4A1C4B5021E9
:404E4000D150B02252051B4BD75CFFB217491A4A8B581F208343143803438B500838FFF72FFCFFF777FD1148134943581F2293433A4013434350002C0BD1FFF7A5FD00252B
:404E8000D0E7B02252050D4BD158084A084BD150D7E70720FFF714FCFFF7C6FD0020FFF7A9FE0500BEE7C0460300420000002640307F0000410700001CFF000010180000D5
:404EC000024B58688003C00F7047C04600002640094B5B6CFF2212021340E8229201934200D0704704494A6C044B1A40E8239B0113434B64F5E7C04600002740FFC5FFDF51
:404F000004494A6C044B1A40E8239B0113434B647047C04600002740FF00FFFFF0B5D6464F464646C0B582B007000C0001921E00012B00D901BE80235B019F4200D301BE75
:404F4000264B1A687623D35A9B08013B244A134322009A4301D1630000D401BEF02212013B0063401D001540134207D01D4D280002B0E0BCBA46B146A846F0BDFBF779FC94
:404F80008046164B186881687423C35AC9187623C25A9308013B23409B009A467223C35A1C40240A6243130053445B181A68920A9102FF223A40019800280DD08024640072
:404FC000224376028024A400264032430A431A604046FBF752FCCAE72C00F1E7F80F0008000F00400100CE00F0B5C64600B504000E001500012A00D901BE234B1A68762369
:40500000D35A9B08013B214A134322009A4304D11F4B22001A409A4200D001BE1A4B1A683323D35C1F2B03D81A4880BCB846F0BDFBF71FFC144B1F68B9687423FB5AC918C3
:405040007623FA5A9308013B23409B0098467223FF5A3C40240A6243130043445B181A680D490A40002E0CD00224FF346D02802189000D4025432A431A60FBF7FEFB002081
:40508000D3E70124F2E7C046F80F0008001F0040001000400100CE00FFFCFFFF70B504001A4B1A687623D35A9B08013B184A134302009A4304D1174B02001A409A4200D021
:4050C00001BE124B1A683323D35C1F2B01D8124870BDFBF7CEFB0D4B1A6891687423D35AC9187623D35A9D08013D7226925B2240120A53432C40A4001B195B181A680749E5
:405100000A401A60FBF7B9FB0020E1E7F80F0008001F0040001000400100CE00FEFCFFFF0749C02252008B589B009B088020C00503438B50885880231B0603438B507047F1
:4051400000002640002243088B4274D303098B425FD3030A8B4244D3030B8B4228D3030C8B420DD3FF22090212BA030C8B4202D31212090265D0030B8B4219D300E0090AF3
:40518000C30B8B4201D3CB03C01A5241830B8B4201D38B03C01A5241430B8B4201D34B03C01A5241030B8B4201D30B03C01A5241C30A8B4201D3CB02C01A5241830A8B4245
:4051C00001D38B02C01A5241430A8B4201D34B02C01A5241030A8B4201D30B02C01A5241CDD2C3098B4201D3CB01C01A524183098B4201D38B01C01A524143098B4201D3B9
:405200004B01C01A524103098B4201D30B01C01A5241C3088B4201D3CB00C01A524183088B4201D38B00C01A524143088B4201D34B00C01A5241411A00D2014652411046C6
:405240007047FFE701B5002000F006F802BDC0460029F7D076E770477047C0461C2101231B04984201D3000C10391B0A984201D3000A08391B09984201D30009043902A2EA
:40528000105C40187047C04604030202010101010000000000000000002B11D1002A0FD1002900D1002802D00021C943080007B4024802A14018029003BDC0469DFFFFFF2C
:4052C00003B4684601B5029800F034F8019B9E4602B00CBC7047C046F0B5CE469946030C9C46130447461B0C1D000E0061460404240C80B50700100C4B4365434143604313
:405300002C0CC01824188C46A34203D980235B029846C444494679435643230C2D042D0C8919634424046019C918C0BCB946B046F0BDC046F0B557464E464546DE46E0B522
:4053400004000D009246994683B08B4230D82DD04946504600F0BAF829000600200000F0B5F8331A9846203B34D49B4653465A46934042461F00534693401E00AF423BD8FD
:40538000AF4200D179E05B46A41BBD41002B00DA76E0002200230092019301235A4693400193012342469340009329E08242CFD900220023009201930C9B002B01D01C6072
:4053C0005D600098019903B0F0BCBB46B246A946A046F0BD42469B4620239B1A5246DA40414613004A468A40170042461F43534693401E00AF42C3D900220023009201935A
:405400004346002BD8D0FB0772081A4346467B080EE0AB4201D1A2420CD8A41A9D41012024196D410021013E24184D41002E06D0AB42EED9013E24196D41002EF8D1009870
:4054400001995B4600196941002B24DB2B005A464646D3402A001C00F2405B461500002B2ADB26009E40330026004746BE403200801A9941009001919EE7A342BCD882E725
:405480004246202300219B1A0022009101920122DA40019285E7424620239B1A2A0046469A402300F340464613432A001C00F2405B461500002BD4DA202342462F009B1BCA
:4054C00097402600DE403B003343CDE710B5002903D1FFF7C3FE203002E00800FFF7BEFE10BDC04630B500240139A24201D1002005E0035D01340D5DAB42F6D0581B30BDE4
:4055000010B5884202D98B18984208D300239A4207D0CC5CC4540133F9E78B5C8354013AFBD210BD03008218934200D1704719700133F9E7002310B59A4200D110BDCC5CCB
:40554000C4540133F8E70000F8B5C046F8BC08BC9E467047F8B5C046F8BC08BC9E46704701B40248844601BC604700BFD9050008030000000100000001000000000000009D
:4055800005036000040000000100000000000000010000000604600008000000680D00088108001005010000050002001D00000017040000000000000800000008000000A0
:4055C00000020000000000000000000000000000000000000000000000000000000000000B0000003F000000000000003F000000000000000B0E0100010000000000000005
:4056000000000000000000000000000000000000000000000100000000000000000000000000000000000000000000000B0E0000010000000000000000000000000000004F
:405640000000000000000000000000000100000000000000000000000000000000000000000000000B070100010000000600000012000000000000000000000000000000FD
:40568000000000000100000000000000000000000000000000000000000000000B0700000100000008000000120000000000000000000000000000000000000001000000BB
:4056C00000000000000000000000000000000000000000000B060700010000000B0000001D0000000000000000000000000000000000000001000000000000000000000068
:405700000000000000000000000000000B060600010000000A0000001D00000000000000000000000000000000000000010000000000000000000000000000000000000029
:40574000000000000B0001000B0000002401030000000000F40100001400040104000905080003006301000004040000040300000402000004010000040000008E16001089
:40578000C0160010C0160010C0160010A6160010C0160010A0160010C0160010C0160010C0160010C0160010BA160010C0160010C0160010C0160010C0160010C0160010C9
:4057C000C0160010C016001088160010C0160010C016001094160010C01600107C16001082160010C0160010B41600100000000000020501000000006FC75E10DE8EBD20C4
:40580000B149E330BC1D7B41D3DA25516293C6610D549871783BF68217FCA892A6B54BA2C97215B2C4268DC3ABE1D3D31AA830E3756F6EF30000041900010519000034194C
:405840000001351900005B1900015C1900000018000101180002041800030518000410180005111800081618000917180006181800071918000A2818000B2918000C34185B
:40588000000D3518000E3818000F391800104018001141180012481800134918001450180015511800165818001759180000000100010001020304050607000102030405E3
:4058C0000607000102030405060708090A0B000001020304050607000102030405060708090A0B0C0D000102030405060001020000000001000102030405060708090A0B87
:405900000C0D000102030405060708090A0B0C0D0001020304050607870A050506060000000000000000858585858585858580808080808080808080808082010101010181
:405940000101018181818181818181818181818181838383838383838484840809070404020202020202020202020202020203030303030303030303030303038686868677
:4059800086868686430000001112131415161718A3A4A5A6A7A8A9AA010203007E7D0000000000004D0000007C750000000000000000000000000000766F777078717972D5
:4059C0007A737B7400040000008B7F978C80988D81998E829A0000000000000000000000008F839B90849C91859D92869E93879F9488A09589A1968AA20000000000000075
:405A000000000000000000000000000000000000000000000000000000000000000000000000000000000000004E4F505152535455565758595A5B5C5D5E5F606162636467
:405A400065666700004B4C00008B7F978C80988D81998E829A0000000000000000000000008F839B90849C91859D92869E93879F9488A09589A1968AA2000000000000000B
:405A800000000000000000000000000000000000000000000000000000000000000000000000000000000000000000000000000000000000004E4F50515253545556575855
:405AC000595A5B5C5D5E5F606162636465666700004B4C0000050600008F839B90849C91859D92869E93879F9488A09589A1968AA27E7D0000090A0B0C0D0E0F1011121313
:405B00001415161718191A1B1C1D1E1F202122232425262728292A2B2C2D2E2F303132333435363738393A3B3C3D3E3F4041428B7F978C80988D81998E829A0000000000EA
:405B4000000000000000008F839B90849C91859D92869E93879F9488A09589A1968AA200000000000000000000000000000000000000000000000000000000000000000069
:405B80000000000000000000000000000000000708000068766F6977706A78716B79726C7A736D7B746E7C750000000000000000000000000000000000007E7DA3A4A5A6EF
:405BC000A7A8A9AA000000000049484A4D4E4F505152535455565758595A5B5C5D5E5F60616263646566670000464705064B4C044344450000090A0B0C0D0E0F1011121311
:405C00001415161718191A1B1C1D1E1F202122232425262728292A2B2C2D2E2F303132333435363738393A3B3C3D3E3F4041428B7F978C80988D81998E829A0000000000E9
:405C4000000000000000008F839B90849C91859D92869E93879F9488A09589A1968AA200000000000000000000000000000000000000000000000000000000000000000068
:405C80000000000000000000000000000000000708000068766F6977706A78716B79726C7A736D7B746E7C750000000000000000000000000000000000007E7DA3A4A5A6EE
:405CC000A7A8A9AA000000000049484A4D464705064B4C044344450000262728292A2B2C2D8B7F978C80988D81998E829A0000000000000000000000008F839B90849C910B
:405D0000859D92869E93879F9488A09589A1968AA20708000068766F6977706A78716B79726C7A736D7B746E7C750000000000000000000000000000000000007E7DA3A4EA
:405D4000A5A6A7A8A9AA00000000004D495C5D5E5F6061626364656667000046474B4C0400090A0B0C0D0E0F108B7F978C80988D81998E829A0000000000000000000000EC
:405D8000008F839B90849C91859D92869E93879F9488A09589A1968AA20708000068766F6977706A78716B79726C7A736D7B746E7C750000000000000000000000000000BE
:405DC000000000007E7DA3A4A5A6A7A8A9AA00000000004D494E4F505152535455565758595A5B05064B4C0400090A0B0C0D0E0F10262728292A2B2C2D00000000000000E9
:405E00000000000000000000000000000000000000000000000000000000000000000000000000000000000000070800004A5C5D5E5F606162636465666700004B4C0400DC
:405E400000090A0B0C0D0E0F10262728292A2B2C2D8B7F978C80988D81998E829A8F839B90849C91859D92869E93879F9488A09589A1968AA2000000000000000000000020
:405E800000070800004E4F505152535455565758595A5B050646470000000000000000000000000101010101010101005700570088008800E300FF001B0003008B007F00CC
:405EC00002000C000E000100070003000800080001000000DC18001010190010D418001006190010E0180010E4180010E8180010EC180010F01800103C1E00105C1E0010BE
:405F0000601E00105C1E00105C1E0010401E0010441E00105C1E00104C1E00105C1E00105C1E00105C1E00105C1E00105C1E0010501E00105C1E0010541E00105C1E001015
:405F40005C1E00105C1E00105C1E00105C1E00105C1E0010581E0010481E00109C1E0010AC1E0010B01E0010AC1E0010AC1E00109C1E0010A01E0010AC1E0010A41E0010F9
:405F8000AC1E0010AC1E0010AC1E0010AC1E0010AC1E00109C1E0010AC1E00109C1E0010AC1E0010AC1E0010AC1E0010AC1E0010AC1E0010AC1E0010A81E00109C1E001075
:405FC0000000010001000100020002002F003000300032006F006F00E700E700E700E700E800E800EA00EC00EC00EC00ED00EE00F400F500F500010101010101000004001E
:4060000000000000000000000000000000000800100018002000280030003800400048005000580060006800700078000000000000001D0000000000000004000C000E0065
:406040000F001000110012001300140015001600170018001D001E001F002000210026002700280029002A002B002C00000000000000000000000000E80F000800000000A4
:40608000000000000A0000000000204000002440000000400000000000002340000030400000314000009F40000022400000104000009D40202020202020202020131010CD
:4060C000101D208017007500FF03050105001C03100000003FC0000000040000000000000019324B647D0000000000804000080B100000000000FF012002001F00800004E9
:40610000FF081018001000140018001C4044484C50000000081000000800000004000000041000000012000004210000002100000016000040114002C41300138013A01307
:4061400040138813A81320001C00000000000000E4F1FF7F010000000000001000040008800000007861001080040008E8030000080900084407000002020400A00F0000CF
:4061800000093D0000093D0000127A0000093D00514000100100000000000000E80E00080000000000000000FF000000405E0010E85D0010605D0010D85C0010F45B00106F
:4061C000F45A0010D85A0010D45A0010485A0010C8590010C4590010B8590010A8590010A45900109C59001098590010905900108859001084590010890700008907000075
:40620000F5000010C900001010B50004440B002827D0144B1A68136ABE21515ACA00521A9B181B68002BF4DA0F4B3E221A600F4B0F4A1A600F4BA322D200062199500E4A42
:406240009C509B58074B1A68136AB831515ACA00521A9B1800225A60064A074BD358002BFADA10BDF80F000804012640080126401E1F0000000026401C05000010B54378CF
:40628000FF2B00D010BD00F023F90400032000F03FF9C2680A4B1A600A4B002119600A4B013119605268094B1A6013680B4313601368DB07FCD4200000F03AF9E2E7C046D1
:4062C000081000080410000800100008FC0F0008F0B5C64600B582B000900191002000F017F90600464B1B68C0229F583F186C3A9B5C002B61D000F0F3F80500032812D02D
:4063000000F0E6F880463F4A3F4BD358002BFADA3D4BD358002B31DB3C4C032D46D0404600F006F961E0062000F0F2F8344B1A68C023D3581B181B68002B5DDB002000F0E6
:4063400007F9334B984259D0324B1A6800230021012000F0F5F8041E02D02C4C45E00134002000F0F5F82A4B984202D02A4B9C42F5D9294B9C42C3D9244C36E0274A01214F
:40638000300000F0BDF8002801D0204CC5E70198FFF73AFF009B002B06D03B68002BFCDB00F0A6F80400B8E71D4CB6E70121002000F0B6F80028F9D1B1E700F089F80500D7
:4063C000164A0121300000F09BF8002809D1009B002B0FD03B68002BFCDB00F089F8040000E00A4C280000F0A3F8200002B080BCB846F0BD0A4CF5E7044CF6E7034CF4E77C
:40640000F80F0008000026401C05000005005200010188001C100008EF4902000C10000801005000F0B5C64600B5204B1B6859681F4A1369042423431361BFF34F8F01284D
:4064400031D030BF1A4A136904208343136186235B00CB58002B23D1164C2768164BA320C0001E58154A90461568154A226006241C503E2042461060124A063098500E4A0C
:40648000104BD358002BFADA86235B000E4ACA50084B1F60084AA323DB00D650074B1D6080BCB846F0BD20BFCCE7C046F80F000800ED00E00801264000002640040126408C
:4064C0001E1F00001C050000AAAAAAAA0000000001B40248844601BC604700BF7308001001B40248844601BC604700BFBD09001001B40248844601BC604700BF9D2700109D
:4065000001B40248844601BC604700BFB12B001001B40248844601BC604700BFB126001001B40248844601BC604700BFF12F001001B40248844601BC604700BF7B08001015
:4065400001B40248844601BC604700BF712D001001B40248844601BC604700BF793000100000000000000000000000000000000000000000000000000000000000000000DC
:4065800000000000000000000000000000000000000000000000000000000000000000000000000000000000000000000000000000000000000000000000000000000000DB
:4065C000000000000000000000000000000000000000000000000000000000000000000000000000000000000000000000000000000000000000000000000000000000009B
:020000041001E9
:4000000000F803089D5C01100D000000115D0110115D0110115D0110115D011000000000000000000000000000000000917401100D5D011000000000317501102D740110B0
:400040000D5D0110000000000D5D01100D5D0110000000000D5D01100D5D01100D5D01100D5D01100D5D01100D5D01100D5D01100D5D0110000000000D5D01100D5D011041
:400080000D5D01100D5D01100D5D01100D5D01100D5D01100D5D01100D5D01100D5D01100D5D01100D5D01100D5D01100D5D01100D5D01100D5D01100D5D01100D5D011090
:4000C0000D5D01100D5D01100D5D01100D5D01100D5D01100D5D01100D5D01100D5D01100D5D01100D5D01100D5D01100D5D01100D5D0110000000000000000000000000C1
:400100000000000000000000000000000D5D01100D5D01100D5D011000000000000000000D5D01100D5D01100D5D01100D5D01100D5D01100D5D01100D5D01100D5D011076
:400140000D5D01100D5D01100D5D01100D5D01100D5D01100D5D01100D5D01100D5D01100D5D01100D5D01100D5D01100D5D01100D5D01100D5D01100D5D01100D5D0110CF
:400180000D5D01100D5D01100D5D01100D5D01100D5D01100D5D01100D5D01100D5D01100D5D01100D5D01100D5D01100D5D01100D5D01100D5D01100D5D01100D5D01108F
:4001C0000D5D01100D5D01100D5D01100D5D01100D5D01100D5D01100D5D01100D5D01100D5D01100D5D01100D5D01100D5D01100D5D01100D5D01100D5D01100D5D01104F
:400200000D5D01100D5D01100D5D01100D5D01100D5D01100D5D01100D5D01100D5D01100D5D01100D5D01100D5D01100D5D01100D5D01100D5D01100D5D01100000000089
:400240000000000000000000000000000D5D01100D5D01100D5D01100D5D01100D5D01100D5D01100D5D01100D5D01100000000000000000000000000000000000000000A6
:4002800000000000000000000000000000000000000000000000000000000000000000000000000000000000000000000D5D011000000000000000000000000000000000C3
:4002C0000D5D01100D5D01100D5D01100D5D01100D5D01100D5D011000000000000000000D5D01100D5D01100D5D01100D5D01100D5D01100D5D01100348044B834202D009
:40030000034B03B1184770478036000880360008000000000548064B1B1AD90F01EBA301491002D0034B03B11847704780360008803600080000000010B5064C237843B971
:40034000FFF7DAFF044B13B10448AFF300800123237010BD78370008000000001C39041008B5054B1BB105490548AFF30080BDE80840FFF7CFBF00BF000000007C37000808
:400380001C39041010B582B0002402E00134082C13D064220DF107010B480CF0B5F90028F7D10A4B195D9DF807309942EED0DE2B01D00446EBE70124E9E70A2008F022FBB8
:4003C000002006F0A5FFE4E7E8B50208844D021030B583B0002306220121532009F072FF294805F045FB24A3D3E90023274805F03FFB23A3D3E900233B21254805F038FB0C
:4004000005F0E4F818B1234805F032FBFEE7224805F02EFB214805F02BFB0022204BCDE90023204805F024FB642008F0EBFA002401940223009323464FF480521A491B48AC
:4004400008F0FAF801940125009523464FF480621749184808F0F0F80194009523464FF400721549154808F0E7F8204608F084FE03B030BDAFF3008000000080F2C1BC3F6A
:4004800000000080CB821A408C4D0210B84D0210D44D0210F44D0210144E02103C4E021000001040684E0210984E0210D1570110A04E0210C1040110A84E021085030110BD
:4004C00070B5B0B040F6B83008F09CFA29AC204605F042F826AE32460021204605F040FA0DF19E020121204605F03AFA0AAC204605F04EF8014601AD2A46204605F00EF9F2
:400500000446304605F0D0FA2146284605F07CFB014805F001FBD5E7B44E021000B583B005F0DEFC00B101BE62B613480AF0DCF912480AF0D9F912480AF0D6F94FF4E133E8
:400540000093FF231A46382139200EF04FFF00B101BE05F07FFA00230193032200924FF480620849084808F067F8084812F05EFD08F096F8FEE700BFC0510210D0510210D2
:40058000CC510210BC4E0210D1030110C44E0210074B084ADA6001215960BFF35F8F02F19C4202F5051202F2D2221A60704700BF9837000880002002F0B41B4D1B4A2E6857
:4005C0001B4C00239642236027D16A6842B3194EB268012A03D9AF68551EAF421DD002F0010246F2400C0CFB02631D6901351D61BFF35F8F524202EA0C02C3E9050102F175
:400600001801103216440C4A26604FF6FF74545200229A770120F0BC70471846F0BC70471046F0BC704700BF883600084352455194370008983700089C370008154B1B6882
:4006400033B3012824D810B51C182173F9B9F2B1404200F4405043301844941C34F8113032F811C0C3F30B03CCF30B0C4FEA031E02314EEA1C2E1B09B1F5005F00F803CC07
:4006800000F802EC00F8013C00F10300E6D110BD704700BF9437000870B5194D2E686EB360B314462AB149B3042A28BF042404EBC4020368D0F804C0C6F814C0336103893D
:4006C000807AB076338306F11B0012F091FEB473BFF35F8F2A68136801331360BFF35F8F0848094B826859680132826001B1013959605A6802B91A6000232B6070BD00BFCC
:40070000943700089837000888360008072900D901BE012A04D901BE01238B4083607047002AF9D101238B404360704708B503460A4677280AD8C10806480068806900EBCA
:40074000C11003F00701FFF7E1FF08BD014909688869F6E790B5020800B583B0002301930A4B186810B101A907F031FB019B4BB14FF0E0234FF08052C3F8042DBFF34F8FD1
:40078000BFF36F8F03B05DF804FB00BF28F8000800B583B0002301930A4B186810B101A907F015FB019B4BB14FF0E0234FF08052C3F8042DBFF34F8FBFF36F8F03B05DF896
:4007C00004FB00BF2CF80008002800F00A8110B586B0044603220021012007F0D1FD824B186003220021012007F0CAFD7F4B18607F4805F03DF9002304930393082202924F
:400800000193FF23009312231122102179480BF089F80146002876D1774B19688A6902F5807291F88700815821F00101815019688A6902F5807291F88700815841F440310B
:40084000815019688A6902F5807291F88700815821F0040181501A68936903F5807392F88710CA5842F44012CA50644961480AF069FF00284DD1012306221946132009F057
:4008800021FD012306221946142009F01BFD012306221946172009F015FD01211720FFF745FF01200BF060FA00211720FFF73EFF01200BF059FA01211720FFF737FF0A208B
:4008C0000BF052FA4E4805F0D3F832200BF04CFA01211420FFF72AFF4A48464BC3601323037417234374FF2380F82030002200F10C010EF029FE014680B121B3424805F075
:40090000B7F8012003E0414805F0B2F8012006B010BD3F4805F0ACF80120F8E726223D4938480EF0FDFE01460028E7D100230193394B0093237815224FF4005131480EF0FF
:4009400099FF0146D9E7354805F092F832200BF00BFA01211320FFF7E9FE0A200BF004FA2F4805F085F832200BF0FEF92D48214BC3601423037417234374FF2380F820307B
:40098000002200F10C010EF0DFFD014630B92622204924480EF0C4FE014620B1224805F067F80120B3E700230193204B0093237816224FF400511B480EF05CFF0146002858
:4009C000ECD11B4805F054F832200BF0CDF901211320FFF7ABFE01211420FFF7A7FE002095E70220704700BF2CF8000828F80008E44E021078F8000890B50208001BB70039
:400A0000484F021054F80008644F0210FC4E0210284F0210A050021091070110844F0210A84F021030F80008C44F021059070110E44F0210012818D810B568B90C4B186895
:400A40000C4C002107F0DCFA012120460EF0A0FE014628B9002010BD074B1868074CF0E7074805F005F80420F5E70220704700BF2CF8000854F8000828F8000830F800084A
:400A80000850021071B370B514460E4601282BD8A8B9164B1868164D40F6B83107F0B0FA012810D12246314628460EF0BAFD0446002128460EF06CFE74B9002070BD0D4B25
:400AC00018680D4DE8E70D4804F0D2FF002128460EF05EFE0320F1E72146094804F0C8FF0120EBE7022070470220E7E72CF8000854F8000828F8000830F8000824500210C2
:400B000044500210002865D0F8B5334E33782DED048B0446002B53D13048802106F0ACFB20B92F48202105F033FF18B1BDEC048B0120F8BD2B4F9FED2C9ADFED2C8A0023E1
:400B400047F8043B0125B6EE008A07EE905AF8EEE77A013567EE897AC7EEA87A17EE900A0EF0EAFF07EE100AF0EE487AE7EE487A802DE7EC017AE8D11D4F9FED1B9A0023C8
:400B800047F8043B0125F3EE0F8AB6EE008A07EE905AF8EEE77A013567EE897AC7EEA87A17EE900A0EF0C8FF07EE100AF0EE487AE7EE487A202DE7EC017AE8D10123337099
:400BC00041F278020021204612F018FBBDEC048B0020F8BD02207047F4F80008887701087877010878750108DB0FC9400000FE42F87401082DE9F04F2DED088BAFB004903F
:400C0000002800F0B6820AEE102A0A46002900F0B082CB4B1B78002B00F0AB82F1EE047ACAEE27AAF7EE007A9FEDC67AF4EEE7AAF1EE10FA8AEE078A40F3F281B4EEE78A77
:400C4000F1EE10FAF0EE67AAF0EE679AB0EE679AC8BFB0EE678ABC4BDFF80493DFEDBBBA9FEDBBBADFEDC58ABA4D01939A464FF0000B09F5EC760092009B574603EB4B24EA
:400C80004FF00008B44B9FEDBD7A0022194634F8220007EE900AF8EE677A013267EEAB7A802A37EE277AE1EC017AF0D127EE0B7AAA4AD3ED007AF2EC016A77EEC77A67EED4
:400CC000A67AE3EC017AAB42F3D1A54AA249A548002306F02DFAD9F800303B60A04BC7ED018A99463A469968C2F8001108335968C2F80411B34202F58072F4D108F1010376
:400D0000022B07F5705704F102044FF00108B9D10BF1010BBBF1200F0AF1080AACD1049BDFED91BA9FED95BADFED908A904D03F6FA7203F5707903F5B466029203F67C08CC
:400D400003F61C6203F50763009200270593019B03F580701C4601900DF1280CDFED877AA0F58072B0EE677A134693ED006AD3ED016A0833984237EE067A77EEA67AF4D15B
:400D800067EE2B6A27EEAB7A7A49CCED006A8CED017AA0F1FC0353ED017AB1EC016A77EEE67A8D4267EE867A03F1080343ED037AD2ED017A77EEC77A02F1080267EE867A1B
:400DC00042ED017AE7D10CF1080C0EAB634500F57050C3D1059BD3E90031C7F1200201FA02F2FB401343A7F1200221FA02F21343DB0700F1B481D9EDF07AF5EEC07AF1EE9C
:400E000010FA40F3B38177EECA7AB0EE695AC9EDF07A049B039793F878B80DF1380EA9F570720DF12C0CA6F29C53A8F29C6AACF104011F1FBBF1000F02D103C987E8030056
:400E40001CED017A13ED016AD3ED006A37EE467A61468EED007AD1ED007A77EEE67AA5EE076AF0329245E5EE276A0EF1080E0CF1080CF0EE465AB0EE666A67EEA76A43EDD2
:400E8000015AE7EE076A83ED006A92EDB47A4EED017A76EEC77A03F5F073A9EE277A82EDB47AC4D1DDED0E5A9DED0F6ADDED117ADDED106A3048039F26EE277A67EEE57A99
:400EC000A5EEA67A4FF0000B5A46E6EE267A0123214696ED006AD6ED016ACDF824B037EE467A77EEE67AA9EE076A04F5705ACDE907BBE9EE276A86ED006AC6ED016AB9ECAD
:400F0000017AD9ED3B7A37EE0B7A77EE877AC8EDB47A05F03FFC5A4617480123514605F039FCDFED166A5A460EA8B0EE4B5AF0EE4B5AB0EE666AD646A4468346134631E0A5
:400F4000F4F8000800007042F8F80008000080390000003CF8740108F872010878750108F8700108887701080000003DCDCCCC3D78750108F8740108787701080000000045
:400F8000FFEE007A1F2AEBEC017A0CF1080C0EF1080E02F1010165D00F298CBFA2F11F030B460A460133022BEAD9DCED007A9CED014A9EED007ADEED014A67EEA77A27EE25
:400FC000077AE4EE047AA4EEA47A77EE8B7A77EE877AF4EEE76AF1EE10FAF4EEE57A48BFF0EE676AF1EE10FA36EE276A00F3B180F4EEC57AF1EE10FA00F3B4809DED097A8D
:40100000B4EEE77AF1EE10FABCD502232EA901EB830343ED277A9DED085ADDED075AB1E75FED2A9AF4EEE9AAF1EE10FAB4EEE98A48BFF0EE69AAF1EE10FAB4EEE7AAF7EEC9
:40104000086A48BFB0EE698AF1EE10FA8AEE267A00F39580B5EEC0AAF1EE10FA58BFF0EE4A9A93E01FED3B3A66EEA83AF0EE432AB0EE432AF0EE431A0023F0EC017AF5EE76
:40108000C07AF1EE10FA2DD4F4EEE73AF1EE10FA28DCF5EEC06AF1EE10FA23D994ED011AD4ED000ADAED017A9AED007A67EEE04A21EE010A21EE274A67EEA77AE1EE074AD1
:4010C00001339BB2B0EE401AA0EE874AA0EEA01AE7EE077A71EE841A32EE242A72EE812A33EE273A2EAA824204F108040AF1080AC3D1DDED097A77EE8B7A06F29C6277EE32
:40110000857A013777EEA57A3C2FE8EC017A88ED3B6AC8ED776AC2ED001A06F5D46282ED002A009AE2EC012A009282ED3B3A029A22F8023F06F1080602927FF408AE049A97
:401140000123002082F878382FB0BDEC088BBDE8F08F8DED095ACDED085A002356E7B0EE485A56E68DED095A01234FE7B0EE6A5A4FE602202FB0BDEC088BBDE8F08FB4EE1C
:40118000E77AF1EE10FAF0EE679A09DC1FED859AB4EEC97AF1EE10FA58BFB0EE479A5AE5B0EE679A57E500BF002842D02DE9F047D0F87078D0F874589FED1F7A164600F578
:4011C000076C02461C4627EA060725EA030500F5F0600021F0EE087AC1F12009A1F1200805FA09FA27FA01FE26FA01F34EEA0A0E04FA09F925FA08FA43EA090324FA08F844
:401200004EEA0A0E1EF0010F43EA080318BFC0ED007A0131DB0748BF80ED007A3C2900F10400D9D1C2F870680020CCF80440BDE8F0870220704700BF0000000007EE901AF7
:4012400006EE102A27EE866AF0EE086A26EE275A90ED047A65EE275AB6EE003AC5EEA64A67EE275AD0ED036AF0EE653AE5EE035AB0EE004AE6EE843A76EEA56A90ED004AA5
:40128000C0ED036AF0EE646AE3EEA76A90ED013A90ED025AA3EE274A37EE067A75EE267A80ED004A80ED047AC0ED027A704700BFD1ED016A90ED027AD0ED037AD1ED005A96
:4012C000D0ED014A90ED045A77EE266AB7EE006AC7EE263A87EEA64AD0ED006A75EEE65A36EE636AE3EEA56AE4EE254AF0EE455AE7EEC45A27EE067A67EE867AC0ED006A40
:40130000C0ED014AC0ED045A80ED027AC0ED037A704700BF8446087F00284FD000B50CF678120CF6884E1378013BDBB2012B05D9C4327245F7D100205DF804FB92F84C3023
:40134000B0EE087A002BF3D1D2ED106ADCED007A9FED1B6A77EEE67AF4EEC77AF1EE10FAE6D8D2ED036AD1ED027A77EEE67AF4EEC67AF1EE10FADBDBF4EEC77AF1EE10FA4A
:40138000DFED106AD4D892ED087AD1ED057A77EEC77AB6EE006AF0EEE77AF4EEE67AF1EE10FAC5D8D2ED0E7A91ED017A67EE867AB4EEE77AF1EE10FABAD8BDE7704700BF15
:4013C000CDCC4C3EB81E853E2DE9F04700242DED028B0646022C0D46DDED0A8A0B9F90469946B0EE088A4FF07E5106F1040A36D9D5ED007AC7EE887A043717EE900A0EF072
:4014000019FCD6ED006A07EE100AC6EE877AC4F1200228FA04F0A4F1200109FA02F2104329FA01F1084310F0010F04F1010447ED017A09D1D5ED007A1AED017A37EE677A02
:40144000E7EE287AC5ED007A3C2C05F104050ED05646022C4FF07E5106F1040AC8D85AF8043C47F8043B013404355646F1E7BDEC028BBDE8F08700BF2DE9F04F2DED028B08
:40148000074688461846BBB092460021F0221C4611F0B4FE002307F64C3908EE103A07F5305708F1FF383C3704F1F00541F2780B18F8013F8BB9D944B945F9D1F8EE486A6C
:4014C00094ED007AC7EE267AE4EC017AA542F7D13BB0BDEC028BBDE8F08FBAF1000F45D1A9F53476E42206F10C0101A811F080FF4FF0010C02A8B0EC017A6146034653EDD5
:40150000027AB4EEE77AF1EE10FA0A4601F1FF312ED563ED017A0029F1D13AAB03EB8101984201ED397A0CF1010CE4D1DDED1D7A9FED107AF4EEC77AF1EE10FAB7EE006AF7
:40154000D8BFF0EE477AC6EE276A2346D3ED007AB6EC017AE7EE267AE3EC017AAB42F5D118EE103A013308EE103AA4E74E46B9E71146D2E708E53C1E8A4238B5134628BFEB
:401580000B468A42154638BF0D46EC1AA4F1020CBCF1060F2DED028B37D800EB820200EB8101D2ED007A91ED008AF4EEC87AF1EE10FA2AD9174A02EB840292ED007A67EEF9
:4015C000877AB4EEE78AF1EE10FA1EDA5A1C9400023300EB82029D4211680AD90434044400EB850554F8040B0EF048FBAC420146F8D107EE901AB4EEE78ABDEC028BF1EEB7
:4016000010FACCBF0120002038BDBDEC028B002038BD00BFA47701082DE9F04F2DED048BD1ED037A91ED047A8BB0F4EEC77AF1EE10FA05EE103A8A4683460192C0F2C181D8
:4016400001F10C0403220026B4EEE75AF1EE10FA00F334819FEDC76A0025F0EE465A04F10C0021460623AE46A2F103090DE011ED037A3B2F75EE875A0EF1010E0BD90C2BE6
:40168000A1F1040100F1040011D09A4209EB030703F10103EBD290ED007A0C2B36EE076A05F10105A1F1040100F10400EDD1BEF1010F40F2268107EE10EAB8EE477A012D09
:4016C000C5EE876A12D907EE105AF5EEC06AB8EE477AF1EE10FAC6EE075A00F17781F4EEE56AF1EE10FAC8BFF0EE656AB7EE007AF4EEC76AF1EE10FA4CBF01230023002BBB
:40170000B7EE007A18BFF0EE476A76EEA66AF4EEE76AF1EE10FA00F3EE80102E40F003819DF827300AEB830393ED007AB4EEE77AF1EE10FAC0F2358101323C2A04F10404F6
:4017400014D03B2AD4ED007A14ED017A40F0BF80B4EEE77AF1EE10FA05D5B4EEE75AF1EE10FA7FF777AF002E00F0A28006AD824BDFED828A93ED009AAC1900263746B6EE0E
:40178000008A05942E46199BBB4240F2908016F8018B002F50D0189BCDF810B05D1ECDE90267EB190AEB8809009315F801BFC345594628BF4146C3455E4638BF4646731A29
:4017C000022B40F2DD804B1C0AEB830002318E4204684FEA83030DD904330AEB03070AEB8606214657F8040B0EF048FAB7420146F8D104460AEB8B03D9F8000019680EF058
:401800003DFA07EE900A07EE104A67EE887AF4EEC77AF1EE10FA00F1B38001985A464146FFF7AAFE002840F0C280009BAB42BCD1DDE90267DDF810B0B8F1010F24D9019BE9
:40184000C8EBC874640003EB8805181D0134A8F1020308F1FF32F0EC017AF4EEE87AF1EE10FA0CD467EE897A95ED007AB4EEE77AF1EE10FA03DA022A37D9022B35D9033B32
:40188000A342A2F10202E6D1019D0024224641462846FFF771FE40BB0134032CF6D1189B03F807800137059B9E427FF46CAF3E4630460BB0BDEC048BBDE8F08F0132043454
:4018C0003B2AD4ED007A14ED017A3FF441AFD4ED016AF4EEE76AF1EE10FAEFD8B4EEE77AF1EE10FA3FF5B0AEE8E79BF8083001338BF80830D7E701323C2A04F10404DFD18F
:4019000031E7012D4FD907EE105AF8EE475AB7EE007AC6EE256AF4EEC76AF1EE10FA4CBF01230023EBE60F2E334628BF0F2366B306ADE91802E001F8010983B311F8010C05
:401940009E460AEB800393ED007AB4EEE77AF1EE10FA0EF1FF33EED40EF128030DEB030E0F2E0EF8102C12D901323C2A04F10404A6D1FCE600000000A077010800007A44C8
:40198000DDE90267DDF810B08DE78DF8182001323C2A06F1010604F1040491D1E6E69E46DAE70F23C4E70123FFEE006AA7E6DDF810B09BF808300133DDE902678BF8083068
:4019C00071E701F110040422002679E7B7EE007AF4EEC75AF1EE10FAF0EE656A4CBF012300238CE62DE9F04F2DED0A8B87B091461D9C4E2205460F46A01C00211E4611F044
:401A0000FDFB1B9B637006EB8306FF2384F84C3084F80090D6ED007A1B9BC4ED017AB7EE007A77EEC77A1C4917EE900A9E000EF001F9DDED1B7A17EE903A043B362B07EE44
:401A4000100AB8EE678A2DD81A9B334453ED017A93ED005A93ED016AF0EE005AF0EE676AE5EE656A76EE266AF5EEC06AF1EE10FA18DA77EEC67AB6EE005A67EE857ABEEEFC
:401A8000006AC7EEA65AF4EEC65AF1EE10FA40F12082F0EE467A07E0CDCCCC3DBA60FB3A000000005FED027A5FED046A5FED048A1D9438EE278AC6EE877A0123237405F585
:401AC0000353303301931B9B042B07F1FF3138BF0423D44F0293013BDFEDD36A9FEDD37A039368EE26CA77EE877AC4ED02CAC4ED037A264604F12008A346B0EE689A3C4617
:401B00000A4612F8013F002B00F0D4801B9B03F1010ABAF13B0F039B28BF4FF03B0A534500F2F78102994FEACA0C01F1B3030CF5B56CEF31B9F1010F4FEAC300AC444FEA74
:401B4000810105EBC30300F08981DFEDC27A2944B0EE677AF0EE676AB0EE676A93ED004AD3ED014A91ED005AD1ED3C5A0833634536EE046A76EEA46A37EE057A77EEA57A11
:401B800001F10401EAD1B9F1020F9FEDB28A00F01F81B5EEC07A00230021F1EE10FA8BF83810C8F80030C8F808307FD9F5EEC07AF1EE10FA7AD966EEA65AE6EE065A0492D4
:401BC00027EE277AB1EEE55AF1EEC77A16EE101A85EE27AA16EE900A0DF04CFFB6EE007AB4EEC7AAF1EE10FA07EE900A049AC8F8000088ED02AA59D4B5EEC08AF1EE10FAAE
:401C000054D9D4ED026A9FED8A7A9FED8ABAD4ED03AA77EEE69A79EE877AC7EE8B7A17EE900A0EF099F807EE100AF0EE697AE7EE4B7A049A9FED806ADFED806A6AEEA77A9A
:401C400087EE867AB4EEE67AF1EE10FA2EDCDFED7C7AB4EEE77AF1EE10FA27D4DFED797ADFED795A8BED0C7AB4EEE7AAF1EE10FAD8BFF0EE4A7A67EEA77A38EE088AB7EECD
:401C8000006A36EE676A68EE277A6AEEAAAAC6EE276A01238BF838309FED6C6A26EEAA7AC7EE257A77EE867ACBED0D7AB9F1010F00F01981019B05F5835518359D420BF162
:401CC0000C0B08F1040804F110047FF41AAFB9F1010F1D9C00F096809FED5E9ADFED5CAA19EE109AB0EE49BA0225F7EE00BA96F838304946002B4AD096ED0CAAF0EE6B7AD6
:401D0000EAEE4A7AB1EE4ACA17EE900A0DF092FF07EE100AD7ED017AF1EEC78A67EEAA7A17EE908A40460DF007FF09EE900A40460DF03CFF07EE100A68EEA97A68EE878A4A
:401D4000E7EE0C7A0123AB40EAEE298A97ED007A6CEEA77AACEEA87A67EEA77AE7EE077AF1EEE76AF5EEC06AF1EE10FA0FD9D6ED0D5AE278CBEEA57A1343E370A37801330B
:401D8000A37087EE266A3BEE27BAA7EE869A6B1C042B06F10C0607F110074FF00305A6D1B5EEC0BAF1EE10FACCBF01230023237709DDF7EE006A89EE0B7AC6EE8B7A84EDF3
:401DC000057AC4ED067A07B0BDEC0A8BBDE8F08FB5EEC07A0023F1EE10FA8BF8383088ED008A88ED028A7FF665AFF5EEC07AF1EE10FA7FF65FAF66EEA65A9DED1C8AE6EEDC
:401E0000065ADCE6F5EEC08AF1EE10FA7FF764AFF3EE0D7A68EEA78AC9EE287AC4ED127A5AE700BF60510210940FE63D0BD7233BDB0F4940DB0FC94091644D40D7A3703F82
:401E4000D7A370BF77BE7F3F38CA24412E90A03A35FA8E3C000000001F852B3F01F65C212944049102991FED058A5FED053A059201F2FD7E00F29C600499F0EE487AB0EEBB
:401E8000487AF0EE486AB0EE486A284405EB4E0ED1ED3C5A3EF8022B90ED004AD0ED014A91ED005A77EEA57A05EE902A0833F8EE655A9C45A5EEA38A00F1080001F10401C8
:401EC00036EE046A76EEA46A37EE057AE0D1059A5FE6F4EEC55AF1EE10FAD4BFF0EE657AF0EE457AE0E51B9B03B3591E51453FF6E1AE01F25B2305EB8303B3EC017A013199
:401F0000D3ED3B7A514539EE079A78EEA78AF4D9D0E600230021B9F1020F8BF83810C8F80030C8F808307FF4C1AEC3E61B99E0E72DE9F04F2DED048BADF5037D804605927F
:401F40001046002288F805200278DDED907A049108EE103A1AB94378002B00F06081F7EE086A87EEA67A9FEDC66AB4EEC67AF3EE045AF1EE10FAC7EEA56A00F15681F7EE74
:401F8000007AB4EEE77AF1EE10FAD8BFF0EE477AB0EE007A37EE677AC7EE278AB7EE009AF4EEC96AF1EE10FAD8BFB0EE669A08F67813DFEDB45A069308F68842B6EE006ABD
:401FC000F7EE006A19460B78013BDBB2012B04D891F84C30002B00F0C981C4319142F2D10026DFEDA86A0699B6EE007A374601240B78013BDBB2012B04D891F84C30002B03
:4020000000F09281C4319142F2D1DFED9F6AB0EE087A08F53A7135463C460023012051ED3C7A78EE677AA3F1200CF4EEE67AC3F1200BF1EE10FA8A46624601F10401DE469C
:402040000FDC00FA0CFC20FA0BFB00FA03F94CEA0B0C49EA05054CEA040449EA06064CEA0707DAED007A78EE677A00FA02F2F4EEC77AF1EE10FA20FA0EFE06DC00FA03FC8F
:4020800042EA0E024CEA0505144301333C2BC6D10DF12809DDE904014B460022FFF7ECF946A932463B460191484608F118018DED009AFFF789F90DF1200A06230193CDF843
:4020C00000A04FF081434A4646A94046FFF7A4FA18B32F460794059D049C0AEB000B564616F8013B0193CDED028ACDF8009098F8050000EB80010901012201F5F3611044A6
:40210000414488F8050046AB039120462946FFF769FC5E45E4D1079C3D46F1EE047AB4EEE78AF1EE10FA7AD498F80560052E76D8DDE904014B460122FFF79EF946AB0193B4
:402140002A46234608F5847148468DED009AFFF73BF906230193CDF800A04FF081434A4646A94046FFF758FA002858D00AEB00039FED499ADFED459A079398F80540052C54
:402180004DD804EB84004FEA001B0BF5F3634344CDED028ACDF8009003931AF8013B01930222DDE9040146AB04FA02F5FFF71AFC002E00F0218108EB0B00434690F89917E3
:4021C000002200F2AC7793F899C761458CBFA1EB0C0CACEB010CBCF1020F31D90132964200F00A815033EEE74FF0010C069AB7EE007A00211378013BDBB2012B4ED90131D9
:40220000042902F1C402F5D1BCF1000F04D198F80530013388F80530079B9A45ADD10DF5037DBDEC048BBDE8F08FF5EEC06AF1EE10FADFED178A7FF5B1AE9FED169AB6E6C8
:4022400090F8B4C7BCF1000FCED093F8B4E703F2AC7B01325033BEF1000FC7D09BED007AD7ED007A77EEC77A9642F0EEE77A00F0C680F4EEC97AF1EE10FAA4D8F446B5E721
:402280006F12833A940FE63D000070429A99193FFFDFF94400000000B81E853ED2ED117A78EE677A2B19F4EEC77AF1EE10FA08EB0313A4D893F9E4E7BEF1000F03F5F46062
:4022C0009DDAD0ED007AD2ED036A77EEE67A1846F0EEE77AF4EEE97AF1EE10FA8FD593F8B4E7F0EE086ABEF1000F1AD0D2ED107A1FED176A78EE677A03F2AC73F4EEE67A7F
:40230000F1EE10FA0DD8D2ED086AD3ED007A77EEE67AF0EEE77AF4EEC67AF1EE10FA3FF66EAF80F8E4176AE791ED036AC6EE267A77EE877AFDEEE77A17EE90CAACF102034D
:402340000CF1030C3B2BA3F12000C3F1200509D824FA05F504FA00F004FA03FE284375462E43074301339C45ECD14BE691ED035A91ED117AC5EE257A38EE477A77EE867A12
:40238000B4EEE67AFDEEE77AF1EE10FA17EE904ACCBF02200520231A0444A3423FF71DAE03F17E000134F7EE007A08EB80003B2B0CD8B4EEE77AF1EE10FA0DDD0133A34218
:4023C000A0EC018A3FF409AE3C2BF7D10133A34200F10400EBD100E60133A34280ED3C8A00F104003FF4F9AD3C2BF5D10133A34200F10400DBD1F0E54FF0000CF6E61FEDF4
:402400005A7AF4EEC77AF1EE10FA94BF4FF0010C4FF0000CEAE600BF30B44D79002D4BD00346002293F878491CB193F87949AC4216D00132042A03F1C403F3D10B89013304
:402440000F2B02D8002030BC70478B79012BF9D891F84F0001288CBF0020012030BC7047C42303FB020202F6B81390ED007AD3ED007A77EE677AF0EE086AF4EEE67AF1EEC0
:4024800010FADBD8D1ED107A37EE677AB4EEE67AF1EE10FAD2D802F69812D2ED007AD1ED086A77EEE67AB6EE007AF0EEE77AF4EEC77AF1EE10FAC1DD012030BC704700BF22
:4024C0002DE9F8430C4605462DED028B17460021C322601C1E46DDF8289010F08FFE012323702A794FF4807005F5447EFF2A1ABF511CC9B20121AC46002343B10CF1C40CBF
:40250000F445FAD15BB101385CD00A46EEE79CF87839002B4BD10CF1C40CF445F7D129716270BD68FB686361B7EE008A4FF00008E56084ED078AC4F81080C4F818804FF053
:402540007C5128460DF076FB07EE100AC8EE077A3B7F67EEA77A002B30D0D7F81480BA694B46A2620122E670A2702364002322717A6884F84C30BDEC028B63814FF07E532A
:40258000A263BA6C6366E3660023C4F82080C4ED0C7AC4F83C90C4F84490C4F85490A565E565256722666362E362BDE8F8839CF879399B1AB3FA83F35B099FE7024B4FF04A
:4025C0007A52CEE70122AAE7002474C900283BD070B54FF45A62044600212DED028B10F00DFE0122FF2319492271E37104F5847004F118034FF07E5243F8042B8342C3F84D
:40260000EC20C3F8DC11C3F8CC12F5D1104C114D04F11C06F2EE088AB2EE048AF4EC017A0D4877EEA87AC7EE887A17EE901A0DF023FAB44245F8040BF0D1BDEC028B074BD4
:40264000074A1A60002070BD01207047002474C944510210AC77010800002041A0770108CDCCCC3D2DE9F04F2DED0A8BF3B007920290002800F0408108EE103A002900F00F
:402680003B81002A00F03881869B002B00F03481B5EEC08AF1EE10FA00F12E81D0ED008A8DED008A78EE288A0024054618EE903A0472C0ED008AFFF73BFC2B4612941594E8
:4026C000ADF85840139414ACB7EE009AFF2705F698150D9303F6A848264615F8203C002B14BF0123002306F8013B2BD0A9464FF07C5159F8140D0DF09DFA02EE900A18EEC0
:40270000101A48464FF07E52FEF798FD62EEA22A2846C9EE227A17EE902AFEF78FFD15F81E3C05F81D7C5B00002205F81E3C35F8183C05F81C2C4FF6FF7293421CBF0133FA
:4027400025F8183CC4354545C7D1029BDFF840939FEDCBAADFEDCBAA0C9403F678130493CDF81490049B08934FF0000B12AAD9465C4609929A4693469AF80080B8F1000F01
:4027800004D09BF80050002D00F0BD8009F10109B9F1040F0AF1C40A0BF1010BECD1A346002C00F0EB81DDF80880CDF80CB036AC002753E091F878C981F87BB9BCF1010FFA
:4027C00005D091F87AC94CF0010C81F87AC901F51B6191ED007A77EEC77AA7EE8A7A81ED007AA94408EB091999F8B417069139B30AF6781B03F5F361C34441449BED086A5C
:40280000D1ED057AD1ED066A9BED0A7A77EEC67A37EE267A67EEA77AC7EE876AF4EEEA6AF1EE10FA41F2DE86C42303FB068ABAF8823901339BB2042BAAF8823901F20E876E
:4028400013AB9A5512AA0123935515AA5355039B01379F4204F1080400F09081667912AB9B5D002BF3D1A57915AB5A5D002AEED1C42105EB850301FB06FA1B0103F5F46100
:402880000AF6841041444044FEF712FD08EB030C0CF5F4610CF29C7C086808EB0A0101F6E81E4FEA8509CEF8000001F6B41ECEED008A1CF804ECDCED007ABEF1010F4FFAB4
:4028C00085FB7FF477AF91F87AC981F87BB94CF0010C81F87AC901F51B6C9CED007A77EEC77A01F6BC11A7EE8A7A8CED007A01F840ECC1ED008A74E70127384673B0BDECA1
:402900000A8BBDE8F08F029AA8F10301B1FA81F1537949090391002B3FF438AF02F5F366059A0B961778CDF818B04A46B9461F4696F800B0CB4540F0998015AB595D0029BB
:4029400040F0948096ED026A9AED039AD6ED036ADAED057A9AED1C7ADAED11BA337F36EE499A77EEA67A29EE095ADAED106A76EE479AC5EE275A38EEE6CA78EEEBBAF0EEAA
:40298000E99A002B40F04387F6EE007AF4EEE79AF1EE10FA01F2CD82DFED3A7AF4EEE75AF1EE10FA02F37981F7EE007AF4EEE7BAF1EE10FA03DDBBF1010F01F02A850121DF
:4029C0009AED0F7A0A9138EEC77AF7EE086AF6EE007AE7EE267AF4EEE97AF1EE10FA45D4DFED297AF4EEE79AF1EE10FA58D90499B7EE007A00209C4690424BD00B78002B0F
:402A000048D0032B46D0D1ED117A78EEE77AF4EEC77AF1EE10FA3DD9D1ED1C7ADFED1A6A76EE677AF0EEE77AF4EEE67AF1EE10FA30DCBCF1000F19D0D1ED107A78EEE77AF5
:402A4000F0EE086AF4EEE67AF1EE10FA0ED8D6ED057A91ED085ADFED0D6A77EEC57AF0EEE77AF4EEE67AF1EE10FA13DC0135BD4206F150067FF45CAFDDF818B0914685E6B4
:402A80009A99993EF628D440CDCC4C3EB81E853E385102100130042801F1C401ACD16346354915EE900ACDE90E320DF0E7F8BBF1020FDDE90E320BEE100A01F0C1830BB393
:402AC000F0EE087AB4EEE7CAF1EE10FA1AD8DAED085A96ED055A96ED067ADAED0A7A26490A9235EE655A77EE877A25EE055AC5EE277A17EE900A0DF0C1F807EE900A0A9A4E
:402B00003BEE27BA04F1010E002C01F0888536AB03EBC4030CE0B8F1030F12D0A3F1080C9CE8030083E803006346002C01F0778513F8041C2046013C0029ECD1B8F1030F70
:402B400006D053ED027AF4EECB7AF1EE10FAE5DC0DEBC000039B80F8DE500135BD4280ED36BA80F8DC3080F8DD20744606F150067FF4DEAE80E700BFF628D440059BAC4A77
:402B80000133934205937FF4EDAD029A0C9CDDF824A09FEDA86ADFEDA86ADFEDA82A9FEDA83ADFEDAC3A13A9F8EE005AB0EE004AF1EE484AB1EE005A02F6841302F69440A7
:402BC00014F8012B002A5DD09AF8002082B9F7EE007AE4EE857A93ED017AF5EEC07AF1EE10FA48BFF0EE637A67EE277AC3ED017A0A7882B9F7EE007AE4EE857A93ED067A58
:402C0000F5EEC07AF1EE10FA48BFF0EE637A67EE277AC3ED067AD3ED017AF4EEE57AF1EE10FA00F14486F4EEC47AF1EE10FAD4BFB0EE677AB0EE447AD3ED007A83ED017AEA
:402C4000F4EEC67AF1EE10FA00F12986F4EEC37AF1EE10FAD4BFB0EE677AB0EE437AD3ED057A83ED007AF4EEE67AF1EE10FA00F11A86F4EEE27AF1EE10FAC8BFF0EE627AE7
:402C8000C3ED057AC433834201F101010AF1010A96D1029B9FED6E9A5C79DFED6B9ADDF810A09846002C00F08D80F0EE086A08F5F36E4FF0010915A8754671464FF0FF33CE
:402CC000002210F8016BA6B90E78012E11D15F1C0ED003EB830608EB061606F29C7691ED017AD6ED007AB4EEE77AF1EE10FA00DD13460132A24201F15001E2D15E1C01F08F
:402D00007B8115AA03EB830708EB0717002602F803904FF0FF305246314607F5F46CBB4617781546002F00F05C85DCED007A95ED037A77EEC77AF0EEE77AF4EEC97AF1EEAD
:402D400010FA1FD5F6B99BF8B467002E00F05C85D5ED107A78EEE77AF4EEE67AF1EE10FA10D895ED087A0BF2AC75D5ED007A77EEC77AF0EEE77AF4EEE97AF1EE10FA94BF0F
:402D8000012600260131042902F1C402C8D1002E91D1421C8FD003EB8302C42100FB01F1120102F5F36201F67811CDED008A5BB2424441444046FFF783FB98F80540002C4D
:402DC0007FF473AFF022FF2136A810F017FA00213C2217A810F012FA35AB0221012636AC0DF5E27A18460DF1590703E0504501F1010112D050F8042F002AF7DBCA1E7D186B
:402E00003B2A02F1010298BF2E708A4205F10105F6D1504501F10101ECD1029A00270DF15B0102F576720DF1970626A828E000BF3A510210AF8BAC3ED7A370BFD7A3703FAE
:402E40005C16D440CDCCCC3DB81E853E002474C9CDCCCC3E00000000D2ED007AF5EEC07AF1EE10FA78EE277A94BF01250025B142C2ED007A057002F1040200F101000DD050
:402E800011F8015F002DE7D1B14205701760C2F8F07000F1010002F10402F1D1029A059402F599684FF0FF379B465BF8042F002A2DDB029BD8F8000002EB820203EB021203
:402EC00002F29C7102F2AC720968D2F800900CF0B1FE444626ABFA1C44F8EC0B3D46FE18039717463B2D0AD83378002B00F0F7844FF00003C4F80090C4F8F09033700135E7
:402F0000BD4204F1040406F10106EBD1039FD34507F1010708F10408C7D1029B059C1FED37AA5FED37AA5FED379AB1EE089A4FF0000B03F5757503F2C44802269A4654F84D
:402F4000043B002B64DBD5ED017AF4EEC97AF1EE10FA5DD403EB8302D5ED3D7A0AEB021202F29C7167EE8A7A91ED007AB4EEE77AF1EE10FA4FEA830C4AD4D5EDB57A95EDA0
:402F8000797A77EEC77AF4EEEA7AF1EE10FA3FDC02F5F4621FED527A0499D2ED006A4FF0FF3E0022087801280ED1D1ED037A76EEE77AF0EEE77AF4EEC77AF1EE10FA48BFCB
:402FC000964648BFB0EE677A0132042A01F1C401E8D1BEF1FF3F00F09284C42303FB0EF101F67811514402230B701F238B70012381F84D302A46F31E3B2B03F101039CBF81
:40300000C2F800B0C2F8F0B0B34202F10402F3D10435454506F1010691D1029B1FED734A03F6884A049BF6EE005AB7EE006AF1EE004AB0EE085A1A7872B393F90320002A21
:40304000C0F22E87029902EB820201EB021202F29C71D1ED006A92F89A27C4EEA67A07EE102AB8EE477A76EE677A37EE067A67EE877AC7EE856A68EE257A93ED127AF4EE3A
:40308000C67A76EEC76AF1EE10FAC8BFF0EE467AA6EEA77A83ED127AC4335345CBD1049C029FF1EE04AAF7EE009AB6EE00AA00252378002B40F04E860135042D04F1C404A3
:4030C000F6D1029BDDF810C093ED009A4FF0000E754664462378002B40F03F850135042D04F1C404F6D1029800F5447B90F87849002C40F0F584C4308345F7D1029BCDF804
:403100000CB003F63C2903F52367CB46F0EE089AB5EE00AAF7EE00AA00264FF00108B946ABF1C4075C464D461BF8C43C013BDBB2012B00F2E2832378013BDBB2012B224626
:4031400000F2DB831BF8783C022B00F0D68394F84C30022B00F0D1835BED217A79EE677AF4EEE97AF1EE10FA09D8D4ED107A79EE677AF4EEE97AF1EE10FA40F2F3835BED5E
:403180002E7A94ED037A77EEC77AF0EEE77AF4EECA7AF1EE10FA80F2F583D5ED007A78EE277AF4EEEA7AF1EE10FAC5ED007A24D41BED1C7AD4ED157AB4EEE77AF1EE10FA1B
:4031C0009CBF3A46234692F84D1088BF3B46002900F0FF87906C82F84D10996C069305920CF028FD059A069B90641978022908BF11700022002119702A60C434544505F1FF
:40320000040591D108F10108B8F1040F09F1C8090BF1C40B84D1DDF80CB0DFED8F6A049BB7EE007A1A78002A40F0C283C4335345F8D1029B049F9FED89AADFED899ADFED23
:4032400089AA00269E713C46984694F80090B9F1020F40F0D98094F84C50002D40F0D48021464046FFF7D8F8002800F0CD80F5EE005AB0EE086AB6EE005A3946B54249D05B
:4032800091ED157AD4ED157AB4EEE77AF1EE10FA08D4B4EE677AF1EE10FA3BD14A7863789A4237D20B78022B34D191F84C308BBB4046FFF7B1F868B3D1ED037A94ED037A76
:4032C00077EEC77AF0EEE77AF4EEE57AF1EE10FA20DAD1ED107A79EE677AF4EEC67AF1EE10FA00F29180D4ED107A79EE677AF4EEC67AF1EE10FA00F28780D1ED087A94EDCF
:40330000087A77EEC77AF0EEE77AF4EEC57AF1EE10FA79D90135042D01F1C401AED198F80620531C88F80630C2EBC20308EB8303617883F8881C94ED117A38EEC77AF7EE17
:40334000007AB4EE677AF1EE10FA98BF4FF0010983F8899C94ED127AB5EEC07AF1EE10FA4FEAC20540F11C83F0EE6A7AAB1A08EB830303F68C41C1ED007A03F54963E168A9
:403380001960D4ED087ABFEE007AF4EEC77AF1EE10FA00F10283B7EE007AF4EEC77AF1EE10FAD4BF17EE900A17EE100AAD1A08EB850505F6984318600CF030FB07EE900AE4
:4033C00067EE8A7A05F69443C3ED007A05F69C4322691A60D4ED107A94ED1B7A78EEE77AF0EE086AF4EEE67AF1EE10FAB4EEE97A94BF01230023F1EE10FA85F8A03C4CBF0A
:403400000123002385F8A13C0136042E04F1C4047FF41BAF079B1A780023CDE93633CDE93833CDE93A333C9312B101238DF8F030079B5B78002B40F0C486029A02F5526311
:403440009479B0EE007A02F5586517464FF0000C9E46904612E000BF00002042E02E65429A99593F000000009A99193F9A99993E0EF10C0EAE4507F10C0729D097F8206DBD
:40348000002EF5D08CB100224046114629B990F8881C891BB1FA81F149090132944200F11C00F3D1002940F0ED84DEED027A78EE277A0EF10C0EF4EEC77AF1EE10FA4EED6A
:4034C000017AC8BF87F820CDAE4507F10C07D5D1002C45D002981FED1D7AC4EBC40700EB8707064696F8881C844600229CF820ED8E4500F016850132082A0CF10C0CF5D1A0
:40350000844600229CF820EDBEF1000F00F009850132082A0CF10C0CF4D100F62C5C1A46DCED027AD2ED026AF4EE676AF1EE10FA48BF62460CF10C0CAC45F1D192F800C0D8
:4035400082ED027A8C450EBFD2ED017A1170F0EE477A78EE277A1C36BE42C2ED017AC1D1029B0022002A00F09F84C4339B45F9D1002A00F0A184029901F6F8460023012261
:4035800081F8F82CF360029B93F8FCCC002C01F0E383D14652460023BCF1000F41F09C8001339C42FCD8002333614FF00009DDF808B0B2EE049AD0464F46002F01F00580CD
:4035C00098F800005A46002305E00133082B02F10C0201F0E48492F8201D8142F5D103EB430306EB8303D3ED0B7AC7EE897A4FF07E5117EE900A0CF041FBD8ED017A08EEBF
:40360000900A5A4668EEA78A3878002305E00133082B02F10C0201F0C28492F8201D8142F5D103EB430306EB8303D3ED0B7AC7EE897A4FF07E5117EE900A0CF01FFB97ED33
:40364000017A07EE900A67EE877AF4EEE87AF1EE10FA00F1BA8709F101094C4508F11C08AED897ED019A97F8009002994FF0000391F8FD2CB1F8008D69F3070369F30F235C
:40368000002A41F0D38202990022A1F8FC3C002381F8FE2C736133610299D7ED048A91F8F92CD7ED027A3B7E002A41F0A281C6ED077AC6ED088A81F8FA3C029A012382F82A
:4036C000F93C7B7882F8FF3C86ED099A002C00F01984029B5FED9C6A5FED9C5A03F6AC404FF0000C0CF1010C644500F00E8410ED077A0346624617E010F80C1C71B1197C3B
:4037000061B150ED057A93ED026A77EEC67AF0EEE77AF4EEE57AF1EE10FA10DA0132944203F11C0300F05B87D3ED007A77EE677AF0EEE77AF4EEE67AF1EE10FADCDBD6ED85
:40374000067ABF4978EE277A17EE900A0CF096FA07EE900AB1EE047AF4EEC77AF1EE10FAC6ED067AC0F2A287029AADF8F280012382F8FB3C8DF8EF3092F8F83C8DF8EE303C
:403780009DF8F02042F020028DF8F0200299FF22CA71002B00F0B98691F8F93CF26991F8FC1C96ED087A8DF8F1103892002B40F05586002F01F04F83ADF8EC30FFEE007ACB
:4037C000029BB4EEE77A93F8FF3C8DF8D830F1EE10FA40F15886736A37939A4B399300F06ABE451C7FF4CEAA481C0329039062D092F8C400074602F1C4050846002F60D0C9
:4038000003992A46FFF791BA0126FFF7BBBAF0EE087AB4EEE7CAF1EE10FA40F2AF83F7EE007AF4EEE7BAF1EE10FAF6EE007AF4EEE79A40F3E784B9F1010F00F0DE85F1EE93
:4038400010FA01F27B81DFED807AF4EEE75AF1EE10FA7FF7B4A80498F6EE006A9C4691420DD003785BB1D0ED037A76EE677AF0EEE77AF4EEE67AF1EE10FA7FF6F7A8013179
:40388000042900F1C400EAD1F7EE007AF4EEE7BAF1EE10FA63463FF78EA8FFF790B8B0EE467AFFF7DCB9F0EE667AFFF7E9B9B8EE007AFFF7C1B9002E7FF4FDA90320FFF71E
:4038C0006ABA023104293FF462AA92F8887102F5C4721546002F7FF428AAFFF753BA216848460CF0CBF9D4F8F010206048460CF0A1F9C4F8F000FFF702BB2E607DE4524656
:40390000002792F8781931BB0CEB03028946C42101FB07F715A8120107F678114FF0010C574402F5F36200F803C051445BB25244CDED008A50460391FEF7C2FD87F87C997D
:4039400007F6BC1307F6DC17C3ED009A0399C7F800B0FFF748BB0137042F02F1C402D0D1FFF75BBB5BED297AD4ED086A9FED377A77EEE67AF0EEE77AF4EEC77AF1EE10FA01
:403980007FF6FDABD5ED007A77EEC87A314617EE900A0CF04FF928602FE417EE100A05E5B4EEE77AF1EE10FAD8BFF0EE477ADDE4D3ED117A78EEE77AF4EEC77AF1EE10FA08
:4039C00052D9D3ED0E7AF4EEE67AF1EE10FA54DAB3EE046AF4EEC67AF1EE10FA27D59FED1C6A93ED035A029AC5EE067AF6EE005A77EEA57AB0EE006AFDEEE77A17EE904A32
:403A000004F1410102EB8101621E00E002463B2A07D8D1ED007AF4EEC67AF1EE10FA01F3E781A24201F1040102F10100EEDD93F84E202AB3012283F84C20FFF7F7BB00BF74
:403A40000000A0400000B4C2F628D440B81E853E940FE63DAE47613E9A99993E0000803D00000000CDCC4C3F5FED067A93ED186AB4EEE76AF1EE10FAA3D8002283F84E20B0
:403A800093F84D20002A40F04F84D3ED157A93ED186A78EEE77AF0EE085AF4EEE57AF1EE10FAC0F239845FED154A93ED165AD3ED175AB4EEE46AF1EE10FA75EEC55A93ED49
:403AC000195A41F35B805FED1C7AF4EEE75AF1EE10FA41F15A82022283F84C20FFF7A6BB90F87A3913F01F0301F0338100215A1E134001F10101FAD190F87E39092B00F2D1
:403B00005483012B90F8C72901F20581022C01F00881032C01F05E81012C0BD1042A00F24C83022941F2B581012A01F2B881022380F87839B0EE087A00F6B413D3ED007AA2
:403B400078EEE77AF4EEC77AF1EE10FA7FF7D3AA002380F87839FFF7CEBA2379002B00F0C086049B0026A34205D01A78013AD2B2012A40F24E81C4335345F4D1A779002E1A
:403B800000F0F48794F805C07178D4ED039A96ED037AD4ED107A8C4579EEC79A79EE677A00F09487B0EE087AF4EEC77AF1EE10FA40F2718794F850300F2B40F2C48096F82B
:403BC00050300F2B40F2BF8094F85120029896F851B01FED5DAA0A95C5EBC503C3EBC3030393134403F27A2300EB8303CDE90BC1D3F80490069606EB8B0326A8D3F874805D
:403C00000E970DF1D80EA2EB0B03CDE9104AF0EE4AAA059345464F460990CDF83CE076468246059B03EB0B01039B01F00F011944029B01F27A2103EB8101069B4846D1F89F
:403C400004904AF8049B0BF00F0103EB810107EE909A4C6F46F8044B7AEEA7AA07EE904A49463AEE27AA0CF009F8494684463846E1460BF0DFFF2146074640460BF0FEFFD7
:403C80002146804628460BF0D5FF36AB9A450BF1010B0546C5D13B4607EE109A07EE903A77EEC77A1FED947A0A9D0E9FDDF844A0F4EEC77AF1EE10FA0246DDE90BC1DDE999
:403CC0000FE409983FD407EE902A06EE908A77EEE67AF4EEC77AF1EE10FA34D45FEDA17A1FEDA16A6AEEA7AA2AEE27AAF0EE466AF0EE465AB0EC017AFEEC017A37EE6A7AE6
:403D000077EECA7A36AB9842E7EE076AE7EE275AA7EEA76AEED1F5EEC06AF1EE10FA12DDB5EEC06AF1EE10FA0DDD66EE866A1FEDB37AF1EEE67A67EE877AF4EEE75AF1EE85
:403D400010FA80F2D986002F00F0DA86013FFFB200F0D6BE94F90330002B88EE2A9AC0F2A38403EB830307EB031898F89897B9F1010F00F0DE82E668A06D31460BF07EFFE2
:403D8000E16DA06530460BF055FFB9F1020FE06540F0F38208F29C7393ED007AF3EE047AB4EEE77AF1EE10FAC0F2E78208F5F863DFEDD37AD3ED006AF4EEE76A08F2C478D9
:403DC000F1EE10FA98ED007A41F3C480B5EEC07AF1EE10FA76EEA77A05DDF0EE006A37EE877AC7EE267AB6EE006A28EE066A94ED1B7AF7EE006AB4EEE66A77EEC77AF1EE03
:403E000010FAD8BFF0EE466AA6EEA77A84ED1B7AB3E293F84C20002A7FF4ADAE1A79002A3FF4A9AED4ED037AD3ED036A9FEDBB7A77EEE67AF4EEC77AF1EE10FAFFF69BAE92
:403E4000B0EE087AF4EEC77AF1EE10FA3FF693AE93ED0E7AD4ED0E6AF6EE007A67EE277AF4EEE76AF1EE10FA3FF685AE002E01F08980D6ED0E7AB4EE677AF1EE10FAC8BF21
:403E80001E4678E60EF10C0E754507F10C073FF41FAB97F8206D002E3FF4EAAAFFF7F3BAF0EE446AFFF7E7B893F87829022A00F0AF83C4339B45F7D1029A02F6F846D6EDE2
:403EC000037A78EE277AB7EE087AF4EEC77AF1EE10FAC6ED037A40F3D685002382F8F83C029900220023A1F8FC2C81F8FE2C94467361336181F8F92C002C7FF44AAB0023A1
:403F000033610027029BB3F8008DD6ED067A77EEC87A002117EE900A0BF08CFE07EE900A18E402EB4202920002F552620244FFF705BBDFED796AF4EEE65AF1EE10FA3EF7DE
:403F400095ADF7EE006AF4EEE6BAF1EE10FA40F3C886B9F1010F00F0A6869AED0F7A38EEC77AF7EE086AE7EE267AF4EEE97AF1EE10FA3EF57BAD0A93FEF739BD96ED055AB8
:403F8000DAED087ADFED616A75EE677AF0EEE77AF4EEE67AF1EE10FAF7EE007AF4EEE7BA00F21B81F1EE10FA40F3AB86B9F1010F00F02182F6EE007AF4EEE79AF1EE10FABF
:403FC0007FF641AC9FED547AF4EEC75AF1EE10FA3EF74CAD9AED0F7A38EEC77AF7EE086AE7EE267AF4EEE79AF1EE10FA3EF73EAD00210A91FEF7FBBCF022FF2136A80FF0C5
:40400000FDF8DFED404ADDF80880DDF81090B0EE005AF3EE045A00262B7F002B69D02B786F78012B00F0A880D5ED017AF4EEE57AF1EE10FA5DD4D5ED026A9FED327A4A469C
:404040004FF0FF300023117801290ED1D2ED037A76EEE77AF0EEE77AF4EEC77AF1EE10FA48BF184648BFB0EE677A0133042B02F1C402E8D115AB9B5D0BB1431C39D007F13D
:40408000410208EB82027B1E07F1020C0021002946D00133634502F10402F8D1002384464A461846002855D00133042B02F1C402F8D1F1B9E8B929464046FDF72BF9C0B9CB
:4040C0000DEB8703BF00D3F8D830002B0EDB03EB830308EB031303F29C73D3ED007A95ED017AB4EEE77AF1EE10FA02DD6F44C7F8D8600136A64205F150058DD1FEF767BE89
:4041000000000000CDCCCC3E9A99993EB81E853EAE47613E00000000F628D440CDCC4C3E3B2B06D90133634502F10402B6D03B2BF8D8D2ED007AF4EEC57AF1EE10FACCBFAC
:4041400001210021A5E7BCF1030F02F1C4020CF1010308D09C45F6D01078C0B90133042B02F1C402F6D10029C3D129464046FDF7D1F80028A4D0BCE708EB8703D3EDF67A39
:40418000F5EEC07AF1EE10FA3FF655AFB1E7D2ED037A76EEE77AF0EEE77AF4EEE47AF1EE10FA4CBF012000207EE7022C05D0032C3FF4C0AC012C7FF4BDAC032380F87839E5
:4041C000B8E49DF8F03043F002038DF8F030FFF734B993F84D10FEF7FDBFF1EE10FA3EF745ACF6EE007AF4EEE79AF1EE10FA0DD85FED377AF4EEE75AF1EE10FA3EF736AC57
:40420000FEF7DEBBF1EE10FA7FF61DAB5FED3E7AF4EEE75AF1EE10FA3EF728AC9AED0F7A38EEC77AF7EE086AF6EE007AE7EE267AF4EEE97AF1EE10FA7FF5DAAEFEF716BC1F
:4042400096F94C1000290ADB91427EF40FAC5FED4D7AF4EEE79AF1EE10FA3EF707AC9AF84D1061B1DAED177ADAED166A1FED5A7A77EEE67AF4EEC77AF1EE10FA09D49AED49
:404280001A7AF7EE007AB4EEE77AF1EE10FA3EF7EDABB0EEC99AF6EE007AB4EEE79AF1EE10FA03DD0A9900293EF4E0AB002B00F0B785F0EE087AB4EEE7CAF1EE10FA00F299
:4042C000AF85DAED085A96ED055A1FED707A75EE657AF0EEE77AF4EEC77AF1EE10FA3EF7C5ABF7EE007AF4EEE7BAF1EE10FA7EF7F2AB5FED767AF4EEE79AF1EE10FA7EF77D
:40430000EAAB02980A923146FDF704F80A9A00283EF4E1ABFEF7AABB5FED837AB4EEE76AF1EE10FA3FF786AB002283F84C20FEF77DBFF6EE006A68EE266A08F5FC6898ED87
:40434000006AD4ED187AE668A16DB7EE007AF4EEC76A36EE676AF1EE10FAD8BFB0EE667AE7EE067A3046C4ED187A0BF087FC3146A065E06D0BF05EFCE065B4EEE99A23794F
:40438000D4ED197AF1EE10FAC8BFB0EE699A002B40F048811FEDA17A37EE677AE9EE077AC4ED197A94F85120C5EBC503C3EBC303134403F27A2307EB83035E60531C03F041
:4043C0000F03D4ED177A94ED167A84F8513094F8503077EEC77A0F2B98BF0133F4EECA7A98BF84F85030F1EE10FAA4BF012384F84D30FEF761BEF4EEE79A5FEDB97AF1EE1D
:4044000010FAF4EEE75A00F2D383F1EE10FA3FF722AA5FEDBE7AF4EEE79AF1EE10FA00F240849AED0F7A38EEC77AF7EE086AF6EE007AE7EE267AF4EEE97AF1EE10FA3EF594
:4044400015ABCC490E9215EE900A0A930BF016FC0A9B0E9A0BEE100AFEF731BB029AFFEE007A92F8FF3C8DF8D830B4EEE77A92F8FA3C8DF8ED30F1EE10FA4FF001038DF8D4
:40448000EC3000F17883F7EE007AB4EEE77AF1EE10FAD4BF17EE100A17EE900A0BF0BEFA9FEDB57A736A379307EE900A67EE877ACDED397A4FB37B690D9A029C3A930023D6
:4044C00092F87819A1B192F87909397888420FD1E37192F97B1900290ADB01EB810104EB011191F89B079DF8F01001438DF8F0100133042B02F1C402E2D17B7E2BB19DF836
:40450000F03043F010038DF8F030029E00220023C6E90423089A1378022B02D192F84C30CBB1C4325245F6D136ACA4460FCC0FC594E8070085E80700BCE80F00869E0FC694
:4045400094E80700002786E80700384673B0BDEC0A8BBDE8F08F9FED897A92ED036AC6EE077A4FF0010CF6EE006A77EEA67AB0EE007AFDEEE77A17EE900A00F14001831E74
:4045800006EB810103303B2B19D8D1ED007AF4EEC77AF1EE10FA12D8A3F12004C3F120072CFA07F70CFA04F43C433769029777693C43029F74610CFA03F42743376101335B
:4045C000834201F10401DED1ABE709F101094C45474608F11C083EF6F0AFFFF742B81C30FFF780B803F2AC7308EB0301C42303FB06830AF6981040440022FCF759FE03F638
:40460000B81323F8362CC3ED008A069AFEF718B993F8C429B2FA82F25209FEF7A6BF0020FEF796BA39EEE77A4FF07C51E9EE077A3046C4ED197A0BF0FDFAD4ED096A94ED93
:40464000047A07EE900A67EEA67A67EEA77AE7EE077AB1EEE77A84ED1A7AA3E64FF07C510BF0E8FA07EE100AF7EE006AC6EE877A09F5F66309F2AC791A68D9F80030CBF8A5
:4046800020300023CBF82430CBF82C300AF6B813CBF8282067EEA77ACBED0C7AC3ED008A0023AAF88239B0E7E66866E6F5EEC07AF1EE10FAADF8F28040F23482029B93F8AF
:4046C000FB2C93F8F83C8DF8EF208DF8EE30002A3FF45CA8FFF754B81F4611781046614503F1010308BF07469C4202F11C02F4D8BCF1000F3EF457AF002F00F0318300239F
:404700004FF00008CDF810A0DDF808A003970595B2EE049A254633616746444699F800E0BE45CB4671D0002C55D05246002305E00133082B02F10C0200F0318492F8201D0D
:404740007145F5D103EB430306EB8303D3ED0B7AC7EE897A4FF07E5117EE900A0BF08EFAD9ED017A08EE900A524668EEA78A2078002313E0F628D440E02E6542940FE63D9A
:40478000CDCCCCBD9A99593FCDCC4C3EB81E853E0133082B02F10C0200F0018492F8201D8142F5D103EB430306EB8303D3ED0B7AC7EE897A4FF07E5117EE900A0BF05EFA7B
:4047C00094ED017A07EE900A67EE877AF4EEE87AF1EE10FA0DD508F10108454509F11C0940F2C88399F800E0BE455C460DD0CB469BE708F10108454509F11C0940F2B48307
:4048000099F800E07745CB468FD108F10108454509F11C0982D8A0462C46DDE904A5039FB8F1000F00F02A8398F80090029A002305E00133082B02F10C0200F0B08392F83E
:40484000201D4945F5D103EB430306EB830393ED0B7A98ED019AF2EE047AC7EE277A4FF07E5117EE900A0BF009FA09EE900A029A387869EE299A002305E00133082B02F11F
:404880000C0200F08C8392F8201D8142F5D103EB430306EB830393ED0B7AD7ED018AF2EE047AC7EE277A4FF07E5117EE900A0BF0E5F907EE900A68EEA77A77EEA77AF4EEF4
:4048C000E97AF1EE10FA00F1F081B0EE689A02990023002281F8FE2CB1F8008D7361FEF7DBBE029A92F8781929B192F879696079864200F0DD820133042B02F1C402F1D184
:40490000A3790BB1013BDBB2A37194F90330002BFEF6E4AB049B0021A34204D01A78013AD2B2012A0ED9C4335345F5D194F84F30002959D0FF2B01D00133DBB284F84F300F
:40494000FEF7CCBB93F84C20002AECD193F90320002AE8DBD4ED037A93ED037AF4EEC77AF1EE10FADFD9D4ED106A78EEE66AB0EE086AF4EEC66AF1EE10FAD4D8D3ED106A60
:40498000D3ED1B5A78EEE66AF4EEC66AF1EE10FA00F272815FED866AB0EE006AE7EE066A1FED887AF4EEC75AF1EE10FA77EEE67A0ED494ED087A93ED086A5FED8D6A37EEA5
:4049C000467AB0EEC77AB4EEE67AF1EE10FAAAD8F0EEE77AB5EE007AF4EEC77AF1EE10FA98BF41F001019EE7002BA7D0013BDBB2A4E796ED077A78EE089A77EEC77AF1EEAD
:404A0000696AF4EEE67AF1EE10FA08D4F4EEE79AF1EE10FA54BFF0EE676AF0EE696A37EE267A029A86ED077A4BB392F8FA3C1BB317EE100A4FF07C510BF0FCF807EE900A53
:404A4000C9EEA76AD6ED087A78EEE78AB1EE667AF4EEC78AF1EE10FA08D4F4EEE86AF1EE10FA54BFB0EE687AB0EE667A77EE877AC6ED087AFEF721BEC6ED088A012382F85B
:404A8000FA3CFEF71ABE029B93F8F83C002B3FF427AAFEF778BDD6ED107A79EE677AF4EEC77AF1EE10FA3FF685A8D4ED087AD6ED086A1FEDCA7A77EEE67AF0EEE77AF4EE8D
:404AC000C77AF1EE10FA17D9FFF774B894ED0D7AF0EE086A39EEC77AF4EEE67AF1EE10FAB0EEC77A40F2AD80DFEDC47AB4EEE77AF1EE10FA3FF65EA8FF2F01D00137FFB238
:404B00008C45A77103D06171C4ED0D9AFDE6D4ED0D7A9FEDBB7A79EEE79AE9EE877AC4ED0D7AF2E6029A002382F8FB3C8DF8EF3092F8F83C8DF8EE30FEF728BE9FEDB17ACC
:404B4000F4EEC75AF1EE10FA3DF790AF9AED0F7A38EEC77AF7EE086AE7EE267AF4EEE97AF1EE10FA7FF545AAFDF780BF0FB1013FFFB2A771C9E617EE900A8FE49FEDA26AAD
:404B8000F4EEC65AF1EE10FA7FF5CEAB9FED9F6AB4EEC65AF1EE10FA7FF7C6ABB2EE046AF4EEC67AF1EE10FABEF695AFFFF7BCBBF1EE10FA3DF75AAF0A91DFED986A9FED5D
:404BC000944A0B99F0EE084A00209E4605E00130B84201F1500100F0A98091F800C0BCF1020FF4D1D1ED027A77EEC77AF0EEE77AF4EEE67AF1EE10FAE9D80B7F002B3DF4D6
:404C000035AFB4EEE4CAF1EE10FA3DF62FAFD1ED057A9AED085A77EEC57AF0EEE77AF4EEC47AF1EE10FAD2D8FDF720BF4A453EF42AAD08F101081FFA88F8A1F8008DFEF769
:404C400022BDD6ED107A79EE677AF4EEE67AF1EE10FA3FF649AFD4ED087A96ED086ADFED6C6A77EEC67AF0EEE77AF4EEE67AF1EE10FA7FF641AF37E7DFED666AF4EEE65A3E
:404C8000F1EE10FA7FF54FAEDFED636AB0EE006AE7EE066A77EEE67A9AE604981946FEF7DBBD012188E70A9387E7029B93F8FE3C4B4500F0F880029BF0EE487A83F8FE9C9F
:404CC000B1EE047AF4EEC77AF1EE10FAC6ED057A80F2D780029BB0EE689AB3F8008DFEF7DBBC9AED0F7A38EEC77AF7EE086AE7EE267AF4EEE79AF1EE10FA7FF73CA9FDF7B1
:404D0000B5BEF6EE007AF4EEE79AF1EE10FA3FF67DAAFEF798BD012C00F0B680022C7EF409AF042A7EF606AFFFF747BA9AED0F7A38EEC77AF7EE086AF6EE007AE7EE267A16
:404D40007346F4EEE79AF1EE10FA7DF750AEFDF78DBE1946FEF7D0BEBCF1000F3FF4CFA8029B0022CAB1C4339B45FBD1D6ED047A78EE277AC6ED047ADAB1B0EE007AF4EE5A
:404D8000C77AF1EE10FA14DC029A92F8FC3CA3B1B2F8008D0027FEF799BC93F878298AB9C4339B45F9D1D6ED047A77EE887AC6ED047A029A002382F8FC3C002C7EF4F5ABE7
:404DC000FFF79FB893F87929A2EB0C02B2FA82F25209C8E7002B7EF4ADAE002A7EF4AAAE032934BF0123022380F87839FEF7A2BE012283F84E20FEF71DBE00BF9A99193E7D
:404E0000CDCCCC3DF628D4409A99993E9A99193FB81E853E9A99593FCDCCCCBDCDCC4C3EF7EE007AF4EEE7BAF1EE10FA7DF76AAE5FED067AF4EEE79AF1EE10FA7DF762AE6D
:404E400002980A923146FCF765FA0A9A00283DF459AEFDF70BBEFFEE007AB4EEE77A0223F1EE10FAADF8EC708DF8D8307FF50BAB736A37934B4B3993FFF747BB97ED019A22
:404E800025E54746FEF7F1BB042A3FF696A9022905D8B0F880390133042B3EF659AEB7EE007AFEF749BED6ED057A78EE277A07E7D4ED117A79EE677AB7EE007AF4EEC77AE9
:404EC000F1EE10FA5CDDD4ED177AD4ED166A9FED367A77EEE67AF4EEC77AF1EE10FA4CBF012600260298D4ED037A9FED307AC42202FB030202F68410D0ED006A77EEE67A2A
:404F0000F4EEC77AF1EE10FA0DD502F6BC12D2ED007A79EE677AB7EE007AF4EEC77AF1EE10FA3FF7EDAC4A1ED2B2012A3FF6E8AC0299C42202FB031393F8C429002A7FF4B9
:404F4000DFAC002E3FF4E1AC93F87C39002B3FF4DCACD5E4B5EEC07AF1EE10FA7FF70DAAF7EE006AFEF73BBFA046039F2C46DDE904A559E42C46DDE9037A059DD8464FE45A
:404F80000026AFE71E46FEF7F6BDDFED097AB4EEE75AF1EE10FA7EF74DADFEF79CBD00235B68FFDE0000B4C29A99993ECDCC4C3E9A99193F18B10378032B01D00020704746
:404FC00090F84F30002B0CBF01200220704700BF072900D901BE012A04D901BE01238B4083607047002AF9D101238B404360704708B503460A4677280AD8C1080648006850
:40500000806900EBC11003F00701FFF7E1FF08BD014909688869F6E790B5020807EE100ADFED0F7A67EE277AB5EEC07AF1EE10FA0FDBB6EE007A77EE877AFDEEE77A17EE7E
:40504000900AB0F5004F07DA10F5004F06DC054804E0BEEE007AEEE747F6FF7000B270470000C8420180FFFF07EE900A9FED0B7A67EE877AB6EE007A77EE877AFDEEE77AFB
:4050800017EE900A002806DB4FF6FE73984203DD4FF6FE7000E0002080B2704700007A4407EE100ADFED0F7A67EE277AB5EEC07AF1EE10FA0FDBB6EE007A77EE877AFDEE05
:4050C000E77A17EE900AB0F5004F07DA10F5004F06DC054804E0BEEE007AEEE747F6FF7000B270470000C8420180FFFF10B5044604F0AAF8001B10BDF8B505460C4604F010
:40510000A3F806460B4F4FF0FF31386802F078FF2846FBF78FFC054600231A461946386802F0F8FC3046FFF7E1FF2368034423602846F8BDECE601082DE9F04105460F4692
:40514000144604F081F80646DFF83C804FF0FF31D8F8000002F054FF4FF4005239462846FBF790FC054600231A461946D8F8000002F0D0FC3046FFF7B9FF236803442360D1
:405180002846BDE8F08100BFECE601082DE9F04105460F4690461C4604F056F806464246394641F27800084B00FB0530FBF722FD05463046FFF79AFF236803442360281EF3
:4051C00018BF0120BDE8F081F8850108F8B506460C4615461F4611460020FFF78DFF2070A8B129460120FFF787FF6070164A21780020FBF723FA23787BB16378ABB1124AD0
:4052000061780120FBF71AFA6378ABB1F8BD2A460D49FFF791FF2070E3E73B4632460A490020FFF7B3FF2070E7E72A4606490120FFF782FF6070E2E73B4632460249012015
:40524000FFF7A4FF6070E1E7E8A601082DE9F041DCB006460C4601AD4FF4B672002128460DF0CCFFB74B0193042302933368049373680593B3680693F368079333690893AE
:4052800073690993B04B58798DF828009B798DF82930637E8DF82A30237E8DF82B3000231FE0002236E0002201A901EB43156A6303EB8306A44A02EB061202F5F766366837
:4052C000AE6302F5F8663668EE6302F2BC752D689E1C01EB46110D6002F2C47212684A600133984234D903EB8301974A02EB011292F8985701A901EB431181F8285092F89B
:40530000995781F8295092F89B1792F8B467002EC7D001220A4301A901EB431181F82A2003EB8305884A02EB051202F29C752D68CD6202F5F46212680A63002EB3D003EBE0
:405340008301814A02EB011202F2AC721268ABE7002546E0002130E0002605EB450001A901EBC001324381F8FC200133764A92799A4235D9744AC3EBC30102EB810191F877
:40538000881CC42000FB052292F879299142ECD1C3EBC3026C4901EB820191F8896C05EB450001AA02EBC00282F8EA6092F8FC2091F8A01C0029CDD001210A4305EB4500CA
:4053C00001A901EBC00181F8FC20C3EBC3005E4901EB800191F8A11C0029BDD00226BCE70135032D5DD8C42205FB02F202F67810554B1844134493F87839002BF0D0524E66
:40540000C42202FB056696F8791905EB450201AF07EBC20787F8E81087F8E93096F97B3987F8EB3096F87E3987F8FD3096F87D3987F8FE3096F8C73987F8FF3096F8C48977
:405440004FEA88085FFA88F8FFF7B4FD0301DBB248EA030887F8FC8006F684131B68C7F8EC3006F698134FF07E5118680AF006FC36490AF0DFFB0AF0D1FA07EE900A9FEDC5
:40548000347A67EE877AC7ED3C7A06F688131B68C7F8F43006F51C663368C7F8F830002364E72278539262685492A2685592E268569222695792237E627D2AB34FF48072BC
:4054C0001343A27D12B34FF400721343E27DFAB14FF480621343227DE2B14FF4006213435893638BADF86E31174B1869596959905A911B7A8DF86C31164A936801339360E6
:40550000BFF35F8F00230EE00022D9E70022DCE70022DFE70022E2E701AA52F823100D4A42F8231001335A2B02D8022BF4D1F9E7BFF35F8F074A9368013393605CB0BDE80B
:40554000F08100BF5244424758780108000080BFE02E6542F82E000838B504460A4D4FF0FF31286802F04CFDA446084C0FCCACE80F0094E807008CE8070000231A4619467D
:40558000286802F0C7FA38BDE8E601083C78010870B504460A4D4FF0FF31286802F030FD084B1E787022084920460DF021FF00231A461946286802F0ADFA304670BD00BF7F
:4055C000E8E60108C8770108CC77010870B582B0012002F00FFF1E4C2060012002F00AFF1C4B186023686BB370B303238DF8043001A8FBF7E9F818B10124204602B070BD89
:40560000154800F035FA0024012C09D841F27800124B00FB0430FBF775FAB8B90134F3E70F48FCF7D3FF044608B10124E5E70D4D0D4E0FCE0FC596E8070085E80700FAF744
:40564000A7FFDAE70124D8E70124D6E70124D4E7ECE60108E8E601085C500210F8850108587801083C780108D885010830B583B00C4603780B70037E8B720378DBB10546FB
:40568000D0ED017A9FED237A67EE877AF6EE006A77EEA67AF4EEC77AF1EE10FA19DCF5EEC07AF1EE10FA2DD4FCEEE77ACDED017A9DF804300EE04B704FF0FF328A70CA70C2
:4056C0000B716FF07F024A718B71CA710B724A7216E0642363702B7DB3B1A868FFF7C4FC60806B7D9BB1E868FFF798FCA0800023A3716FF07F03E3712869FFF7D1FC208192
:4057000003B030BD0023E5E74FF6FF70E8E70248ECE700BF0000C8420080FFFF2DE9F04383B0074689469046042901D8002417E04FF00409FAE76423B370A868FFF794FCF7
:40574000A6F803002B7EC3B3E868FFF767FCA6F805006869FFF7A4FCA6F807000134E4B2A1452CD9C4EBC40207EB820504EBC40308EB0306D5ED017A9FED137A67EE877A0F
:40578000F6EE006A77EEA67A17F8222008F803206B787370F4EEC77AF1EE10FACBDCF5EEC07AF1EE10FA06D4FCEEE77ACDED017A9DF80430C0E70023BEE70448C7E7484609
:4057C00003B0BDE8F08300BF0000C8420080FFFF2DE9F0472DED028B9EB003F035FD1D90A0F16404002688E0564BD3E9042341F27800554900FB0410FBF7D6FC0134E4B291
:40580000012CF1D901215320FFF7F2FB0BAB0AAA02A918EE100AFFF7D9FC00230CE003F178020DEB020111F8702CB2FA82F2520901F86C2C0133DBB2012BF0D90021532086
:40584000FFF7D6FB03F000FD0446DFF8F8900DF13408CDF8008018EE103A03AA3A494846FCF700FF2046FFF741FC0C90DFF8ECA04FF0FF31DAF8000002F0C2FB334CC44638
:40588000BCE80F000FC49CE8070084E8070099F806202F4B1A70702209F688412D480DF0A7FD00231A461946DAF8000002F032F9414607A8FFF7CAFC8FB104AC2146404699
:4058C000FFF7D4FE14AF3A4699F8061009F68840FFF724FF024639462046FAF7DDFE14AC21460DA8FFF7C2FE204600F053F9013664211DA803F0B4FC2C4603F0A5FC054674
:40590000041B07EE904AB8EE677ADFED137A87EE278A00240794089409940A940B940C940796089068EE277AB6EE007A77EE877AFCEEE77ACDED097A01463046FAF73CFE7E
:4059400007465DE758780108F88501083C780108C8770108CC77010800007A44E8E6010838B51446037ECB401170002262704FF0FF31A170E17022716FF07F02627113F0EF
:40598000010F12D0054603787BB1012B00D0022363702B7D4BB1A868FFF766FB60806B7D1BB1E868FFF73AFBA08038BD4FF0000C11E0400080B280F4815080F00100013348
:4059C000DBB2072B05D810F4004FF2D1400080B2F5E70CF1010C944505D211F80C3080EA03200023EDE7704708B50A4601464FF6FF70FFF7DBFF08BD08B5044B186818B17B
:405A00004FF0FF3102F0FCFA08BD00BFF4E6010808B5044B186820B100231A46194602F079F808BDF4E6010870B504460D46FFF7E3FF074E33689B682A46012120460DF0DC
:405A400091FA336898680DF069F9FFF7E1FF70BD4C31000808B5054B1B6803B108BD012002F0C8FC014B1860F8E700BFF4E601080FB410B582B0049C74B105AB0193FFF73B
:405A8000BBFF019920460DF01DFB064B1B6898680DF044F9FFF7BCFF02B0BDE8104004B0704700BF4C31000810B586B00346AA228DF8042055228DF805200E228DF806204D
:405AC00000228DF8072003228DF8082011490A78501C08708DF8092001AC1A68CDF80A209A88ADF80E20D3F8060004905B89ADF8143012212046FFF777FF8DF81600C0F300
:405B000007208DF8170014212046FFF78DFF06B010BD00BFF3E6010810B586B0AA238DF8003055238DF8013012238DF8023000238DF8033004228DF8042015490A78541CD0
:405B40000C708DF80520CDF80630CDF80A30CDF80E30CDF8123058B104460DF057FC0246102800D9102221460DF106000DF040FC16216846FFF738FF8DF81600C0F30720A2
:405B80008DF8170018216846FFF74EFF06B010BDF2E60108A0B310B586B00346AA228DF8042055228DF805200D228DF8062000228DF8072005228DF8082012490A78501CC9
:405BC00008708DF8092001AC19685A68CDF80A10CDF80E201A899B7AADF812208DF8143011212046FFF700FF8DF81500C0F307208DF8160013212046FFF716FF06B010BDA1
:405C0000704700BFF1E601080B460146D0B3042B00D9042370B58CB003EBC302D01C5C1C04EBC404AA258DF8005055258DF801508DF80200C0F307208DF8030006208DF80D
:405C40000400144D2878461C2E708DF805008DF80630D3B9A51E29466846FFF7C5FE04F12E030DEB030505F8300CC0F3072004F12F036B4403F8300C21466846FFF7D4FE92
:405C80000CB070BD002BC5D070470DF107000DF0AFFBDFE7F0E6010870477047FFF7FCFF72B6144C144DAC4209DA21686268A368043BA2BFC858D050FAE70C34F3E70F4989
:405CC0000F4A00209142BCBF41F8040BFAE70D480D490860BFF34F8F00F096F800F07AF800F092F90DF0F2FAFAF718FC0DF012FBFEE7000028390410403904107837000820
:405D0000F0B80208002C000808ED00E0FEE7FEE700B504207146084202D0EFF3098002E0EFF30880043009F08DF8FEE7000000000230800803D001300238FCD100BF00BFA1
:405D40007047EFF3108072B6704780F31088704708B5012007F0D2F908BD704710B5002008F0D4FF00B910BD0446124B186008F0FBFB0130B4FBF0F00F4B186008F0FEFB77
:405D80000130B4FBF0F40D4B1C60013C0C4BA3FB04239B0C01330B4A13700B4BA3FB0434A4090134094B1C60002008F0AFFF084B1860D8E77430000870300008783000080D
:405DC00083DE1B4364300008D34D6210683000086C30000808B5094806F07CFEFFF7BDFFFFF7BCFF00221146032007F0E7F9044807F042F8034807F08DF808BDA830041029
:405E000018E7010880510210EFF3108172B6074AD2F8883043F47003C2F88830BFF34F8FBFF36F8F81F31088704700BF00ED00E008B500F005F800F00FF800F019F808BDF7
:405E400008B5034804F028FD024804F025FD08BDB8510210B451021008B5034804F01CFD024804F019FD08BDC0510210BC51021008B50C4804F010FD0B4804F00DFD0B4884
:405E800004F00AFD0A4804F007FD0A4804F004FD094804F001FD094804F0FEFC084804F0FBFC08BDE0510210DC510210D8510210D4510210D0510210CC510210C851021053
:405EC000C451021008B5044809F070F808B1002008BD0248FCE700BF7C3000080000020610B504F0D7FC044658B905F0F5FE044610B1FFF79DFF07E040F6E441002005F008
:405F000039FFFFF795FF0CB1204610BDFFF7DAFF0446F9E7034B0360034B0B6080231360704700BFF0EE0108F0EC0108034B0360034B0B604FF480731360704780EC0108B5
:405F400080E80108EFF3058303B100BE7047000008B5074B1B7813B1054B187808BD02F0F1FF013818BF0120014B1870F4E700BF60EF010810B5FFF7E5FF01F09BFA0024F0
:405F8000032C0BDC104B53F8243013B1013424B2F6E70D4B012243F8242001E04FF0FF3401F0AAFA002C0BDB04EB8401074B03EB0111042002F029FA034B43F8240010BDB8
:405FC00000BE0020FBE700BF64EF010874EF010810B50446FFF7B6FFFFF7BAFF30B142F21071204602F0D5F80128F8D110BD10B50446FFF7A7FFFFF7ABFF00B910BD204640
:4060000001F04CFEFAE7000008B5FFF7B3FF074B1860FFF7AFFF064B1860FFF7ABFF054B1860FFF7A7FF044B186008BDC0F00108BCF00108B8F00108B4F0010808B5034646
:406040000A4A10680A4A121A9A4207DBC118094A914203DB0344054A136008BD0DF030F90C2303604FF0FF30F7E700BF9830000800E80308F0B8020808B5024B1868FFF7B3
:40608000A7FF08BDC0F0010808B5024B1868FFF7AEFF08BDC0F0010830B54FF0000E1DE032F81EC04FEA9C0C0EF1010332F813309B0850F82C4050F8235040F82C5040F88B
:4060C00023400CF1010C50F82C40013350F8235040F82C5040F823400EF1020E7145DFD830BD2DE9F0412DED028B90B006460846358801EB850774684FEA550801EB880EE7
:4061000007EB880CED083A460B46CFE093ED005A8DED0C5A93ED016A8DED0D6A93ED023A8DED0E3A93ED037A8DED0F7A92ED000A8DED080AD2ED010ACDED090A92ED021A09
:406140008DED0A1AD2ED031ACDED0B1A9EED002A8DED042ADEED012ACDED052A9EED024A8DED064ADEED034ACDED074ADCED005ACDED005ADCED016ACDED016ADCED023A31
:40618000CDED023ADCED037ACDED037A35EE008A83ED008A36EE208A83ED018A33EE018A83ED028A37EE218A83ED038A35EE405A8DED085A36EE606A8DED096A33EE413A77
:4061C0008DED0A3A37EE617A8DED0B7A72EE251ACEED001A72EEA61ACEED011A74EE231ACEED021A74EEA71ACEED031A75EEC25ACDED005A76EEE26ACDED016A73EEC42A50
:40620000CDED022A77EEE47ACDED037AD4ED004A94ED014A65EE243A26EE042A26EE246A25EE045A73EE823AC2ED003A36EE456A82ED016A25EE846A26EEA45A66EE846A99
:4062400065EEA45A36EE456A8CED006A76EEA56ACCED016A94ED026AD4ED035A23EE065A67EE254A27EE067A63EE256A35EE245A82ED025A37EE667A82ED037A62EEA56A0F
:4062800027EE865A67EEA57A22EE867A76EEC56ACCED026A77EE877ACCED037A013D103410320CF1100C0EF1100E1033002D7FF42DAF1FFA88F802237268414600F0AAFBA4
:4062C000022372684146384600F0A4FB10B0BDEC028BBDE8F0812DE9F04F2DED048B95B004900A46059103885B0801EB830601EBC3010C46029101EB8305311F0191A5F15E
:40630000040C0CEB8301D0F804E05B081F46039392ED007AA4F10408D4ED007A37EE272A37EE677AD2ED017A2046D4ED016A77EEA62A77EEE67A96ED013A73EE073AD5ED8F
:40634000016A73EEE63ACDED103AD6ED005A37EEE54A95ED006A34EE064A8DED114A72EE654A74EEC64ACDED0C4A32EEC35A35EE665A8DED0D5A37EE437A76EE876ACDED06
:40638000086A75EEA77A77EEC67ACDED097A75EE825A36EE256A02F1080982ED006A96ED017A37EE227A95ED016A37EE067A82ED017A32460832C6ED003A86ED014A083066
:4063C000C4ED004A84ED015A2B460833C5ED006AC5ED017A0EF1080A0EF110040EF1180EA7F1020B4FEA5B0B019F0696079523E199ED007AD0ED007A77EE273A37EE677A75
:40640000D9ED017AD0ED016A37EEA64A77EEE67AD2ED014A34EE872A93ED013A32EE432A8DED102A92ED006A77EEC65AD3ED006A75EEA65ACDED115A73EEC62A72EEE62A5F
:40644000CDED0C2A34EE645A35EE435A8DED0D5A37EE647A33EE073A8DED083A76EE277A77EEE67ACDED097A36EE236A76EE866A4D460835C9ED006A019592ED017A37EED9
:40648000047AD3ED016A37EE267A89ED017A17ED010A1CED017A70EE078A30EE470AD7ED000A9CED007A30EE879A70EEC70A98ED001AD1ED001A71EE616A36EE804A8DED44
:4064C000124A18ED018A70EEC83A11ED017A73EE873ACDED133A78EEC84A74EEC74ACDED0E4A39EE416A36EE616A8DED0F6A76EEC06ACDED0A6A37EE487A37EE607A8DEDE1
:406500000B7A31EE091A71EE811AA7F10805C7ED001A58ED011A71EEA81A11ED011A71EE811A47ED011A0AF10809DAED001A9AED011A62EE210A25EE810A65EEA15A22EE3E
:40654000012A70EE800A02F1080AC2ED000A75EEC25AC2ED015A63EE815A24EE212A24EE014A63EEA13A75EEC25AA8F10806C8ED005A34EE234A08ED014A94ED004AD4ED1F
:40658000015A103462EE843A25EE252A25EE045A62EEA52A73EE823A02460832C0ED003A35EE625A80ED015A26EE445A64EEA53A64EE844A26EE256A75EE635AACF108079D
:4065C000CCED005A36EE646A0CED016A9EED006ADEED015A0EF1180E23EE065A67EEA54A67EE867A23EE253A35EE245A1846083083ED005A77EEC37AC3ED017A67EE257AB6
:4066000026EE865A66EEA56A27EE067A77EEC57AA1F1080CC1ED007A76EE876A41ED016A0BF1FF3B034610465246CA466146BC46B0462F46DDF80490BBF1000F7FF4D8AE60
:40664000069E079DD9ED004AD0ED007A34EEA72A74EEE74AD9ED017A90ED017A77EE872A77EEC77A92ED013A73EE245A93ED015A75EEC55ACDED105AD2ED003A77EEE36A4B
:4066800093ED004A76EE846ACDED116A32EE636A36EE446A8DED0C6A32EEC37A37EE457A8DED0D7A74EEC34A35EE245A8DED085A73EEA77A77EEC47ACDED097A73EE823A2D
:4066C00034EE234A89ED004AD2ED014A74EEA24A93ED014A74EE844AC9ED014ADAED003A9AED014A65EEA34A26EE843A66EEA36A65EE845A74EE834AC2ED004A76EEE56AA5
:40670000C2ED016AD4ED004AD4ED015A66EE246A27EE254A27EE247A26EE256A76EE846AC0ED006A37EE467A80ED017A9EED006ADEED016A25EE067A67EEA65A67EE867ABE
:4067400025EE265A37EE257A83ED007A77EEC57AC3ED017ABDF80C400423049F7A682146059800F057F904237A682146304600F051F904237A682146029800F04BF9042393
:406780007A682146284600F045F915B0BDEC048BBDE8F08F2DE9F04106460C46174698460588012A0FD0B5F5807F07D029D8402D35D019D8102D19D0202D1BD121463046FC
:4067C000FFF789FD16E001F1040C002109E0DCED007AF1EE677A63460CF1080CC3ED007A0131A942F3D3DEE7802D03D121463046FFF777FCB8F1000F18D1012F1CD0BDE863
:40680000F081B5F5006FD9D006D8B5F5007F06D0B5F5806FEAD0EDE7B5F5805FEAD1012372682946204600F0F5F8E3E7B268B1892046FFF731FCE0E707EE905AF8EE677A19
:40684000F7EE006A86EEA77A00230DE0D4ED007A67EE877AC4ED007AD4ED017A67EEC77AC4ED017A08340133AB42EFD3C7E7000003464FF48052028000205860034A91897E
:4068800099819168996052685A607047BC25041003464FF40062028000205860034A918999819168996052685A607047CC25041003464FF48062028000205860034A918992
:4068C00099819168996052685A607047DC25041003464FF40072028000205860034A918999819168996052685A607047EC25041003464FF48072028000205860034A9189F2
:4069000099819168996052685A607047FC25041003468022028000205860044A918999819168996052685A60704700BF0C26041003464022028000205860044A918999817B
:406940009168996052685A60704700BF1C26041003462022028000205860044A918999819168996052685A60704700BF2C26041003461022028000205860044A91899981E5
:406980009168996052685A60704700BF3C26041008B5B1F5807F31D00CD9B1F5006F27D020D8B1F5007F26D0B1F5806F17D1FFF77FFF1CE0402924D009D8102924D020297D
:4069C00002D1FFF7C5FF12E04FF0FF300FE0802902D1FFF79DFF0AE04FF0FF3007E04FF0FF3004E0B1F5805F11D1FFF741FF08BDFFF74EFFFBE7FFF76BFFF8E7FFF778FFE9
:406A0000F5E7FFF795FFF2E7FFF7B2FFEFE74FF0FF30ECE72DE9F04F2DED0E8B8DB006911546059181460A93059BDA080B924FF0000E09950EEB02000EEB4203D61803EB09
:406A40004201571801EB420C02EB0C0B4FEACE0A09EBCE0494ED007A4FEAC10809EBC101D1ED007A77EE276A37EE677AC500039509EBC000009090ED006AF80009EBC70726
:406A80000197D7ED007A76EE275A36EE676ADF0009EBC303D3ED007A4FEACC05049509EBCC0C9CED005A77EE854A77EEC57AF500079509EBC6060296D6ED003A4FEACB053A
:406AC000089509EBCB0B9BED004A33EE845A73EEC43A76EEE40A76EEA46A35EEC51A75EE855A36EEA55A84ED005A76EEE56AC1ED006A0AF1040ACA449AED005A08F1040841
:406B0000C844D8ED006A75EE265A35EE665A039D04354D44D5ED006A04304844D0ED004A36EEA43A76EEE46A04374F44D7ED004A04990E1D4E4496ED004A34EE842A74EE0E
:406B4000C44A07990431494491ED004A089C04344C44D4ED002A74EE221A34EE624A75EEC22A75EE825A33EE612A33EE213A75EE831ACAED001A75EEC35AC8ED005A70EEA6
:406B8000825AC3ED005A30EEC23A8CED003A72EEC15AC7ED005A71EE225AC6ED005A76EE635A9FEDF33A65EE835A36EE236A26EE036A76EEC43A63EE833A76EE846A66EE5F
:406BC000836A37EE654A37EE257A77EEC65A77EE867A35EE633A35EE236A34EEE65A74EEA66A77EE264A009BC3ED004A37EE667A8BED007A34EE057A019F87ED007A34EE30
:406C0000454A029E86ED004A36EE677A85ED007A77EE867AC4ED007A73EE657AC0ED007A75EE835AC1ED005A059B9E44069B73453FF600AF099D0B9A072A40F2BB814FF050
:406C400001080023CB46C14690460A9A134403EB430103EB830203EB020E02EB430CDF0005EBC300D0ED008A1E0105EB031090ED008ACC0005EBC10191ED000A580105EBCF
:406C80004311D1ED000AD10005EBC20292ED001A4FEACE0205EBCE0EDEED001A4FEACC0E05EBCC0C9CED002A04372F44D7ED002A04362E4496ED003A04342C44D4ED003AAA
:406CC0000430284490ED004A04312944D1ED004A04322A4492ED005A0EF1040EAE44DEED005A0793CDF82090099509EB080009EB480308EB030403EB480208EB020602EBDC
:406D0000480108EB010A4FEAC90E0BEBC90595ED007A4FEAC20C0BEBC202D2ED007A77EE276A37EE67AAC70004970BEBC000009090ED006AF0000BEBC6060196D6ED007A01
:406D400036EE277A36EE676ADF000BEBC303D3ED007ACE000BEBC101029191ED009A77EE899A77EEC97AE1000BEBC404039494ED00CA4FEACA040BEBCA0ADAED00AA3CEE36
:406D80002A9A3CEE6ACA76EEE9CA76EEA96A77EE49DA37EE097A36EE879A85ED009A36EEC7EA0EF1040EDE449EED00BA0CF1040CDC44DCED006A3BEE267A3BEE66BA049D42
:406DC00004355D44D5ED006A0430584490ED009A76EE899A76EEC96A04375F44D7ED00AA04365E4496ED009A7AEE89EA7AEEC9AA04315944D1ED00BA04345C4494ED009A50
:406E00003BEE89DA7BEEC9BA37EE6E9A37EE2E7A79EECDEA79EE8D9A3CEEAEDA7CEEEECA77EE29EACEED00EA37EE697A79EE6D9A3DEE899A60EE8EDA64EE07EA20EE877A77
:406E400024EE0EEA7DEEAEDAC2ED00DA37EE4E7A8CED007A28EE0D7A63EE29DA68EE299A23EE0DDA37EE2D7A83ED007A79EECD9AC7ED009A21EEAC7A65EE099A21EE899A7B
:406E800065EE2CCA37EE297A029A82ED007A39EE6C9A86ED009A36EE4C9A9FED357A29EE079A36EE0C6A26EE076A36EEEBCA2CEE07CA76EEAB6A66EE876A7AEE499A3AEEF1
:406EC000097A37EEC69A77EE867A7BEE4CBA3BEE0C6A3AEEE6AA7AEEA66A37EE26BA37EE667A79EE8AAA79EECA9A76EE676A77EE867A3BEEC9AA39EE2B9A28EE8B6A62EEFA
:406F0000A6BA68EEA66A22EE8BBA36EE2B6A009B83ED006A76EECB6AC5ED006A62EE076A25EEA7BA62EE277A25EE876A36EE8B7A8AED007A77EEC67AC4ED007A61EE2A7A4C
:406F400024EE8A6A21EE0A7A64EEAA6A77EE867A019EC6ED007A37EE667A80ED007A60EE296A23EE896A60EE097A23EEA97A01E0F304353F76EE866A039CC4ED006A77EE4C
:406F8000C77AC1ED007A059B9944069B4B453FF6ACAE079BDDF82090099D09F10109C8453FF653AED9460A9BDB009BB20A930B9B059339E50DB0BDEC0E8BBDE8F08F00BF50
:406FC00000B54369B0F800C00CF1FF3CD1ED007A91ED017A03F1080077EEA77A37EE077A77EE876AB6EE006A66EE866A13460833C2ED006A77EEC77A67EE867AC2ED017ABD
:4070000001EBCC0E08319EED015A7246AEF1080E92ED007AD1ED004AD1ED017AD0ED006AD0ED015A083037EE646A35EE274A66EE863A25EE866A66EE846A65EE845A37EE17
:40704000247A37EE237A37EE257AF6EE005A27EE257A83ED007A77EEC57A77EE867A77EEE67A1A46083367EEA57AC2ED017A08310CF1FF3CBCF1000FC5DC5DF804FB10B522
:40708000436900880138D1ED007A91ED016A03F1080E37EE867AF6EE006A27EE267A02F1080C82ED007A77EEC67A67EEA67AC2ED017A01EBC004083137E094ED015A234697
:4070C000083C93ED007AD1ED005AD1ED017A72460832DEED006A9EED016A35EEC74A75EE274A26EE843A66EE243A26EE046A66EEA46A37EE257A37EE437A37EE637AF6EEE8
:40710000005A27EE257A634608338CED007A77EEC57A77EE867A77EEE67A67EEA57ACCED017A0831013896469C460028C5DC10BDF8B504460D4616461F4643B1FFF79FFF9B
:4071400001233A4631462046FFF724FBF8BD01233A46FFF71FFB324629462046FFF730FFF4E7000048B110B50446FFF701FC18B920232382024B636110BD4FF0FF3070470C
:40718000E4D0021048B110B50446FFF7E1FB18B940232382024B636110BD4FF0FF307047E4CF021048B110B50446FFF7C1FB18B980232382024B636110BD4FF0FF307047B8
:4071C000E4CD021050B110B50446FFF7A1FB20B94FF480732382034B636110BD4FF0FF30704700BFE4C9021050B110B50446FFF77FFB20B94FF400732382034B636110BD61
:407200004FF0FF30704700BFE4C1021050B110B50446FFF75DFB20B94FF480632382034B636110BD4FF0FF30704700BFE4B1021050B110B50446FFF73BFB20B94FF400638C
:407240002382034B636110BD4FF0FF30704700BFE491021050B110B50446FFF719FB20B94FF480532382034B636110BD4FF0FF30704700BFE451021008B5B1F5007F2BD08A
:4072800015D880292BD009D820292BD0402902D1FFF778FF1CE04FF0FF3019E0B1F5807F02D1FFF78FFF13E04FF0FF3010E0B1F5006F0ED0B1F5805F08D0B1F5806F02D107
:4072C000FFF7A4FF04E04FF0FF3001E0FFF7C2FF08BDFFF7ADFFFBE7FFF786FFF8E7FFF761FFF5E7FFF73EFFF2E70000BFF34F8F0549CA6802F4E062044B1343CB60BFF360
:407300004F8F00BFFDE700BF00ED00E00400FA0508B5012800D901BE014B1870FFF7E6FF0000000800F1080343604FF0FF328260C360036100230360704700230361704715
:4073400043684B609A688A6051609960086103680133036070470369416882688A60416851605A68824206D0002202611A68013A1A601868704782685A60F5E730B40D6894
:40738000B5F1FF3F11D000F108031C465B681A68AA42FAD963684B6099608C606160086103680133036030BC70470469F2E7000082B0002301930D4B1B68B3F1FF3F08D0B8
:4073C0004FF0200383F31188BFF36F8FBFF34F8FFEE74FF0200383F31188BFF36F8FBFF34F8F019B002BFCD002B070479C30000808480068006880F308884FF0000080F3A1
:40740000148862B661B6BFF34F8FBFF36F8F00DF00BF000008ED00E0DFF80C00016841F4700101607047000088ED00E008B54FF0200383F31188BFF36F8FBFF34F8F01F010
:407440007FF928B14FF0E0234FF08052C3F8042D002383F3118808BD4FF0807340F8043C21F0010140F8081C054B40F80C3C40F8202C6FF0020340F8243C4438704700BF2A
:40748000B1730110000000000000000000000000074B19680868B0E8F04F80F30988BFF36F8F4FF0000080F311887047AFF3008060B202084FF0200383F31188BFF36F8F68
:4074C000BFF34F8F0B4A136801331360012B00D070474FF0E023D3F8043D13F0FF0FF7D04FF0200383F31188BFF36F8FBFF34F8FFEE700BF9C300008094B1B6843B94FF071
:40750000200383F31188BFF36F8FBFF34F8FFEE7013B034A13600BB983F31188704700BF9C300008000000000000000000000000EFF30980BFF36F8F154B1A681EF0100FB1
:4075400008BF20ED108A20E9F04F10602DE909004FF0200080F31188BFF34F8FBFF36F8F01F076FA4FF0000080F3118809BC19680868B0E8F04F1EF0100F08BFB0EC108AB8
:4075800080F30988BFF36F8F704700BFAFF3008060B202084FF0E022002313619361074B1B680749A1FB03139B09013B536107231361044B9B68044ADA637047783000084A
:4075C000D34D621000ED00E02D7401104FF0E023D3F8002D424B9A4225D04FF0E023D3F8002D404B9A4227D030B583B0002301933D4B1A78D2B28DF80220FF221A701B78F8
:40760000DBB28DF803309DF8033003F02003374A13701BBB4FF0200383F31188BFF36F8FBFF34F8FFEE74FF0200383F31188BFF36F8FBFF34F8FFEE74FF0200383F31188B0
:40764000BFF36F8FBFF34F8FFEE7019B013301939DF803305B00DBB28DF803309DF8033013F0800FF1D1019B082B34D0019BC3F107031F4A13601E4A13681B02136003F48A
:40768000E06313609DF80230DBB2174A13704FF0E024D4F8203D43F47F03C4F8203DD4F8203D43F07F43C4F8203DFFF773FF0025104B1D60FFF7B0FED4F8343F43F0404369
:4076C000C4F8343FFFF794FE01F0C2F9FFF770FE284603B030BD064B00221A60CBE700BF71C20F4170C20F4100E400E0C8F00108C4F001089C300008EFF305830F2B0ED9B1
:40770000114A9A5C114B1B789A4208D24FF0200383F31188BFF36F8FBFF34F8FFEE74FF0E023D3F80C3D03F4E063094A1268934208D94FF0200383F31188BFF36F8FBFF3D7
:407740004F8FFEE7704700BFF0E300E0C8F00108C4F001084FF0200383F31188BFF36F8FBFF34F8F01BEFEE74FF0200383F31188BFF36F8FBFF34F8F01BEFEE7104A12F099
:40778000070F1AD0D11D21F00701C1F5404313440A460C480260002141601344083B23F007030948036059601960991A51601360064B1960064B196070474FF44043E8E716
:4077C000E8F00108E0F00108DCF00108D4F00108D8F00108164B1A461B688342FBD3516802EB010C844509D0416800EB010C634509D00360904219D01060704740680144DC
:4078000051601046F0E710B40A4C2468A3420BD05B681944416013681B680360904200D010605DF8044B70470460F7E7704700BFE0F00108DCF0010870B5054601F0FCFCB6
:407840003E4B1B689BB1B5B115F1090F12D8083515F0070305D0C3F10802093BAB4212D31544002D07DA01F027F8002610E0FFF785FFE8E7002545B1314B1B68AB4215D388
:40788000304A146818E00025F5E701F015F80026FFF760FF16F0070F4ED04FF0200383F31188BFF36F8FBFF34F8FFEE701F004F80026EDE722461C466368AB4202D22368C8
:4078C000002BF7D11D4B1B68A34214D0166808362368136063685B1B102B14D9601910F0070F0CD04FF0200383F31188BFF36F8FBFF34F8FFEE700F0DFFF0026C8E7436077
:407900006560FFF767FF62680D490B689B1A0B600D4909688B4201D20B490B6042F00042626000232360094A13680133136000F0C3FF002EAED1ABE7304670BDDCF0010893
:40794000D8F00108E0F00108D4F00108D0F0010890B338B50446A0F1080550F8043C002B08DB4FF0200383F31188BFF36F8FBFF34F8FFEE750F8082C42B14FF0200383F33C
:407980001188BFF36F8FBFF34F8FFEE723F0004340F8043C01F050FC54F8041C074A13680B4413602846FFF715FF054A13680133136000F081FF38BD704700BFD8F001086F
:4079C000CCF001080346406A18B11B6B1868C0F10700704710B50446FFF76CFDA26BE36B9A4204D00024FFF787FD204610BD0124F9E710B50446FFF75DFDA36B23B90124D4
:407A0000FFF77AFD204610BD0024F9E770B504461546866B026C5AB903681BB100200136A66370BD806801F0EFFC0023A360F6E76DB940680BF0DCFC6368226C13446360C7
:407A4000A268934219D3236863602846E7E7C0680BF0CEFCE368226C51429B1AE3602268934202D2A3680B44E360022D01D00020D5E726B1013E0020D1E72846CFE7002082
:407A8000CDE70346026C6AB110B50846D9681144D9609C68A14201D31968D960D9680BF0A7FC10BD704738B50546FFF703FD95F8454064B201E0013C64B2002C0ADD6B6A14
:407AC00043B105F1240001F0FFF80028F3D001F02DFAF0E7FF2385F84530FFF70DFDFFF7E9FC95F8444064B201E0013C64B2002C0ADD2B6943B105F1100001F0E5F80028D5
:407B0000F3D001F013FAF0E7FF2385F84430FFF7F3FC38BDF0B585B0019288B10F461D460446B1B1022D20D1E36B012B1DD04FF0200383F31188BFF36F8FBFF34F8FFEE799
:407B40004FF0200383F31188BFF36F8FBFF34F8FFEE7036C002BE5D04FF0200383F31188BFF36F8FBFF34F8FFEE701F0EBF9064658B9019B002B48D04FF0200383F3118808
:407B8000BFF36F8FBFF34F8FFEE700263DE02A4639462046FFF73AFF636A7BB948B14FF0E0234FF08052C3F8042DBFF34F8FBFF36F8FFFF7A1FC012005B0F0BD04F1240031
:407BC00001F082F80028F4D04FF0E0234FF08052C3F8042DBFF34F8FBFF36F8FE9E7FFF78BFC0020E8E702A801F0AAFB012619E0002384F8443021E0002384F8453023E0E8
:407C00002046FFF750FF00F057FEFFF753FCA26BE36B9A42BBD3022DB9D0019B002BDED0002EE0D0FFF768FC01F006FBFFF742FC94F8442052B2B2F1FF3FD9D094F8452050
:407C400052B2B2F1FF3FD7D0FFF756FC01A902A801F026F9D8B92046FFF7BCFE0028CFD0019904F1100001F053FB2046FFF71BFF00F022FE0028C8D14FF0E0234FF08052E6
:407C8000C3F8042DBFF34F8FBFF36F8FBDE72046FFF709FF00F010FE00208DE738B538B10446856801F048F985420AD0002038BD4FF0200383F31188BFF36F8FBFF34F8F58
:407CC000FEE7E368013BE3600BB10120EFE71A4619462046FFF71EFF0120E8E72DE9F84390B10F4616461C460546B1B1022C20D1EB6B012B1DD04FF0200383F31188BFF3F7
:407D00006F8FBFF34F8FFEE74FF0200383F31188BFF36F8FBFF34F8FFEE7036C002BE5D04FF0200383F31188BFF36F8FBFF34F8FFEE7FFF7E1FCEFF311884FF0200383F32F
:407D40001188BFF36F8FBFF34F8FAA6BEB6B9A4206D3022C04D0002088F31188BDE8F88395F845904FFA89F9AB6B224639462846FFF74CFEB9F1FF3F0CD16B6A0BB901205D
:407D8000EAE705F1240000F09FFFD0B1DEB101203060E1E701F05EFA814516D2B9F17F0F06D009F101035BB285F845300120D3E74FF0200383F31188BFF36F8FBFF34F8F33
:407DC000FEE70120C8E70120C6E70120C4E7F8B560B10D460446036C8BB14FF0200383F31188BFF36F8FBFF34F8FFEE74FF0200383F31188BFF36F8FBFF34F8FFEE7036897
:407E0000DBB1FFF779FCEFF311864FF0200383F31188BFF36F8FBFF34F8FA36BE26B9A4235D994F845707FB20133A363B7F1FF3F18D1636A6BB901202AE08368002BE0D07F
:407E40004FF0200383F31188BFF36F8FBFF34F8FFEE704F1240000F037FFE0B1EDB10120286015E001F0F6F9874218D27F2F05D07B1C5BB284F84530012009E04FF0200349
:407E800083F31188BFF36F8FBFF34F8FFEE7002086F31188F8BD0120FAE70120F8E70120F6E7F0B585B0019290B10F460446C1B101F048F8064600BB019B002B5ED04FF07C
:407EC000200383F31188BFF36F8FBFF34F8FFEE74FF0200383F31188BFF36F8FBFF34F8FFEE7036C002BE3D04FF0200383F31188BFF36F8FBFF34F8FFEE700263EE03946EF
:407F00002046FFF7BEFD013DA563236923B9FFF7F3FA012005B0F0BD04F1100000F0D4FE0028F4D04FF0E0234FF08052C3F8042DBFF34F8FBFF36F8FE9E7FFF7DDFA002027
:407F4000E8E702A801F0FCF9012621E0002384F8443029E0002384F845302BE02046FFF7A2FD00F0A9FC09E02046FFF79CFD00F0A3FC2046FFF73DFD00283FD1FFF79AFAEA
:407F8000A56B002DBBD1019B002BD6D0002ED8D0FFF7B2FA01F050F9FFF78CFA94F844305BB2B3F1FF3FD1D094F845305BB2B3F1FF3FCFD0FFF7A0FA01A902A800F070FFFB
:407FC0000028D1D12046FFF714FD0028C6D0019904F1240001F09CF92046FFF764FD00F06BFC0028CAD14FF0E0234FF08052C3F8042DBFF34F8FBFF36F8FBFE7002089E7C7
:4080000070B584B0019158B10446036C8BB14FF0200383F31188BFF36F8FBFF34F8FFEE74FF0200383F31188BFF36F8FBFF34F8FFEE700F087FF054650B9019B5BB14FF07A
:40804000200383F31188BFF36F8FBFF34F8FFEE7002635464BE0064649E0013BA363236833B1236943B9FFF747FA012004B070BD01F07EFAA060F4E704F1100000F024FE9B
:408080000028F0D04FF0E0234FF08052C3F8042DBFF34F8FBFF36F8FE5E7FFF72DFA0020E4E702A801F04CF901252AE0002384F8443032E0002384F8453034E0FFF7FAF93F
:4080C000A06801F049F90646FFF716FA3BE02046FFF7E9FC00F0F0FB09E02046FFF7E3FC00F0EAFB2046FFF784FC002842D1FFF7E1F9A36B002BB0D1019B002BCDD0002D91
:40810000CFD0FFF7F9F901F097F8FFF7D3F994F844305BB2B3F1FF3FC8D094F845305BB2B3F1FF3FC6D0FFF7E7F901A902A800F0B7FE0028D1D12046FFF75BFC0028C6D05F
:408140002368002BBAD0019904F1240001F0E0F82046FFF7A8FC00F0AFFB0028C7D14FF0E0234FF08052C3F8042DBFF34F8FBFF36F8FBCE70EB9002078E7FFF79BF9204691
:40818000FFF720FC0146A06801F094F9FFF7B4F9F1E780B170B50C460546866800F0CCFE864211D021462846FFF72AFF80B1EB680133EB600CE04FF0200383F31188BFF31B
:4081C0006F8FBFF34F8FFEE7EB680133EB60012070BD40B110B50446FFF76CF9A46BFFF78BF9204610BD4FF0200383F31188BFF36F8FBFF34F8FFEE770B504460D46164621
:40820000FFF758F994F844305BB2B3F1FF3F0DD094F845305BB2B3F1FF3F0BD0FFF76CF9A36B5BB12046FFF73EFC70BD002384F84430EDE7002384F84530EFE73246294670
:4082400004F1240000F016FDECE738B590B10D460446C36B2BB1026C0021A2FB032393B999B14FF0200383F31188BFF36F8FBFF34F8FFEE74FF0200383F31188BFF36F8F9B
:40828000BFF34F8FFEE70121EAE7FFF713F92368E26B216C01FB0230A0600020A0636360013A02FB0133E360FF2384F8443084F84530B5B923691BB9FFF71EF9012038BD38
:4082C00004F1100000F000FD0028F5D04FF0E0234FF08052C3F8042DBFF34F8FBFF36F8FEAE704F11000FFF71DF804F12400FFF719F8E1E738B51D46049C0B4649B9246090
:40830000E063236401212046FFF79FFF84F84C5038BD2260F4E773B110B584B01C4608B192B199B94FF0200383F31188BFF36F8FBFF34F8FFEE74FF0200383F31188BFF367
:408340006F8FBFF34F8FFEE70029EBD150230393039B502B08D04FF0200383F31188BFF36F8FBFF34F8FFEE7039B012384F8463000949DF81830FFF7BDFF204604B010BD57
:40838000F0B583B060B10C46174605460023A4FB001272B923B904FB05F010F1510F0AD94FF0200383F31188BFF36F8FBFF34F8FFEE70123EEE75030FFF73EFA064650B13D
:4083C000002380F8463000903B4600F1500221462846FFF78FFF304603B0F0BD48B108B5002181600160C1600B460A46FFF792FB08BD704710B5024600210120FFF7C0FF0B
:408400000446FFF7EBFF204610BD10B582B00B460090002211460120FFF77DFF0446FFF7DDFF204602B010BD28B110B4044631B3002003460DE04FF0200383F31188BFF3B6
:408440006F8FBFF34F8FFEE70E4800EBC30014E00133092B10D80B4A02EBC3025268A242F2D00028F4D1074A52F83320002AEFD1044800EBC300EBE708B1016044605DF836
:40848000044B7047E8B00208074B1B681B6823B9064B4FF0FF321A607047034B1B68DB681A68024B1A607047A8B1020840B1020810B50446FEF7FEFF294A136801331360E6
:4084C000284B1B685BB1284B1B686BB9254B1B68DA6AE36A9A4207D8224B1C6004E0214B1C601368012B37D0204A1368013313606364E36A1E4A1268934201D91C4A1360B4
:408500001C4A03EB830302EB83035B68A3609868E060211D41609960E36A03EB8301880002EB81016161115801311150FEF7E4FF0D4B1B687BB10B4B1B68DA6AE36A9A4277
:4085400009D24FF0E0234FF08052C3F8042DBFF34F8FBFF36F8F10BD00F04CFDC4E700BF60B1020860B2020854B1020844B1020858B10208D4B1020808B500F08BFD074BC3
:408580001B68012BF9D94FF0E0234FF08052C3F8042DBFF34F8FBFF36F8FEEE7D4B1020870B504460D461E4B1E681E4B18680430FEF7D1FEB4F1FF3F0DD03444194B1B68A6
:4085C0005C60A6421DD9184B1868164B19680431FEF7D4FE70BD002DEFD0144A5168114B1868816018688C68C4601868043060601868043088601B685A611368013313602B
:40860000E8E70B4B1868074B19680431FEF7B6FE084B1B68A342DDD9064B1C60DAE700BF5CB1020860B20208A4B1020864B10208A8B1020840B102082DE9F04385B007464C
:40864000884614461E469000FFF7F6F818B381467020FFF7F1F80546B8B1702200210AF0CDFDC5F830900023039302950D9B01930C9B0093334622464146384600F072FC47
:408680002846FFF715FF012007E04846FFF760F94FF0FF3001E04FF0FF3005B0BDE8F08310B588B000240594069407AA06A905A8FDF730FC059B0293069B019300942346EB
:4086C000079A1849184800F00BFD184B1860C0B101F0F2F8012815D14FF0200383F31188BFF36F8FBFF34F8F114B4FF0FF321A60104B01221A60104B00221A60FEF766FFAA
:4087000003E00020B0F1FF3F03D00C4B1B6808B010BD4FF0200383F31188BFF36F8FBFF34F8FFEE788500210798501103CB1020840B1020854B102085CB102084C260410F8
:40874000524B1B68002B40F0998070B5504B1C6801341C60C4B94F4B1B681B6843B14FF0200383F31188BFF36F8FBFF34F8FFEE7484A1168484B186810601960474A1368B6
:4087800001331360FFF780FE454B1B68A34210D90020444B1B68DB6A03EB83039A00424B9B58012B00D90120404B1B68002B6BD170BD002037E03A4B4FF0FF321A60E8E77B
:4087C000374B1A60E5E7D968516042E000219962116801391160DA6A354909688A4201D933490A60304902EB82024FEA820C8C44DCF804209A609668DE6075609560DA6AE1
:4088000002EB820C4FEA8C056E185E614D5901354FEA8C0C41F80C50DA6A224B1B68DB6A9A4200D901201B4B1B681B68002BC2D0184B1B68DB68DB685A689442C0D35A699A
:408840009D68D968A9609D684D6051681D1DA942B9D0002159611168013911609A6A002AB9D0DE69196AB160DE694E60566803F118018E42AAD1196A5160A7E70D4A136860
:408880000133136000207047012091E738B102085CB10208A8B10208A4B1020848B1020840B1020860B20208D4B102084CB1020858B1020850B102084A4B1B6843B94FF0B4
:4088C000200383F31188BFF36F8FBFF34F8FFEE710B5FEF7EFFD434B1A68013A1A601B68002B7AD1404B1B683BB9002476E0196A516015E0D968516021E000233B4A126803
:40890000002A47D0394BDB68DB689A6AD869196A8160D8694860506803F118018842E6D0002199621168013911605A699868D9688160986848605168181D8142DAD00021CC
:408940005961116801391160DA6A294909688A4201D927490A60274902EB820201EB820252689A609468DC6060609060DA6A02EB8200840001EB800058610859013008513E
:40898000D96A1D4A1268D26A9142B7D91B4A01211160B3E70BB1FFF777FD194B1C6884B9164B1C68D4B14FF0E0234FF08052C3F8042DBFF34F8FBFF36F8F01240EE0013CDE
:4089C00007D0FFF7BDFE0028F9D00C4B01221A60F5E70B4B00221A60E2E70024FEF78CFD204610BD38B1020860B1020890B1020858B10208D4B1020860B202084CB1020880
:408A000050B1020810B5A8B10446104B1B6843B14FF0200383F31188BFF36F8FBFF34F8FFEE700F009FC00212046FFF7B9FDFFF743FF48B94FF0E0234FF08052C3F8042DBB
:408A4000BFF34F8FBFF36F8F10BD00BF38B1020808B52D4B1B681BB12C4B01221A6008BD2A4B00221A602A4B1B681B6B1A68B2F1A53F03D15A68B2F1A53F10D0244B186856
:408A800019683431FEF770FE224B1B6803EB83018A0021498A58A2B953B1013BF6E79A68B2F1A53FEAD1DB68B3F1A53FE6D1EBE74FF0200383F31188BFF36F8FBFF34F8F74
:408AC000FEE7084603EB83018A00024451684968516003EB830C4FEA8C020832024491420BD003EB830291000B4A0A445268D168074A1160074A1360B1E76246910002463B
:408B00000A44D1685160ECE738B102084CB1020860B2020858B10208D4B1020838B50446FEF7C8FCD4B1251D2846FEF714FCA36A1BB104F11800FEF70EFC29462648FEF791
:408B4000FFFB0023002B0CDDFEF7D6FC234B1B689BB9234B1B68A34216D038BD204B1C68E1E7E21892F86C20012A01D00133E9E7E218002182F86C10F8E7FEF79BFCFFF7CE
:408B800083FCFEF7B9FCE4E7144B1B68B3B1154B1B6843B14FF0200383F31188BFF36F8FBFF34F8FFEE74FF0E0234FF08052C3F8042DBFF34F8FBFF36F8FCEE7064B1A6807
:408BC000094B1B689A4203D1054B00221A60C4E7FFF73EFFC1E700BF64B1020854B1020860B2020838B1020860B1020808B560B103461E48006888B94FF0200383F31188CE
:408C0000BFF36F8FBFF34F8FFEE74FF0200383F31188BFF36F8FBFF34F8FFEE71448D0F800C041F00041CCF818105968D0F800C0CCF81C10D0F800C0D1F808E0CCF820E001
:408C4000D0F800C00CF1180CCEF804C0D0F800C00CF1180CC1F808C001688B6219680131196001211046FFF79BFC08BD38B1020860B2020838B5D8B18C46114605464268A8
:408C8000104B1868C2611868946804621868183060601868183090601B689D622B6801332B6009B14FF0FF3C6046FFF779FC38BD4FF0200383F31188BFF36F8FBFF34F8FD5
:408CC000FEE700BF60B20208C368DB68002B4BD010B49A6AD869196A8160D8694860516803F11800814248D0002199621168013911602C4A1268002A45D15A699868D96896
:408D00008160986848605168181D814238D000215961116801391160DA6A234909688A4201D921490A60214902EB820201EB820252689A609468DC6060609060DA6A02EB3F
:408D40008200840001EB80005861085901300851DA6A174B1B68DB6A9A4220D90120154B18605DF8044B70474FF0200383F31188BFF36F8FBFF34F8FFEE7196A5160B3E7E2
:408D8000D9685160C3E70C4A5168D9618C681C62606088609A62116801311160D8E70020DFE700BF38B1020858B10208D4B1020860B202084CB1020890B10208334B1B6834
:408DC00043B94FF0200383F31188BFF36F8FBFF34F8FFEE741F000410160C268002A45D010B4036944688168A16044684C605968814244D00021016119680139196053697C
:408E00009068D1688160906848605968101D814238D000215161196801391960D36A1C4909688B4201D91A490B601A4903EB830301EB83035B6893609C68D4606060986049
:408E4000D36A03EB8300840001EB80005061085901300851D26A104B1B68DB6A9A4202D90E4B01221A605DF8044B70474FF0200383F31188BFF36F8FBFF34F8FFEE78168D2
:408E80005960B7E7D1685960C3E700BF38B1020858B10208D4B1020860B202084CB10208D0B170B50C460546F9B1FEF703FB1D4B19686B68C81A2268B2F1FF3F2CD0DFF88C
:408EC00068C0DCF800C02E68664517D08B4215D800232360012420E04FF0200383F31188BFF36F8FBFF34F8FFEE74FF0200383F31188BFF36F8FBFF34F8FFEE7824203D83E
:408F000000232360012408E05B1A13442360284600F016FA002400E00024FEF7EDFA204670BD00BF5CB1020848B10208014B01221A6070474CB10208014B1868704700BF68
:408F400060B20208054B1B6833B1054B1B680BB100207047022070470120704754B1020838B102082DE9F84380460D4616469946089F0A9C9200A521206B0AF03FF9226B71
:408F800006F18043013B02EB830222F0070665B100220F2A06D8AB5CA11881F834300BB10132F6E7002384F84330062F08D94FF0200383F31188BFF36F8FBFF34F8FFEE7B4
:408FC000E762E764201DFEF7B8F904F11800FEF7B4F92461C7F10707A76164624A4641463046FEF739FA2060099B03B11C60BDE8F883000038B5002407E004EB8402930009
:409000000E481844FEF78EF90134062CF5D90C4D2846FEF787F90B4C2046FEF783F90A48FEF780F90948FEF77DF90948FEF77AF9084B1D60084B1C6038BD00BFD4B102084C
:40904000C0B10208ACB1020890B102087CB1020864B10208A8B10208A4B1020810B5044690F86D3063B1012B11D0022B0ED04FF0200383F31188BFF36F8FBFF34F8FFEE7B5
:40908000006BFEF765FC2046FEF762FC10BDFEF75FFCFBE70F4B1B68D3B110B5FEF70AFA0D4BDB68DC68201DFEF755F90B4A1368013B1360074A1368013B1360FEF71CFAB4
:4090C0002046FFF7CBFF034B1B68002BE6D110BD704700BF78B102087CB1020860B102082DE9F04186B00D9E9EB10446884617461D460E9BB3B170230493049B702B1AD025
:409100004FF0200383F31188BFF36F8FBFF34F8FFEE74FF0200383F31188BFF36F8FBFF34F8FFEE74FF0200383F31188BFF36F8FBFF34F8FFEE7049B702200210E980AF07B
:409140005DF80E9B1E6302230E9A82F86D3000230393029205AB01930C9B00932B463A4641462046FFF7FEFE0E98FFF7A1F9059806B0BDE8F081000038B50446FEF79AF993
:4091800044B3251D2846FEF7E6F8A36A1BB104F11800FEF7E0F8214A136801331360204B1B68A34219D01F4A1368013B1360FFF76BF9FEF7A1F91A4B1B68A34202D02046B8
:4091C000FFF74CFF184B1B681BB1154B1B68A3420CD038BD124B1C68D3E729461348FEF7AFF8134A136801331360E2E7114B1B6843B14FF0200383F31188BFF36F8FBFF3F4
:409200004F8FFEE74FF0E0234FF08052C3F8042DBFF34F8FBFF36F8FDBE700BF44B1020860B2020860B1020854B102087CB1020878B1020838B10208024A1368013313605B
:40924000704700BF38B10208014B1868704700BF5CB10208014B1868704700BF60B1020838B558B10C46054689B94FF0200383F31188BFF36F8FBFF34F8FFEE74FF0200302
:4092800083F31188BFF36F8FBFF34F8FFEE71E4B1B6843B14FF0200383F31188BFF36F8FBFF34F8FFEE7FFF7C7FF184B18682B681C4483420BD9A34202D82C60002410E06A
:4092C000A04202D32C6000240BE02C6004E0A34201D8A04214D22C600021201AFFF760F90124FFF7E9FA48B94FF0E0234FF08052C3F8042DBFF34F8FBFF36F8F204638BD17
:409300002C600024EDE700BF38B102085CB1020858B110B50C46094A11681831FEF72EF801212046FFF73CF910BD4FF0200383F31188BFF36F8FBFF34F8FFEE760B202085E
:40934000034B1B680360034B1B684360704700BF48B102085CB1020800284BD038B50446C36A264A1268D26A93423BD28269002A05DB224A1268D26AC2F107028261616986
:4093800003EB83031E4A02EB8303994205D01B4B1B68DB6AE362012038BD251D2846FDF7DAFF164B1B68DB6AE362164A1268934201D9144A1360124A03EB830302EB83039D
:4093C0005B68A3609968E1604D609D60E36A03EB8301880002EB810161611158013111500120D9E7C26C054B1B68DB6A9A4203D30020D1E7002070470120CDE760B20208CE
:40940000D4B1020858B10208002848D038B50446254B1B68834208D04FF0200383F31188BFF36F8FBFF34F8FFEE7036D43B94FF0200383F31188BFF36F8FBFF34F8FFEE7EB
:40944000013B0365C16AC26C91422AD00BB1002038BD051D2846FDF77EFFE36CE362C3F10702A261114A1268934201D90F4A13600F4A03EB830302EB83035B68A3609968A5
:40948000E1604D609D60E36A03EB8301880002EB810161611158013111500120D8E7002070470020D4E700BF60B2020858B10208D4B10208002853D038B50446036D43B950
:4094C0004FF0200383F31188BFF36F8FBFF34F8FFEE7C26C8A4200D20A46E16A914201D0012B00D038BD1F4B1B68A3422FD0E262A369002B02DBC2F10702A261626901EB3B
:409500008101194B03EB81039A42EBD1251D2846FDF721FFE36A154A1268934201D9134A1360114A03EB830302EB83035B68A3609968E1604D609D60E36A03EB8301880097
:4095400002EB81016161115801311150CAE74FF0200383F31188BFF36F8FBFF34F8FFEE7704700BF60B20208D4B1020858B10208054B1B6823B1044B1A68136D013313659F
:40958000014B1868704700BF60B20208064B1A6813682BB90123036023B9D368186870470023F8E70020704764B3020808B54160006191420CD8D21A83699A4201D301202D
:4095C00008BD011D094B1868FDF7D8FE0020F7E79A4201D2994206D2011D054B1868FDF7CDFE0020ECE70120EAE700BF60B3020864B3020870B504460D46164604E0A369ED
:409600001D44236A20469847A1692B46324629442046FFF7CBFF0028F1D170BD70B505460E460D4B1B68DB68DC68201DFDF793FE94F8283013F0040F07D123F0010384F80D
:409640002830236A2046984770BD324629462046FFF7D0FFF5E700BF64B3020808B505E0DB684FF0FF311868FFF7D8FF054B1B681A68002AF4D1044A1068024908601360F4
:4096800008BD00BF64B3020860B3020838B50546FFF7DAFD0446074B1B68834205D800232B60044B1C60204638BDFFF7D7FF01232B60F6E754B3020870B582B006460C46F0
:4096C000FFF7BAFD01A8FFF7E1FF019B33BB0546E4B9B04213D22246711B124B1868FEF78BFDFFF7E9F8D8B94FF0E0234FF08052C3F8042DBFF34F8FBFF36F8F10E0FFF7DA
:40970000DBF829463046FFF789FF09E0064A126812680AB90124DEE71C46DCE7FFF7CCF802B070BD5CB3020860B3020830B587B002E0029B002B0FDA002202A93B4B1868A3
:40974000FEF7AFFB00286ED0029B002BF1DA05990498039B9847ECE7049C636913B1201DFDF7F9FD01A8FFF791FF0546029B013B082BE1D8DFE803F0050529304905052998
:40978000300094F8283043F0010384F82830039BA169024619442046FFF708FF0028CBD094F8283013F0040F07D123F0010384F82830236A20469847BEE7A3692A460399CB
:4097C00019442046FFF716FFF3E794F8283023F0010384F82830AFE794F8283043F0010384F828300399A16131B10346024601442046FFF7DBFE9FE74FF0200383F31188EB
:40980000BFF36F8FBFF34F8FFEE794F8283013F0020F04D023F0010384F828308CE72046FEF796F888E707B030BD00BF5CB3020800B583B001A8FFF7A9FE0199FFF73CFF0C
:40984000FFF774FFF6E7000030B583B0FDF732FE114B1B681BB1FDF74FFE03B030BD0F4D2846FDF75FFD0E4C2046FDF75BFD0D4B1D600D4B1C60002300930C4B0C4A102177
:409880000A20FEF748FD044B18600028E3D00949FEF7CAFDDFE700BF5CB302087CB3020868B3020864B3020860B3020864B20208B4B202089050021010B588B0FFF7C4FF22
:4098C000124B1B68CBB100240594069407AA06A905A8FCF72BFB059B0293069B0193062300932346079A0A490A48FFF7F9FB0A4B186010B1012008B010BD4FF0200383F3C4
:409900001188BFF36F8FBFF34F8FFEE75CB30208985002103198011058B3020801BE0148704700BF02020204024B0B600723136000207047EC30000808B5407805F0E6F946
:4099400008BD000038B5054614468A4294BF00230123834205D08A422CBF00210121814207D005F0E5FB054BA3FB0431890C05F0B5FA05B138BDFCF7F1F9FBE783DE1B43A2
:409980002DE9F04104460A78A2F10D03DBB2012B04D90F2A2FD14E78013600E04E78002004F090FE0746002004F05AFE05F08EF920FA07F8304605F089F920FA07F76378AF
:4099C0006BB1F1B2607804F02BFE054663789BB958B93A4641460020FFF7B4FF0CE03A4641460120FFF7AEFFEBE7424639460020FFF7A8FF00E0024D2846BDE8F08100BF99
:409A000001020204F8B504460139072935D8DFE801F0040A340634343408002604E0022602E0032600E00126002004F04BFE0746002004F015FE05F049F920FA07F720FA8D
:409A400006F563786BB13146607804F01BFE064663789BB958B92A4639460020FFF772FF0CE02A4639460120FFF76CFFEBE73A4629460020FFF766FF00E0014E3046F8BDA3
:409A80000002020408B519B1407804F083FD08BD407804F0A9FDFAE708B5407804F092FD08BD08B590F800C01CF0020F06D14A1E41780CF0030004F0FFFB08BD00234A1EDF
:409AC00041780CF0030004F037FCF6E708B531B10378417803F0030004F0CAFC08BD0378417803F0030004F005FDF7E700487047C02E04102DE9F04182B007460D46904674
:409B0000084602F083FFC6B2002401E00134E4B2B44213D205238DF804308DF805508DF8064001A800F0B8FE03460028EED13D707C700122BA70C7F8048000E0024B184687
:409B400002B0BDE8F08100BF020D020430B583B00C46054678B184B105238DF8043023788DF8053063788DF8063001A800F094FE28B103B030BD01BEEDE701BEECE7226817
:409B800063682A606B600123AB70F2E710B5034648B11878122808D003280AD9586844681846A04710BD01BEF3E71846FFF76AFFF8E71846FFF78AFFF4E708B5034648B14C
:409BC0001A78122A08D0032A0AD95A6812691846904708BD01BEF3E71846FFF713FFF8E71846FFF75EFFF4E710B582B0044690B1A37803B901BE05238DF8043023788DF8F5
:409C0000053063788DF8063001A800F06DFE0023A37002B010BD01BEEAE708B5034648B11A78082A08D0092A00D001BE184600F0CDF908BD01BEF3E7184600F0B5F8F8E767
:409C400008B5034648B11878082808D0092800D001BE184600F000FA08BD01BEF3E7184600F0DEF8F8E708B5034648B11A78082A08D0092A00D001BE184600F00DFA08BD6D
:409C800001BEF3E7184600F0FBF8F8E710B50446B8B12046FFF7C1FF00B101BE02212046FFF7E1FF00B101BEB4F8781059B92378082B10D02378092B11D094F87A3093B1FA
:409CC00010BD01BEE5E702222046FFF7B9FF0028EDD001BEEBE7204600F032F8EAE7204600F03EF9E9E7204600F0FEFDE8E7000000280CDB00F01F024009012393402030E0
:409D0000034A42F82030BFF34F8FBFF36F8F704700E100E00023012B06D8054A52F8232022B90133DBB2F6E7002070470120704794B3020802304000C0B20844C0B27047B9
:409D400010B50446443002F019FFA178124802F01FFF63785B00DBB2A2781344DBB203F13400FFF7C5FF62785200D2B2A3781344DBB2012B04D901BEFFF7CCFF28B110BD52
:409D8000064A002142F82310F6E7054801F098FF044B00221A70F2E700002A4094B302080831000890B30208054B9B68DBB28278012090401840003818BF0120704700BF2D
:409DC00000002A4038B5022922D0082920D0012914D001BE19E000231D430134E4B2012C0FD875B90C4B53F824000028F3D0FFF7DBFF08B10123EFE70023EDE700242546BE
:409E0000EDE785F00105054B1D70044B187838BD024B00221A70F8E794B3020890B30208022A27D810B50C468378012B00D901BE114910331B02CA5822F00042CA50436CB2
:409E400023F0C003436443F0800343648378012B00D901BE084910331B02CA5842F00042CA5081784078FFF765FF0146204600F057FE10BD0148704700002A4001060204A7
:409E800002291ED88378012B00D901BE0E4910331B02CA5822F00042CA50436C23F03002426443F0300343648378012B00D901BE054910331B02CA5842F00042CA50002097
:409EC00070470248704700BF00002A400106020400280CDB00F01F024009012393402030034A42F82030BFF34F8FBFF36F8F704700E100E000233C2B06D8054A52F82320F1
:409F000022B90133DBB2F6E70020704701207047A0B30208427812B983781C2B07D9012A08D0012A0CD001BE40F2FF30704703F13800704783781C2BF3D803F15500704724
:409F400080781F28EFD88E307047C0EBC00300EB830051FA80F0C0B20630C0B27047000010B50446443002F0BBFD6378CBB91248A17802F0C1FD2046FFF7CCFFFFF7A8FF8B
:409F80006378C3EBC30203EB8203A27813443C2B09D80A4A002142F82310FFF7ABFF20B110BD0748E4E701BEF7E7064801F088FE054B00221A70F3E700002840A0B30208F0
:409FC00000002940183100089CB3020843786BB9074B084A1268B2F862100B448178B2F8642002FB01335868C00F7047024BF0E70000284090B502080000294038B50229EC
:40A0000022D0082920D0012914D001BE19E000231D430134E4B23C2C0FD875B90C4B53F824000028F3D0FFF7D1FF08B10123EFE70023EDE700242546EDE785F00105054B2D
:40A040001D70044B187838BD024B00221A70F8E7A0B302089CB30208022A19D838B504460D46B0F8783003B901BE636C23F0C003636443F080036364A1786078FFF765FF4B
:40A080000146284600F04CFD08B9A4F8780038BD0048704701060204022908D8436C23F03002426443F030034364002070470148704700BF01060204002807DB00F01F026C
:40A0C000400901239340024A42F82030704700BF00E100E000280CDB00F01F024009012393402030034A42F82030BFF34F8FBFF36F8F704700E100E010B5072900D901BE47
:40A100001F2A00D901BE154B1B689C69001BC0095B694FEA001C03EB001003290FD853F80C00C9004FF01F0E0EFA01FE20EA0E0002F01F028A40024343F80C2010BD04390A
:40A140004368C9004FF01F0C0CFA01FC23EA0C0302F01F028A401A434260EFE790B50208082900D901BE012A00D901BE83694FF0010C0CFA01FC23EA0C0302F001028A403F
:40A180001A4382617047000000B5082900D901BE032A00D901BE4900094B1B6893F884E050F80E304FF0030C0CFA01FC23EA0C0302F003028A401A4340F80E205DF804FB8B
:40A1C00090B5020808281CD8DFE800F00923051E0B0D0F1113000A20012917D07047082070470C20F8E70D20F6E70E20F4E70F20F2E74B1EDBB2012B01D80E20ECE7082080
:40A20000704701BE0820E7E70B20E5E700F0070070470020E2E7C00870470000F8B5EFF30583103B1BB201279F4035E0234B1B689D693DE00221236860689847A468E4B150
:40A24000237B03F00703EA69DA4012F0010FF5D01A4A126892F88420A9585A00D14001F003021146013A012AE5D92A6922FA03F313F0010FDED00121DDE70023072B07D896
:40A280006A6901229A406A616A690133DBB2F5E70123B34027EA030777B1B7FA87F6C6F11F060E2EC2D8054B1B689D6905EBC615034B53F82640C2E7F8BD00BF90B502084A
:40A2C000A03600082DE9F04387B00F4616461D462E4B1B78F3B94FF0000C07E02C4C002344F82C300CF1010C5FFA8CFCBCF10E0FF4D94FF0000C07E0264B002223F81C2031
:40A300000CF1010C5FFA8CFCBCF1050FF4D91F4B01221A700B238DF80830C4088DF8094000F007088DF80A80029BADF814301B0C8DF81630059BADF810301B0C8DF812300F
:40A34000049BADF80C301B0C8DF80E3003A800F0A3FA814618B1484607B0BDE8F08339463046FFF72FFF02460E2C0BD80A4B1B68986900EBC410002300932B46414602F098
:40A38000E7FCE8E7044B1B689869F4E794B40208A03600089436000890B5020838B504460D46FBF7CEFCE1080F4B03EB810253F8213002E003F108029B6833B1136893F889
:40A3C0000CC0A445F6D19B68136045B12B684BB12C73054B53F82120AA6043F82150FBF7B4FC38BD01BEF3E7A03600082DE9F041044690461E46C508772833D8284B1B686F
:40A400009B6903EBC51300F007075A690122BA405A615B690E2D2BD8214B1B68986900EBC5100A463946FFF7AFFE0E2D24D81C4B1B68986900EBC51032463946FFF790FE38
:40A440002046FFF7E8FE044616BB0E2D18D8144B1B689B6903EBC5139B6913F07F0F13D0BDE8F0810E4B1B689B6900F00707CCE70B4B1B689869D4E7094B1B689869DBE75A
:40A48000074B1B689B69E7E72046FFF723FEE7E7044A414600F090FB2046FFF70DFEDFE790B502081DA2011030B583B084460D460023052B2BD81C46164A52F823000190C3
:40A4C0009DF80620624502D00133DBB2F1E74FEADC03BCF1770F16D80F4A1268906900EBC31000220CF00701FFF706FE9DF805104631C9B2284600F013FB48B9074B00222F
:40A5000023F8142004E0044B1B689869E9E7044803B030BDF827041090B50208943600080008020401460023172B24D800B583B0124A52F8230001909DF806208A4205D0B1
:40A540000133DBB2172BF3D90D480DE0CB0877290DD80C4A1268906900EBC310002201F00701FFF7C9FD002003B05DF804FB054B1B689869F2E70248704700BF1028041034
:40A580000108020490B50208424B1B78002B7ED0F0B587B00546FF2873D0C608772823D83D4B1B689B6903EBC61300F007079A690121B94022EA01029A6100212846FFF72A
:40A5C000EDFE2846FFF727FE0E2E13D8324B1B689B6903EBC6139B6913F07F0F0ED02846FFF7A0FF00240EE02B4B1B689B6900F00707DCE7284B1B689B69ECE7FFF76AFD85
:40A60000EDE70134E4B2052C10D8244B53F8240003909DF80E30AB42F3D1214B33F814100029EED02846FFF73FFFEAE70E2E2AD8194B1B68986900EBC61000220092134664
:40A64000394602F085FB0B238DF80C308DF80D6005F007058DF80E50039BADF814301B0C8DF81630059BADF810301B0C8DF81230049BADF80C301B0C8DF80E3003A800F033
:40A6800033F907B0F0BD044B1B689869D5E701BE704700BF94B4020890B50208F827041094360008033818281ED8DFE800F00D1D1F1D1D0F111D151D1D1D1D1D171D191DA8
:40A6C0001D1D1D1D1D1B130009487047094870470948704709487047094870470948704709487047094870470020704708487047602F04108C2F0410882F0410842F041079
:40A70000642F04105C2F0410582F0410542F0410902F04100338182816D8DFE800F00D151715150D0F151115151515150D150D151515151515130D00012070470220704722
:40A740001020704702207047002070471A2070472DE9F0470D461E4604282ED0044617461D2839D823461E4A32F81490621C1D2A27D8D2B21A4931F8128001229A40194BC0
:40A7800013400BB32046FFF78DFFA6F800808246E0B12046FFF7BEFFA84217D93AF815304B4417FA83F333806B1C83420EDA3AF81380C8441FFA88F808E00F460D250524C0
:40A7C000D0E74FF48178D8E74D4435803388434504D20020BDE8F0870348FBE70248F9E7182F0410280B0A0C000D020410B582B00446084611461A460DF10603FFF7A8FF14
:40A8000078B9BDF80630C3F3C70103F00702635C012101FA02F21340003B18BF0123049A137002B010BD10B582B00446084611461A460DF10603FFF78BFF68B9BDF80630B0
:40A84000C3F3C70C03F0070314F80C20012101FA03F3134304F80C3002B010BD10B582B00446084611461A460DF10603FFF770FF70B9BDF80630C3F3C70C03F0070214F8A3
:40A880000C1001239340DB435BB20B4004F80C3002B010BD0020704770B584B00446FBF750FA05460DF10F030093A378627821780B48FFF79BFF064618B99DF80F3033B16E
:40A8C000084E2846FBF741FA304604B070BDA378627821780248FFF7A6FF0646F1E700BF98B40208010D020438B50446FBF729FA0546A378627821780448FFF7AFFF00B18A
:40A9000001BE2846FBF721FA38BD00BF98B4020802460023184603B1704702B118460133DBB2F8E710B50446FFF7F2FF204610BD0020122807D8054B1B5C13B90130C0B256
:40A94000F7E740B270474FF0FF3070475C2E041038B504460D46FFF7EBFF114B1B5D83B1104B1A689368B2F874100B44201A1030B2F8762002FB00F000EB8501C858C0B21C
:40A9800038BD084B1A689368B2F874100B44B2F8762002FB04F404EB8501C858EFE700BF5C2E041090B502082DE9F84304461E469DF820809DF82470224B1B5CC3B1411AF9
:40A9C000CCB22046FFF7AEFF46EA00262046FFF79FFF46EA004040F0804040F4805027B14246002104F00AFC23E004F055FC20E01546FFF797FF4FEA002945EA0025204656
:40AA0000FFF786FF45EA004549EA060949EA004949F080417FB90C4B19688B68B1F874201A44B1F8763003FB04F404EB860300209850BDE8F88343460022284604F086FB5E
:40AA4000F7E700BF5C2E041090B502082DE9F04782B00C469046C0F3470600F00107FFF767FF6B2C45D88146264B1D5D1B57002B14DB122D3FD8244B13F804A000242A4657
:40AA8000224B33F81530A3422FD9214B53F825301B5DB34208D00134A4B2F0E705F07F0555FA80F5EDB2E4E71A4B9B5C0BB1A24523D1B8F1020F07D051462846FFF748FFAC
:40AAC000E8B9B8F1000F0ED0B8F1010F14BF00230123019300975346E2B25FFA89F12846FFF762FF02E0002000E00B4802B0BDE8F0870948FAE70848F8E70748F6E707487D
:40AB0000F4E700BFDC28041070280410702E0410A03000085C2E0410010C0204000C020408B50222FFF792FF08BD000070B582B00D468378772B17D8DA08104909688E6964
:40AB400006EBC216C27803F00704009201232A462146304602F0FCF80A2D09D00B2D0AD10123A340736006E0044A12689669E9E70123A340B360002002B070BD90B5020809
:40AB800010B582B00146772810D8C308094A1268906900EBC310002400940123082201F0070102F0D5F8204602B010BD014B1B689869F0E790B5020800B583B0ADF800005B
:40ABC00001911146684604F0FBF803B05DF804FB10B50346064850F82300064C54F8233010B11BB1984710BD0120FCE70120FAE7D4B40208BCB402082DE9F04105460E46E7
:40AC0000084601F0EBFE074600244FF0010817E0022229463846FFF7DBFF0137FFB2BC42F6D8022E1AD0082E18D0012E19D1B8F1000F16D00C4B01221A7012E00134E4B2F6
:40AC4000052CEED83A4629462046FFF7C1FF80460028F3D1012EF1D10027E0E7024B00221A704046BDE8F081B9B4020802460020052806D8044B1B5C934203D00130C0B2B1
:40AC8000F6E7FF20704700BFE82F041008B512381A2819D8DFE800F01618181818181818181818181818181818181818180E1D1018121400002009E0022007E0042005E07C
:40ACC000052003E0062001E001BEFF20FFF7CEFF08BD0120FAE7000008B5EFF30580103800B240F2FF33984205D0FFF7CFFF034B53F8200008BD0020FCE700BFD4B4020816
:40AD00002DE9F04383B080460E461746994600240DE017238DF80430735C8DF805306B788DF8063001A8FFF7B7FDE0B10134BC421DD2A10006EB840595F802C0C445F5D1D7
:40AD4000B9F1000FE5D099F80030172BE1D199F8012016F824309A42E8D199F802206B789A42E3D104E001A8FFF7BEFD00E00025284603B0BDE8F0832DE9F04383B0804623
:40AD80000E4617460024A14600E00134BC421FD206EB8405AB784345F7D116F82400FFF765FF17238DF804308DF805006B788DF8063001A8FFF770FD0028E6D101A8FFF7B5
:40ADC00093FD16F824200123934049EA0309DCE7484603B0BDE8F083014B1878704700BFB9B4020838B50C461546FFF73FFF134B43F82040124B43F8205000231A4601E023
:40AE00000133DBB2052B09D80C4850F823000028F6D0012A08D00132D2B2F1E72AB904B101BE084800F04CFF38BD012AFCD1002CFAD0044800F038FFF6E700BFD4B402089B
:40AE4000BCB4020828310008002807DB00F01F02400901239340024A42F82030704700BF00E100E000280CDB00F01F024009012393402030034A42F82030BFF34F8FBFF3C6
:40AE80006F8F704700E100E0072900D901BE012A04D901BE01238B4083607047002AF9D101238B404360704701238B401B0203F47063032900D901BE012A05D901BE026AF9
:40AEC00022EA030303627047012AF8D1026A13430362704708B503460A4677280AD8C10806480068806900EBC11003F00701FFF7CBFF08BD014909688869F6E790B50208FF
:40AF000000F00600042805D0062805D0022805D1012070470220704703207047002070478278931EDBB2012B03D9012A0BD0002300E00423032A09D000221343027C3AB956
:40AF400001201843704700230222F6E70222F4E70020F6E708B50346C07F58B95818807AFF2807D00B449B7B0BB982F001021146FFF7B0FF08BD00002DE9F84380460F46F5
:40AF800091461E460024032C13D80B4B53F8242033469208094D55F824104046FFF7B0FE386010B90134E4B2EDE789F80040002000E00348BDE8F883F42F04100430041074
:40AFC000081902042DE9F04782B0984600238DF80730FF2900F0868005460E461746B0F858309BB213B90024A14616E0DFF8FCA0504602B0BDE8F0878DF807404FF0000A9E
:40B0000025E0B7FA87F35B09062201213046FFF759F9824616E00134E4B2032C15D82A19917AB1420CBF4FF001094FF00009E3D0EA7F002AEFD1FF29EDD1B8F1000FE0D1DD
:40B040004FF0000A8DF8074001E0DFF8A0A0B9F1000F01D1EB7FF3B9BAF1000FC8D1B9F1000F03D19DF807302B449E729DF80710012F14BF002201226B189A732868FFF7ED
:40B0800013FFEB7F002BB3D100229DF807102846FFF760FFACE7002300932B1D0DF1070269463046FFF768FF02460028D4D100980028D1D09DF807302B449B7AFF2BCBD12E
:40B0C00001786B799942C7D14178AB799942C3D1B8F1000F01D19246C1E7082101F022FC8246B9E7DFF804A082E700BF081902042DE9F04F83B00C4690460746B8B103F067
:40B1000015FE0546FB7FA3BB4FF0000ACDF804A04FF0FF3B0426102E27D804FB06F9A94507D9042E05D12C4803B0BDE8F08F01BEE5E7A94511D803F0F9FD00EB5900B0FBEE
:40B14000F9F0B5FBF0F399450AD9A9EB03039B4503D943B1824601969B460136F6B2DAE7A3EB0903F3E782460196019B88F800301BE007EE904AF8EE677AF7EE006A86EEF5
:40B18000A77ADFED167A67EE277A9FED157A77EEC77ADFED146A86EEA77ABCEEC77A17EE103A834215D84FF0010A1437002211463846FEF7EBFC0028B6D151463846FEF76F
:40B1C000FCFC0028B0D1002201213846FEF7DEFCAAE70148A8E700BF011902040024F448CC28163D001B374A2DE9F04F89B004460E46174698469DF848B01E2303710023C6
:40B20000A0F85830FF2380F85B30042280F821200372C3714372FAF794FD8146A04B1D68E37F002B41D0B8F1FF0F0BD1FF2F10D1FF2E15D1BBF1FF0F19D1002D00F09C80A3
:40B24000002350E0082297494046FFF795FD0540ECE70A2294493846FFF78EFD0540E7E70A2292493046FFF787FD0540E2E708228F495846FFF780FD824604228D495846B6
:40B28000FFF77AFD4AEA000A04228B495846FFF773FD4AEA000A022288495846FFF76CFD4AEA000A05EA0A05C7E7B8F1FF0F0AD1FF2F0FD1FF2EC0D00A2281493046FFF70C
:40B2C0005BFD0540B9E708227E494046FFF754FD0540EDE70A227C493846FFF74DFD0540E8E70133DBB225FA03F212F0010FF8D000250022079217218DF818108DF8193035
:40B300008DF81A20002D40F0AF80E37F002B36D006AD2B460A2265493046FFF7F1FC00902B460A2260493846FFF7EAFC01902B4608225C494046FFF7E3FC03902B4604F183
:40B34000120207A95846FFF717FE05464FF0060A08230293FF2E2ED0009B002B00F09680FF2E33D00099002900F092801A780978914224D0554D81E00023544DB9E70DF1DC
:40B38000180A53460A224E493046FFF7B9FC009053460A224C493846FFF7B2FC01905346082248494046FFF7ABFC03904FF0080A06230293CEE7FF2F41D0019BCDE75A7822
:40B3C00000994978914201D0404D57E0FF2F0FD0019A002A5ED019781278914201D03B4D4CE05978019A5278914201D0374D45E0B8F1FF0F0FD0039A002A4DD01978127800
:40B40000914201D0314D39E05978039A5278914201D02E4D32E0E27F8AB1BBF1FF0F0ED0079A002A3AD018781178884201D0274D24E059785378994201D0244D1EE0EDB9D6
:40B4400094F87830D3B917238DF814309DF81900FFF70CFC8DF8150000238DF8163005A8FFF71AFA054609E04FF0000ACDF808A0CDF80CA0CDF804A0CDF800A04846FAF776
:40B4800064FC2DB3284609B0BDE8F08F0F4DF5E70E4DF3E70D4DF1E70C4DEFE70B4DEDE7F02F0410682704104027041018270410F8260410E8260410D8260410D0260410F3
:40B4C00088270410D8270410B027041007190204069BA3801B0CA3716079FFF7C7FB434B53F820302360FF2E06D094F87830002B44D0002DC6D12672FF2F4BD094F87830DA
:40B50000002B41D0002DBDD1E771B8F1FF0F4BD094F87830002B41D0002DB3D184F80980BBF1FF0F44D1002DACD1139B002B4FD004F11403139A92E8030083E8030000238C
:40B5400084F82030237D13F0020F4DD1002D99D1217D627D01F00301607902F053FF054600288FD194F82030002B8BD004F121021F492046FFF7BCFD054683E70299009855
:40B5800001F0D0F90546B4E75146019801F0CAF90546B7E7002D7FF475AFB6E70299039801F0C0F90546B7E7002D7FF46BAFB7E7A27C149B23FA02F294F8783083F0010313
:40B5C00002F0010259462046FFF7FCFC0546AAE701231A46211D04F1140001F035FA0546012384F82030B1E7024D4BE7D02F0410A08601000319020470B5124D2E68FFF7DC
:40B600006BFB286048B10446054655F8240B294602F03EFA94F86C3003B970BD2946206802F082F910F0010F02D0064B1E60F4E70022A4F8582084F86C20A17C2046FFF7C1
:40B6400089FCF2E7ECB4020800B583B00B46114650F8242B00920190022B05D0042B03D0082B0AD0012005E0684602F05FF9B0FA80F0400903B05DF804FB684602F0C8F99E
:40B68000B0FA80F04009F5E730B583B0044603686BB1002211464079FFF7A4FB0021206802F0CEF8206802F0ABF80023236023791E2B07D194F878300BB394F82030B3BB7E
:40B6C00003B030BD6079FFF7D1FA1D4B33F91000FFF7C8FB94F8783013B11E232371E9E717238DF804306079FFF7C0FA8DF80500A3798DF8063001A8FFF7F6F8EDE7E01DDB
:40B7000001F0D2F804F1080001F0CEF804F1090001F0CAF8002507E005F108002044023001F0C2F80135EDB2032DF5D9C5E704F11400FEF759FA002384F82030C0E700BF79
:40B74000C42F0410F0B58FB0002851D00D46044690F820301BB9274D28460FB0F0BD064656F8240B314602F06BF80DF1370229462046FFF7BDFC054638B9E37F2BB994F8A0
:40B7800021209DF837309A4205D12268136843F000431360E0E7EC46174F0FCFACE80F000FCFACE80F000FCFACE80F003B68CCF80030206802F024F8E37F83F001038DF83F
:40B7C000003094F822308DF81030237F8DF80230A37F029303939DF83730019384F8213032466946206801F0E3FE0028B4D1CCE7024DB1E701190204143004100019020414
:40B80000024658B113685BB10023032B0AD8D018807AFF2818D10133DBB2F6E701BEF1E701BEF1E7012323BBFF2924D0B2F858309BB25BB90023032B19D8D018807A8842A0
:40B8400006D00133DBB2F6E70023ECE70B48704710B41468216A21F04061980600F0406001432162937400205DF8044B704703487047024870470148704700BF0919020476
:40B8800070B504460D46244A01464079FFF7AAFA94F8783013B994F8203013B96B6884F82130EB68A3772B7C84F82230AB7823772846FFF735FB6077224652F8240B29461C
:40B8C00001F076FE054628B9A37C2344997AFF2905D14DB12046FFF7D7FE284670BD2046FFF78EFF0546F4E76079FFF7BFF90023236763676365094B33F91060084A03211B
:40B900003046FFF759F93046FFF79EFA2268136843F000431360E0E749B60110C42F0410F9B501102DE9F04792B00D4616461F469DF870909DF874A09DF87880044668B3E7
:40B940007C220021204607F059FC0DF1140CDFF8A4E0BEE80F00ACE80F00BEE80F00ACE80F00BEE80F00ACE80F00DEF80030CCF8003088F001038DF81430CAF3000383F063
:40B9800001038DF824305046FFF7BAFA8DF81600CDF81C90CDF82090002008E001BECFE72318FF229A7200229A730130C0B20328F6D90023A37484F81F800B9B02931B9BF2
:40B9C00001939DF8683000933B46324629462046FFF70AFC054640B905A92046FFF750FF0546284612B0BDE8F0872046FFF74CFEF7E700BF143004102DE9F04104468846FB
:40BA000016461F4604E0012388F80030E3B1E46840F28975AC4217D02568002DF7D094F804C036EA0C0CF2D1637937EA0303EED0A26839463046A8470028E4D1012F01D04F
:40BA40000123E1E70023DFE72046BDE8F08170B504460D46164600E0E468AC4210D02368002BF9D094F804C036EA0C0CF4D1627912F0020FF0D1A268022130469847EBE78E
:40BA800070BD38B505460C46FAF75BF9E36813B1FAF75BF938BD2B68E3602C60F8E738B504460D46FAF74DF901E003F10C04236840F28972934205D0AB42F6D1EB6823606E
:40BAC0000023EB60FAF741F938BD00002DE9F04182B00D4600F08EFF044601238DF80730102820D81D4BC34013F0010F1BD01C4B1F681C4B1E6823462A460DF10701384674
:40BB0000FFF77AFF80469DF807308BB930469DF807300BB9012C13D09DF80730DBB1002002B0BDE8F0810E4B1E680E4B1F68E2E723462A460DF107013046FFF75DFFE6E76E
:40BB40002A4601463046FFF782FF2A4641463846FFF77DFFE0E70448E2E700BF04010100383100083C310008FF00420038B50C4620212046FFF7AAFF0546042C01D0284633
:40BB800038BD002003F0C2F8034BA3FB0031890C012003F0A3F9F2E783DE1B4338B50C4610212046FFF792FF0546082C01D0284638BD002003F0AAF8034BA3FB0031890C52
:40BBC000002003F08BF9F2E783DE1B4308B508460821FFF77BFF08BD10B50446FFF776FF042C02D0082C17D010BD4FF0E0231B6913F0010F04D00E4B1B7813B1012300E0E8
:40BC000000230C4A1370002BEED04FF0E022136923F001031361E7E7064B1B78002BE3D04FF0E022136943F001031361DCE700BF84B5020885B5020808B50846012902D1CE
:40BC4000044B1B881BB90221FFF7C6FF08BD0248FCE700BF86B50208FF00420008B508460121FFF7B9FF08BD38B584468E4615460C4C0FCCCCF80000CCF80410CCF80820A8
:40BC8000CCF80C3007CCCCF81000CCF81410CCF81820CCF800508CF804E0604603F086F938BD00BF4830041008B5014618B10348FFF7E7FE08BD01BEF9E700BF383100089E
:40BCC00008B5014618B10348FFF7E9FE08BD01BEF9E700BF3831000808B503F02FFA38B9164A00211648FFF7BFFF20B9154808BD03F0A6F9F4E7144A01211448FFF7B4FF71
:40BD000008B91048F3E7124A02211248FFF7ACFF08B90C48EBE7104A03211048FFF7A4FF08B90848E3E70E4A04210E48FFF79CFF08B10020DBE70348D9E700BF5DBC011072
:40BD400060B50208011A020439BC011044B50208CDBB011028B502089DBB0110F0B402086DBB01100CB5020808B503F04DF8002008BD0000024600B101BE024B43F8221093
:40BD8000704700BF88B50208002807DB00F01F02400901239340024A42F82030704700BF00E100E000280CDB00F01F024009012393402030034A42F82030BFF34F8FBFF395
:40BDC0006F8F704700E100E010B5072900D901BE1F2A00D901BE154B1B689C69001BC0095B694FEA001C03EB001003290FD853F80C00C9004FF01F0E0EFA01FE20EA0E00BE
:40BE000002F01F028A40024343F80C2010BD04394368C9004FF01F0C0CFA01FC23EA0C0302F01F028A401A434260EFE790B50208072900D901BE0C4B1B689A69801AC00969
:40BE40005B69020103EB0010032905D89858C900C84000F01F00704704394068C900C84000F01F00704700BF90B50208012803D0022803D10320704702207047002070475F
:40BE80000138032809D8DFE800F0020B040602207047062070470820704701BE0220704704207047814206D9091A642303FB01F1B1FBF0F07047411A642303FB01F1B1FB6A
:40BEC000F0F070472DE9F04F87B005460E46174698469DF840901E23037100234373FF23C371037243728372994222D0FF2F27D0FF2E02D1FF2F00F00281F9F722FF0190A8
:40BF0000804BD3F800A0FF2E1FD1FF2F25D1B8F1FF0F2AD1B9F1FF0F2FD1BAF1000F34D000242AFA04F313F0010F33D10134E4B2F7E79945DAD0744C204607B0BDE8F08FDA
:40BF4000B8F1FF0FD4D0704CF6E709226F493046FEF712FF0AEA000AD7E709226C493846FEF70AFF0AEA000AD1E7072269494046FEF702FF0AEA000ACCE707226649484632
:40BF8000FEF7FAFE0AEA000AC7E70198F9F7DDFE5D4CD1E717238DF814308DF8154000238DF816300DF1140B5B46092257493046FEF7A6FE82465B46092255493846FEF71B
:40BFC0009FFE02905B46072252494046FEF798FE03905B46072250494846FEF791FE8346FF2E02D0BAF1000F0ED0FF2F01D0029B53B1B8F1FF0F01D0039B2BB1B9F1FF0FDA
:40C0000003D0BBF1000F00D101BE17238DF810302046FEF72BFE8DF8110000238DF8123004A8FEF739FC04460198F9F78EFE002C82D1059BAB801B0CAB71FF2E3ED1FF2FB3
:40C0400046D1002C7FF478AF039B5BB10821184600F068FC044600287FF46EAF0123EB7285F80980002C7FF467AFBBF1000F0BD00621584600F056FC044600287FF45CAF93
:40C0800001232B7385F80A90002C7FF455AF119B43B300236B7305F11003119A92E8030083E80300002C7FF447AF297C6A7C01F00301687902F0A6F904463DE70621504610
:40C0C00000F030FC044600287FF436AF2E72B6E70821029800F026FC044600287FF42CAFEF71B1E701231A46291D05F1100000F0ABFC0446B0FA80F35B096B73D2E7024C79
:40C100001AE700BFF02F0410001F02045026041074260410B42604109826041070B504464079FEF7A3FD0546154B53F82000214641F8540B04F1180201F0E4FD064608B137
:40C14000304670BD0023C4F89C30C4F8A030C4F894300C4B33F915500B4A03212846FEF72BFD2846FFF710FE084A21466079FEF739FE2268136843F000431360E0E700BFD5
:40C18000D02F0410C42F041091C101107DC40110F8B5314D2E68FEF79FFD2860002859D00446014651F8180BD0F88C5FD0F8CC7F01F0E5FF15F0200F09D023682022C3F858
:40C1C000802FD3F8803FE36C0BB11046984715F0400F09D023684022C3F8802FD3F8803FE36C0BB12020984715F0010F04D0E36C13B14FF48070984715F4007F13D023688A
:40C200004FF40072C3F8802FD3F8803F2268D2F8883F43F4007123F4EE6323F0030303B101BEC2F8881F17F0400F09D023684022C3F8C02FD3F8C03FE36C0BB11020984793
:40C2400017F0010F04D0E36C13B14FF400709847014B1E60F8BD00BF8CB5020838B50C46154602F063FD05FB04F4B0FBF4F038BD2DE9F84380460E460824FF27A14601E0B8
:40C280000134E4B2102C15D806FB04F502F04EFD00EB55012246B1FBF5F14046FFF7DEFF01463046FFF7FEFDC0B28742E8D90746A146E5E74846BDE8F883000010B582B070
:40C2C0000446E8B1206840B104F1180101F0CCFE206801F0A5FE0023236023791E2B11D194F8A43083B394F8AC303BB994F8B0301E2B40D194F82C311E2B44D102B010BD12
:40C3000001BEDFE76079FEF7B1FC234B33F91000FFF748FD002211466079FEF763FD94F8A43013B11E232371DAE717238DF804306079FEF79BFC8DF80500A3798DF80630FE
:40C3400001A8FEF7D1FAEDE7E01D00F0ADFA04F1080000F0A9FA04F10A0000F0A5FA04F1090000F0A1FA637B002BBCD004F11000FDF73AFCB7E704F1B000FDF787FC1E2386
:40C3800084F8B030B6E704F59670FDF77FFC1E2384F82C31B2E700BFC42F04102DE9F04704460D461646D0F8A8308B4201D0C4F8A810637B13B93048BDE8F08727460021D9
:40C3C00057F8100B01F050FE002211463846FDF7DDFB28B12268136843F000431360EBE704F1040929464846FFF742FF8046A06505FB00F502F09AFC00EB5500B0FBF5F5E5
:40C4000029463846FDF7D9FB824638BB424629464846FFF723FF06B13060002201213846FDF7B4FB94F8703023B34FF48033E26D082A01D84FF4006A43EA0A0308F1FF38DA
:40C4400008F00F0843EA0803226843F0007313602268136843F000431360ADE7002201213846FDF793FB2268136843F0004313605046A1E75346DAE7061F02042DE9F0472E
:40C4800004461546037AFF2B0DD0DA08772B05D89C480068806900EBC21806E0994A1268D2F8188001E04FF00008A27AFF2A0ED0207B18B3D008772A05D8924E3668B769AE
:40C4C00007EBC01704E08F480068876900E0002703F0070602F00709102911D020290FD0013D072D00F2F580DFE815F07600DB00F300FA00F300F300F300DB000027E7E789
:40C50000012D08D04FF0000A082D3ED0042D4FD05046BDE8F087264656F8180B314601F02CFE10F0010F02D04FF0000AECE73146206801F020FED4F8B431B3FA83FA4FEAD8
:40C540005A1A2AEA000AD4F8B031002B14BF4FF0000A0AF0010ABAF1000FD5D02168D1F80832C3F30803D1F80822C2F3C032D34208D1D1F80833C3F30803002BC4D04FF039
:40C58000000AC1E74FF0000ABEE70022D4F8A8102046FFF703FF47B194F8992049463846FFF712FC4FF0010AB0E74FF0010AADE7002F00F0928049463846FFF739FC84F8E5
:40C5C00099004FF0010A0AFA09F3BB60002249463846FFF7F9FB9BE7254655F8180B294601F0CBFD10F0010F02D04FF0000A8FE72946206801F0BFFDD4F8B431B3FA83FA7F
:40C600004FEA5A1A2AEA000AD4F8B031002B14BF4FF0000A0AF0010ABAF1000F3FF478AF2368D3F88C0FD3F8CCCFD3F80822C2F30802D3F80812C1F3C031CA4253D1D3F892
:40C640000833C3F30803002B50D1002851D1BCF1000F51D1B8F1000F0ED031464046FFF7E7FB84F898000123B340C8F80830002231464046FFF7A8FB77B149463846FFF7D9
:40C68000D7FB84F89900012303FA09F3BB60002249463846FFF798FB2946206801F0E4FC36E72268136843F000431360B8F1000F05D094F8982031464046FFF785FBF7B1E4
:40C6C00094F8992049463846FFF77EFB4FF0010A1EE701BE4FF0000A1AE74FF0010A17E74FF0010A14E74FF0000A11E74FF0000A0EE74FF0000A0BE74FF0000A08E74FF063
:40C70000010A05E790B50208F8B506460F461546FEF762FBA8B93368D3F840332C4602E03368D3F84033B3F1FF3F07D1002DF7D04CB10120FFF718FB013CF1E73B7000209C
:40C74000F8BD0248FCE70248FAE700BF031A0204021F020438B504460D46FEF73DFB28B1044806E02946206800F0D1FD0028F9D0002038BD031A020408B5034628B131B142
:40C7800093F8AC0028B9064808BD01BEF7E701BEF6E753F8180B01F073FC0020F4E700BF041F02042DE9F04182B00C4616461F46DDF828800546002867D04FF4DE720021FD
:40C7C000284606F01BFD012385F8AC301E2385F8B03085F82C314FF4E133C5F8A830099B01939DF8203000933B46324621462846FFF768FB044600283FD105F1540C294CB8
:40C800000FCCACE80F000FCCACE80F000FCCACE80F0094E80F008CE80F00EB7A85F87430B8F1000F0ED0D8F80030EB6598F80400FFF726FB85F8610098F80800FFF716FBDC
:40C8400085F862002846FFF769FC0446B0B9B8F1000F07D0D8F80C1021B1D8F810202846FFF78AFF6B7B93B92B681B6813F4006F15D080235B08C5F8B83114B12846FFF7AB
:40C880001DFD204602B0BDE8F08101BE95E70022D5F8A8102846FFF781FD0446E4E74023E8E700BF6430041010B504460078FF2800D110BD00F06AF8FF232370F9E738B59E
:40C8C0000C46054638B1FDF711F9024621462846FDF710F938BD01BEF5E700002DE9F041064615461F460024A0460C4B08E04FF001083046FFF7E3FF034658B157B1013449
:40C90000032C07D80649095DA942F0D0B8F1000FF5D0EEE71846BDE8F08100BF020D0204A430041070B584B004460D4683780B228DF80020DA088DF8012003F007038DF83A
:40C940000230009BADF80C301B0C8DF80E30039BADF808301B0C8DF80A30029BADF804301B0C8DF8063001A8FDF796FF064610B1304604B070BD29462046FEF7D7F80646EB
:40C980000028F5D001A8FDF7AFFFF1E710B584B00446FEF7F5F800B101BE0B238DF80030E3088DF8013004F007048DF80240009BADF80C301B0C8DF80E30039BADF80830A7
:40C9C0001B0C8DF80A30029BADF804301B0C8DF8063001A8FDF788FF04B010BD431E072B05D8DFE803F0060604060404040601BE01207047431E072B05D8DFE803F0060635
:40CA000004060404040601BE01207047122817D8DFE800F00A180C0E16161616161616161612161016161400042070470220704701207047012070470520704705207047CD
:40CA4000012070470820704700B583B086468C4699B19CF80010053918292CD8DFE801F0282B2B2B2B2B2B2B2B2B2B2B2B2B2B2B0F2B2B212B2B2B2B1A0001BEE9E7114B6C
:40CA800093E8030002AB03E9030069467046FDF75DF814E00C4B93E8030002AB03E90300F3E70A4B93E8030002AB03E90300ECE701BE074803E000217046FFF70FFF03B0AE
:40CAC0005DF804FBA82E0410B02E0410B82E041002020204014B1860704700BF90B50208034638B100221A605A609A60DA601A615A61704701BEF5E730B41E4B98422FD00F
:40CB00001D4B1B6893F83A308B428CBF0023012303B101BE184D2B68B3F862200244B3F8643001FB03F30024D4502B68B3F862200244B3F8645001FB05229460B3F86220B6
:40CB40000244B3F8645001FB0522D460B3F862201044B3F8643001FB03018C6130BC7047054B1B6893F839308B428CBF00230123CEE700BF0000284090B502080023036092
:40CB800043608360C360036143618361C3617047012900D901BE01F1100212020023835000EB012000F58152136041F28802835070470000074B1B6893F83730834200D843
:40CBC00001BE044B1B681A6AB3F8BE3000FB0320704700BF90B50208B0F1204F3AD017D8802839D00DD8102838D0402801D124487047002834D170474FF4A400704721487D
:40CC00007047B0F5807F2FD01F4B98422ED170471E4B98422CD02ED31D4B98422DD8B0F1704F11D900F1805001380428E7D801A353F820F0F9CB0110FFCB011065CC0110F9
:40CC40004DCC011051CC01100E4870471148704711487047002070471048704710487047084870470F48704707487047054870474FF4A0007047034870470248704700BFBF
:40CC800002005000FF00520006005200090000A0050000F0020052000300520005005200010050000100520010B50120FFF782FF0A4B1C68D4F8C030C358002B0BDB084BC6
:40CCC0001868FFF789FF636801229A6063689B68002BFBD110BD0348FCE700BF90B50208A4B502080200500010B5072900D901BE1F2A00D901BE154B1B689C69001BC00991
:40CD00005B694FEA001C03EB001003290FD853F80C00C9004FF01F0E0EFA01FE20EA0E0002F01F028A40024343F80C2010BD04394368C9004FF01F0C0CFA01FC23EA0C038E
:40CD400002F01F028A401A434260EFE790B50208F8B507460D4614461E469DF81820072900D901BE0F2C03D8012C01D0092C00D101BE012E00D901BE1F2A00D901BE294622
:40CD80003846FFF7B1FF3B680122AA4023EA020306F00106AE401E433E60084B1B6893F885107B58AD000F22AA4023EA020304F00F04AC401C437C50F8BD00BF90B502081F
:40CDC000084B1B68D3F8C030C358002B07DAB1F5803F00D301BE89B24160002070470248704700BF90B5020801008A000368002B08DAC260B1F5803F00D301BE89B281608A
:40CE0000002070470048704701008A000A4651B1074B1B68D3F8C030C358002B05DAC36813600020704701BEF2E70248704700BF90B5020801008A00002807DB00F01F02C8
:40CE4000400901239340024A42F82030704700BF00E100E0074B1B6893F83730834200D801BE044B1B681A6AB3F8BE3000FB0320704700BF90B50208034B1B6803B1704734
:40CE8000014B1860FBE700BFB8B50208F8B50D461646069F1D4A1268002A34D01B4A11682C2200FB02F28C18D8B28850C3F3072262601B0CA360FFF7CDFF20616268144B2E
:40CEC0001B6893F838309A4200D301BE104B1B681B6A803203EB42136361A268B2F5803F00D301BEB2F5803F00D301BE91B241EA02429A60E66125620023A36117B1B7F91F
:40CF00000030A381F8BD01BEC8E700BFB8B5020890B5020830B58FB00023ADF830300D93044600283FD0A369072B00D901BEE36A002B3AD0236B002B39D00DF11C0C04F153
:40CF4000140EBEE80F00ACE80F00DEF80030CCF800300DF1080CA646BEE80F00ACE80F00DEF80030CCF80030079B1733ADF83030089B0D930CAD00950B9BA26AE16A0A98CC
:40CF8000FFF784FF00210091069B0A460598FFF77DFF216B284601F013FFBDF93000FFF74BFF0FB030BD01BEBDE701BEC2E701BEC3E7000070B51546002A3BD0224A1268A8
:40CFC000002A39D0204A12682C2404FB002C04FB01214A681D48006890F838E0B2FBFEF00EFB1022012000FA02F21204DCF80440B4FBFEF60EFB164400FA04FEDCF8104026
:40D00000E4B18869E0B92468002C1BDA2C882C6014432C60DCF81020D56001228A614B62DCF81020BEF5803F00D301BE1FFA8EF3936070BD01BEC1E701BEC3E70448F8E750
:40D040000448F6E70348F4E7B8B5020890B5020804028A0007028A0070B582B000230193044628B323692BB363692BB3236A2BB36369DD682A0C0BD02A0C12041A601B685B
:40D0800020691D4B1B68D3F8C030C358002B17DBADB24DB163691D601B68636A3BB39847002363620023A36163691B6802B070BD01BED7E701BED7E701BED7E701BED7E715
:40D0C00001A9FFF7A3FE60B9019803681E0CDBB2E2699A4206D9226A52F8233013B1984700E0002631462069FFF76AFED0E7A36A002BD7D09847D5E790B5020808B5064B57
:40D100001B683BB1044B1B682C2202FB0030FFF7A3FF08BD01BEF5E7B8B50208074B1B6893F83730834200D801BE044B1B681A6AB3F8BE3000FB0320704700BF90B50208CF
:40D1400038B51A4B1B6893F83730834229D90D4649B30C6814F01F0401D0154822E0FFF7DDFF144B186004E06B68002243F8242001342B68B4EB531FF6D30021FFF720FE2F
:40D180002A4600210B4B1868FFF730FE08B10A4808E00021074B1868FFF712FE10B1064800E0034838BD0248FCE700BF90B5020803018A00BCB5020801018A0010B50C46E2
:40D1C00012B151B9084810BD09B10748FBE7FFF7A5FF064B18602046F5E705490C604A60FFF7AEFFEFE700BF03018A00BCB50208803600082DE9F0411B4B1B687BB30C46A2
:40D20000DB681A6882422CD9450900F01F00012202FA00F6D3F8048079B10027124B18680368002B15DA58F82530334209D023EA060348F82530002504E0F8F782FD07468A
:40D24000ECE70A4D0021FFF7BBFD24B12846BDE8F081074DF9E73846F8F777FDF6E7034DF4E7044DF2E700BFBCB50208020188000301880004018A000C4B1B687BB1DB68EC
:40D280001A6882420DD9410900F01F00012282405B6853F82130134205D00548704705487047054870470548704700BFBCB50208010188000201880004018A000001880004
:40D2C00010B4D0F8003313F0080305D000230DE0D0F84043CC5401339342F9D35DF8044B7047D0F8404321F8134001339342F8D3F4E710B51446D0F80833C3F308039A42BC
:40D3000000D31C462246FFF7DBFF204610BD036813F4006F0AD08022D0F80832C3F30803934205D0C0F84012012070474022F3E70020704710B4D0F8003213F0080305D0ED
:40D3400000230DE0CC5CC0F8404201339342F9D35DF8044B704731F81340C0F8404201339342F8D3F4E710B51446036813F4006F0DD08023D0F80822C2F308029B1AA342DB
:40D3800000D81C462246FFF7D5FF204610BD4023F0E702E0C0F84012013A002AFAD17047036813F4006F0CD08023994200D301BED0F8043323F0FF03C9B20B43C0F8043328
:40D3C00070474023F1E7036813F4006F0CD08023994200D301BED0F8043223F0FF03C9B20B43C0F8043270474023F1E702E0D0F8403301390029FAD17047F8B506460C4665
:40D40000D0F80853C5F308058B68AB4200D21D465B1BA360676807B3E3682B44E3602A4639463046FFF74CFFD6F8003313F0080F00D06D002F446760A16849BB236A8BB9DA
:40D44000D6F8C83F23F0010223F4366323F00D0303B101BEC6F8C82F25E029463046FFF7C5FFE9E700236360216AA1602362336813F4006F08D08023994207D95B08991EFA
:40D480003046FFF78DFF0EE04023F5E70139F7E7336A002B08DB336813F4006F0AD080235B0899420AD3F8BD336813F4006F03D08023F6E74023F3E74023F2E70139304699
:40D4C000FFF76EFFEFE72DE9F04106460C46036813F4006F39D04FF08008D6F80852C5F30805A8EB05056369AB4200D21D465B1B6361276967B3A3692B44A3612A46394693
:40D500003046FFF717FFD6F8003213F0080F00D06D002F4427616369002B42D1E369EBB9236843F002032360D6F8883F23F0010223F4EE6323F0030303B101BEC6F8882FC3
:40D54000A36A73B3012098472BE04FF04008C4E72A46616A3046FFF71CFFDCE7D6F80852C5F30805A8EB0505E369AB4200D2E5692A46616A3046FFF70CFFD6F80812C1F385
:40D580000801294441450ED94FEA5808A8F102013046FFF718FF00222261E3695B1B6361E261BDE8F0810129F2D00139F0E70000002800F01A810346002900F0188110B5DC
:40D5C0000878012800D901BE4878022802D9052800D001BE887820B10138C0B2022800D901BE087801282ED088690F2800D901BE886804381C2800D901BEC86804381C280C
:40D6000000D901BE4878022804D08C68C868844200D001BE486A30F06D0000D001BEC86A30F0730000D001BE086B30F4206000D001BE487891F802C005280CD8DFE800F080
:40D640000B09140B0B09486802380E28CCD901BECAE74FF0010C8868082808D8C868082840F2A780002403E04FF0000CF3E70024087F002800F09F804FF4807E48680138F1
:40D6800000F00F0040EA0E0040F0807018601868002C00F093804FF40064204318600C6A186810F4006F00F08B808020844200D301BE8C6A186810F4006F00F08380802092
:40D6C000844200D301BE087D00287DD1012091F801E0BEF1050F79D000242043CC7C002C76D0102420434C7C002C73D0202420430C78012C70D0002420434FEA8C0C0CF045
:40D700000C0C40EA0C008C694FEA042C0CF4706C40EA0C004FEA0E6E0EF0407E40EA0E001862087C00285AD04FF480708C7C002C57D04FF4007420438C6804F1FF3C0CF06A
:40D740000F0C40EA0C00C3F8000391F82000C3F80403087C002846D04FF48074C868013800F00F002043C3F8000291F82800C3F80402486A00F06D00C3F8C80FC86A00F079
:40D780007300C3F8880F086B00F40070C3F8080F096B01F40061C3F8481F0021C3F8C81E3AB3084611609161D1609162124BD36210BD01245CE74FF0000E5FE700246CE7BA
:40D7C000402073E740207BE7002080E7022484E7002487E700248AE74FF000448CE70020A4E70024A7E70024B8E704487047034870470020DCE700BFEFCDAB000140AA005F
:40D800000E4B03604FF04073036240F20712C0F800230023C0F80433C0F80022C0F80432C0F8C83EC0F8883EC0F8C83FC0F8883FC0F8083FC0F8483F704700BF0F00000395
:40D84000036823F00043036019B100220A60CA608A61036A002B04DB0023C0F8C83FC0F8883F70472DE9F04105461E46069C002C3BD0E06A2A4B984200D001BE0EB109B912
:40D8800002B901BE276817F0010746D12B6813F4006F2CD04FF0800801232360216166610023A3616260A660E360E3614FF6FF7363624FEA580421462846FFF784FD2B6A15
:40D8C000002B17DBB44226D2A11E2846FFF768FD4FF40063C5F8483F2123C5F8C83F4123C5F8883F3846BDE8F08101BEC1E74FF04008D1E746450CD9A11E2846FFF750FDA1
:40D900000023C5F8083F0123C5F8C83FC5F8883FE8E7711EF1E7711ED7E7024FE2E700BFEFCDAB000240AA000868704770B505684668013907295BD8DFE801F004335A3C1C
:40D940005A5A5A4931462846FFF7EEFF10F0010F51D16B6A13F0010F4FD1D5F80832C3F30803D5F80822C2F3C032D34247D1D5F80833C3F30803002B43D12C6814F4807423
:40D980000AD00123C5F8C03ED5F8C03E6C6A14F001042ED01D4C2CE031462846FFF750FF27E02C6814F480742DD12B6843F000432B601EE02C6814F480741AD00123C5F8E5
:40D9C000C83E2B6F23F002032B67002411E02C6814F4807407D02B6F43F002032B670024C5F8C84E05E02B6843F000432B6000E0064C204670BD054CFBE7044CF9E7034C16
:40DA0000F7E7024CF5E70024F3E700BFFF00420070B5056846680139072905D8DFE801F00728042E0404042E184C204670BD31462846FFF779FF10F0010F21D16B6A13F0E2
:40DA4000010F1FD1D5F80832C3F30803D5F80822C2F3C032D34217D1D5F80843C4F308040CB10A4CE1E731462846FFF7E9FEDCE72B6843F000432B600024D6E70024D4E7B4
:40DA8000024CD2E7014CD0E7004CCEE7FF00420038B504460D46D0F8CC3E13F0010F04D00123C0F8C03ED0F8C03ED4F84C3F13F4006F46D02B6843F400632B604FF40063F5
:40DAC000C4F8403FD4F8403F0123D4F8CC2F12F0200F09D02B6843F020032B602023C4F8C03FD4F8C03F0123D4F88C2F12F0400F29D02B6843F040032B604023C4F8803F07
:40DB0000D4F8803FAB6A0BB104209847D4F8CC3F13F0010F1AD1D4F88C3F13F0010F1FD12B6813F0010F0BD0AB684BB96B693BB92B6823F001032B60AB6A0BB102209847B0
:40DB400038BD0023C1E7002BE0D0DBE729462046FFF753FC0123C4F8C03FD4F8C03FDAE729462046FFF7AFFC0123C4F8803FD4F8803FD5E7036813F4006F0CD0802399422C
:40DB800000D301BED0F8043323F0FF03C9B20B43C0F8043370474023F1E70346026812F4006F07D0802040081B6D13F0FF0300D0184670474020F6E708B501B102B901BE96
:40DBC000FFF797FB08BD70B505460C46FFF7E5FF0646E269A1692846FFF7EEFF236A03442362E169091AE161D1B9A368A3B1E168B1420FD3711E2846FFF7BCFF0123C5F8AC
:40DC0000C83F636823F001036360636B0BB10420984770BD0139EEE70023C5F8C83FF0E7A369D5F8002312F0080F00D040000344A361B142EDD201392846FFF79BFFE8E788
:40DC400008B501B102B901BEFFF78DFB08BD2DE9F04105460C46036813F4006F12D08027D5F8006206F00806A26A012A0CD8D5F80832C3F308039F4202D0A36A012B13D045
:40DC8000BDE8F0814027EBE7D4F82480E262013A41462846FFF7D4FFA36A1B1AA36206B1400040446062E2E70023A3623EBB636A1E78F8F746F84FF40073C5F8803FD5F86B
:40DCC000803FC5F84062F8F740F8D5F8883F23F4007222F0010242F4007223F4EE6323F0030303B101BEC5F8882F236843F002032360636B002BC3D001209847C0E7636A57
:40DD00001E88D6E7002800F080810346002900F07E8110B40878022800D901BE487B0238C0B2062800D901BE887B20B1022802D0032800D001BE91F82100012800D901BED6
:40DD400091F82800012800D901BE0878012806D9887F48B148680138062805D903E048680838082800D901BE88680538042800D901BE4869FF2800D901BE8869FF2800D9C7
:40DD800001BE887C30B1087818B98868092800F0828001BE486B20F4366020F00D0000B101BEC86B20F4EE6020F0030000B101BE0878022874D0486800F1FF3C087F002821
:40DDC00074D04FF480308C68082C71D84FF4006420430CF00F0C40EA0C0040F0007018600C6B186810F4006F64D08020844200D301BE8C6B186810F4006F5DD080208442F9
:40DE000000D301BE4C6A186810F4006F56D08020844200D301BE0878000600F040701864487F00284CD040208C7C002C4AD04FF4806420430C7C002C46D04FF48074204340
:40DE40004C7C002C42D04FF400742043CC6A04F1FF3C4FEA0C4C0CF4702C40EA0C0091F80DC00CF1FF3C0CF0070C40EA0C0091F80EC04FEA0C1C0CF0300C40EA0C009864C4
:40DE8000087B28B34FF48070CC7B1CBB0C78022C48D0002420E0887B00283FF47BAF78E7887F002887D14FF0000C87E700208AE700248DE7402099E74020A0E74020A7E7C0
:40DEC0000020B1E70024B4E70024B8E70024BCE70020D9E74FF4007420438C6804F1FF3C0CF00F0C40EA0C00C3F8000391F814C08869000400F47F004CEA0000C3F810032F
:40DF0000CC6AD3F8000300F00F000330844201D3102C00D901BEC87F38B10878012864D0002403E04FF40074D6E70024487B013800F00700204391F80EC04FEA0C1C0CF087
:40DF4000300C40EA0C005864087B002850D04FF480748868013800F00F0020430C78012C48D000242043C3F8000291F83000C3F8040391F8200000283FD04FF0007091F846
:40DF80002140012C3BD00024204391F82840012C38D00024204391F824402043186591F83800C3F80402486B20F4926020F002000005000DC3F8C80FC86B20F08C004005C2
:40DFC000400DC3F8880F22B30020506010609060D0601062D061D06250638B7F82F830300D4B93635DF8044B70474FF480749DE70024AEE74FF48034B4E70020BFE74FF02D
:40E000008074C1E74FF48034C4E704487047034870470020E6E700BFEFCDAB000160AA00104B03604FF0407303640023836440F20712C0F80023C0F80433C0F810334364A7
:40E04000C0F80022C0F804320365C0F8C83EC0F8883EC0F8C83FC0F8883FC0F8083FC0F8483F70470F000003036823F00043036021B100224A600A600A62CA627047000074
:40E08000F8B506460D4614461F464BB1BA6B104B9A4200D001BE2DB104B901BE24B9F8BD01BEF3E701BEFAE73046FFF776FDBD60FC6000233B617B61844207D3411E3046E1
:40E0C000FFF758FD0123C6F8C83FE8E7611EF6E7EFCDAB0008694B69834202D84B69C01A7047CB684A699B1A184470472DE9F04107460D46FFF751FD8046D7F80863C6F3BF
:40E1000008062C6924E0002428E06B6B0BB1082098476B69A34224D10023C7F8C83F84B1013C2C61EC6829463846FFF7D3FF211A884504D901B101393846FFF71BFDBDE8D2
:40E14000F081EC68013CECE7AB6823F81420013E002EE6D00134EB68A342D4D06B69A342D3D0D7F84023D7F8003313F0080FEBD1AB681A55EBE7486870470868704738B5FF
:40E1800004460D46D0F8003E13F0080F3FD0D0F8CC3F13F448730AD04A681A434A60C0F8C03FD0F8C03F4B6B0BB110209847D4F8CC3F13F4006F09D06B6843F400636B600E
:40E1C0004FF40063C4F8C03FD4F8C03FD4F8CC3F13F0010F0DD0EB69002B59D1AB681BB129462046FFF782FF0123C4F8C03FD4F8C03FD4F8CC3F13F0040F08D06B6B0BB157
:40E20000402098470423C4F8C03FD4F8C03FD4F8003E13F0040F3AD0D4F88C3F13F4A0630AD02A681A432A60C4F8803FD4F8803F6B6B0BB120209847D4F88C3F13F0010F73
:40E240002BD1D4F88C3F13F4007F12D02B68012B2DD04FF40073C4F8803FD4F8803F2B6823F001032B600023EB626B6B0BB102209847D4F88C3F13F0100F08D06B6B0BB1D0
:40E28000802098471023C4F8803FD4F8803F38BD29462046FFF797FCA6E729462046FFF7D6FC0123C4F8803FD4F8803FC9E70023C4F8883FD3E70000A0B903292FD8FF2A3A
:40E2C0002FD81B4B1B689868B3F87C30184450F8213023F47F43120292B2134340F8213000207047012801D01248704707291AD8B2F5803F19D20E4B1B689868B3F87E3048
:40E30000184450F821306FF31723120222F07F4222F0FF02134340F82130002070470548704704487047034870470248704700BF90B5020801004A0030B4022804D003282C
:40E340002CD02E4830BC704701294BD8B2F5803F4AD21F2B4AD82A4C2568A868B5F8805000EB050C5CF821006FF31720120222F07F4222F0FF0202434CF82120226890686D
:40E38000B2F88020104450F8212022F0F802DB00DBB2134340F821300020D3E741BBB2F1807F27D21F2B27D8154C2568A868B5F8825000EB050C5CF82100C0B240EA02227B
:40E3C0004CF8212022689068B2F88220104450F8212022F0F802DB00DBB2134340F821300846AFE70548ADE70448ABE70348A9E70248A7E70148A5E70048A3E701004A0052
:40E4000090B50208184B1B6893F846C0844525D9032925D809B9032A0ED9012905D0022906D0032907D011487047072A04D9F6E7012AF6D800E0AAB993F879C001F003015D
:40E4400001FA0CF193F878C00CEA02029B68114300F5407043F820100020704703487047024870470148704790B5020801004A00032836D808B903290ED9012805D00228D7
:40E4800006D0032807D019487047072904D9F6E70129F6D800E031BB10B4154B1C6894F87B200323934094F8782094F87AC002FA0CFC43EA0C0394F879C000F0030000FA1A
:40E4C0000CF003430A40A06843EA020141F00041C0F80014A368D3F8003400205DF8044B7047024870470148704700BF01004A0090B50208032823D808B903290ED9012818
:40E5000005D0022806D0032807D00F487047072904D9F6E70129F6D800E099B90B4B1A6892F8793000F00300984092F878300B409268184340F08040C2F8000400207047B5
:40E54000014870470048704701004A0090B50208044B1B681A68D3F88C30D058C0F30720704700BF90B50208034B1B681A68D3F88C30D058000E704790B50208044B1B6878
:40E580001A68D3F89030D058C0F30720704700BF90B50208084B1B6893F84430834209D9064AE03052F8203043F0004342F82030002070470248704790B502080000264084
:40E5C00001004A00064B1B6893F84430834205D9E030044B53F82000C00F70470020704790B5020800002640034678B1094A126892F8442082420BD90749E03351F82320BA
:40E6000022F0004241F8232000207047034870470248704790B502080000264001004A000C4B1B6893F8443083420ED90F290ED8094AE03052F8203023F00F0301F00F016A
:40E640000B4342F8203000207047044870470348704700BF90B502080000264001004A00064B1B6893F84430834200D801BEE030034B53F8200000F00F00704790B502082A
:40E68000000026400C4B1B6893F8443083420FD903290FD8094AE03052F8203023F03003090101F030010B4342F8203000207047034870470248704790B502080000264085
:40E6C00001004A00064B1B6893F84430834200D801BEE030034B53F82000C0F30110704790B5020800002640034B186900F00400003818BF012070470000274000207047BF
:40E7000000207047014B1868704700BFCCB50208074BD3F8303503F00303032B05D0044BD3F8300500F0010070470220704700BF0000264008B5FFF7EBFF022801D000200A
:40E7400008BD014B1868FBE7C8B50208124B1B6893F8423083421BD9042911D9A1F580739BB2132B16D801F01F010C4B00F1C00243F82210D030042243F8202000207047F0
:40E7800001F00701D030054B43F8201000207047034870470248704790B502080000264001004A0002460C4B1B6893F84230834200D801BE02F1D003084951F8230000F0DD
:40E7C0000700042800D07047C03251F8220000F01F0040F48070F6E790B502080000264008B5284B1B6893F84230834200D801BEFFF7D8FF03280DD9B0F58A7F40D2B0F5EE
:40E80000887F0FD3A0F58870032835D8DFE800F0151F3127032803D8DFE800F03006090C002003E0002001E0FFF76CFF08BDFFF781FFFBE7FFF762FFF8E7134BD3F80C35BD
:40E84000002B01DB0020F1E74FF40040EEE7FFF74BFF08B90020E9E74FF40040E6E70A4BD3F83C35002B01DB0020DFE74FF40040DCE7FFF745FFD9E70020D7E70348D5E75D
:40E880000020D3E790B502080000264000127A00024BD3F88005C00F704700BF00002640024BD3F8900500F00100704700002640034638B31449D1F88025C2F311001860FD
:40E8C000C2F30062DA71D1F88425C2F30C009880C2F308421A81D1F8882502F00F009872C2F30310D872C2F30C209881C2F301729A73D1F88C25C2F302219971C2F30842B4
:40E900001A82704701BED5E7000026400138074B1B6893F84330834200D801BE00F5C070034B53F82000C00F704700BF90B50208000026400138074B1B6893F84330834292
:40E9400000D801BE00F5C870034B53F8200000F00100704790B502080000264001380F4B1B6893F84330834215D900F5C0700C4B53F8203003F07F020A70C3F304224A705B
:40E98000C3F304428A70C3F3C062CA70C3F301730B71002070470348704700BF90B502080000264001004A00F8B50139072900F2F380DFE811F008001200F1001600F100BB
:40E9C000F100F1007A00774B1B78002B40F0E780754B01221A700026DFE00026724B1E70DBE00024714B1C80714B1C8004E02046FFF78CFF58B901346E4B1B6893F8433007
:40EA0000A34250D3002CF2D1FFF742FFF2E72046FFF7C8FE02280BD0002CECD1664AD2F8883523F0405343F00053C2F88835E2E7A4B9614AD2F8883523F0405343F0005361
:40EA4000C2F8883500212046FFF780FE0123A3409BB2564A11880B431380CCE7621E04F27F13554951F8233013F0405F08D002F5C07351F8233003F04053B3F1805F06D1A1
:40EA80000123A3409BB24A49088803430B804A4902F5C07251F8223023F0405343F0005341F82230CEE7002677E0404B1B88002B59D0424CFFF72CFE022802D00CB1013CA8
:40EAC000F8E7002C4CD13E4E374B00221A7064E0013CFFF7E5FE08B9002CF9D144B12DBB354AD2F8883543F04053C2F888352E460135304B1B6893F84330AB42E4D3012791
:40EB0000AF40BFB2294B1B881F42F1D002212846FFF71CFE002DDCD000E0013C2846FFF709FF0028DAD1002CF7D1D7E7204B1B881F420AD0204A05F27F1152F8213023F0CC
:40EB4000405342F821300026D2E71B4A05F27F1152F8213043F0405342F821300026C7E70025174EC5E7FFF793FE88B90026ABE7013CFFF795FE08B9002CF9D154B10E4A5C
:40EB8000D2F8883543F04053C2F8883500269BE70A4CEEE70A4E97E70A4E3046F8BD094EFBE700BFC5B50208C4B50208C2B50208C0B5020890B502080000264040420F0020
:40EBC00002004200FF00420070B586B001A8FFF76FFEFFF75DFE38B19DF81230022B01D0012102E0002100E00021019DBDF8084020469DF80B3083B1022681B184B1002040
:40EC0000FFF7EEFDA0FB0501A4FB06235408001941F1000103F042F902E00126EDE7002006B070BD2DE9F04182B0274B1B6893F84320002A40D00446002842D093F84230BD
:40EC4000834200D801BE204B1B6893F84330A34201D2002531E069462046FFF77FFE054608B1002529E02046FFF750FE38B19DF80430022B01D0012302E0002300E000231E
:40EC80009DF800809DF801609DF80270ABB18EB10FB93D4611E02046FFF7A2FDA0FB0801A6FB07235408001941F1000103F0F6F8054602E0354600E00025284602B0BDE806
:40ECC000F0810546F9E700BF90B5020810B504460D4B1B6893F84230834200D801BE4CB1094B1B6893F84330A34208D22046FFF777FD10BDFFF768FF0028FAD1F6E7204666
:40ED0000FFF790FFF8E700BF90B5020870B50646FFF7D8FC0446012585403046FFF7A0FCFFF7D4FF00EB5500E04070BD10B50020FFF7ECFF0446FFF717FC013004EB500406
:40ED4000B4FBF0F010BD10B5FFF7F0FF0446FFF7FFFB013004EB5004B4FBF0F010BD0000002808DB4901C9B200F1604000F5614080F80013704700F00F004901C9B2014B3A
:40ED80001954704714ED00E00A4B9A680A4B9A4204D01030094B53F82000704739B100F11003054A52F8230042F82310704701BEF5E700BF00ED00E0002C00080000011002
:40EDC000C8B138B50D4604464368072B00D901BE6168B4F90000FFF7C3FF084B9A68084B9A4201D0002038BD2946B4F90000FFF7CBFF0020F7E70348704700BF00ED00E09B
:40EE0000002C00080100560038B504460B4B1B684FF0FF35B5FBF3F506E0084B186805FB00F0F6F785FF641BAC42F6D8034B186804FB00F0F6F77CFF38BD00BF683000085E
:40EE4000FEE7000008B50268224B1A6042685A6082689A60C268DA6002691A6142695A6182699A61C269DA611B4A916A1962D16A5962516A9962516BD962926B1A63F1EE84
:40EE8000103A13F0900F22D0026A124B5A63426A9A63826ADA63C26A1A64026B5A64426B9A64826BDA64C26B1A65026C5A65426C9A65826CDA65C26C1A66026D5A66426D32
:40EEC0009A66826DDA66C26D1A67026E5A67FFF7B7FF08BDDC36000800ED00E070B40446002830D01923304802681668B2F8B050725922F003028B422CBF002301231A4390
:40EF0000725102681668B2F8B050725922F44072725102681568B2F8B2C055F80C2022F00302134345F80C3003681868B3F8B220835823F4407383503CB110291DD921297E
:40EF400026D801211AE06423CDE7174B1B6893F859208A421ED293F85A208A421CD293F85B208A421AD293F85C208A4218D293F85D308B4216D3042100E000210A4B1B6891
:40EF80005A68136823F00F030B43136070BC70470221F3E70021F1E70121EFE70221EDE70321EBE70521E9E790B5020800283DD00246C368002B3BD00368002B3AD090F825
:40EFC00004C01E4B53F82C1041B310B40C4600E019464B693BB1914205D0187E117E8842F6D81C46F4E7914226D023694BB163695361146103B11A61626101205DF8044BD5
:40F000007047117E237E9942F1D254610023136122610A4B43F82C200120EFE7074B43F82C00002343610361012070470020704700207047002070470020DFE7D4B50208EF
:40F0400008B5F6F77EFE074B5A6807490A4042F468525A605A680A405A605B68F6F775FE08BD00BF00002640FF00FC0F024B586900F00700704700BF00002640064BD3F838
:40F080001C3F03F01F034FF0B05292F84007C01A18BF0120704700BF00F02640034B186800F40000B0FA80F0400970470000264010B51E4B1A681368D2F89400195801F003
:40F0C0000301032905D0195811F0010F10D0022400E00424D2F898105A5802F00302032A08D05B5813F0010F0FD044F0200403E00124EFE744F04004FFF7D0FF58B1FFF744
:40F10000BDFF28B144F080000BE044F01004F3E744F4006005E0FFF7A9FF022802D044F0800010BD44F40060FBE700BF90B5020808B5FFF7BDFFC0F3C02008BD024B586885
:40F14000C0F34040704700BF000026402DE9F04104460D4617461E46012B00D901BEB4F5805F00D301BE234B1B68B3F876C04FEA9C0C0CF1FF3C4CF0804C4CF4706C35EACF
:40F180000C0C02D115F0804F00D101BE84EA050818F4706804D0DFF860804046BDE8F081F6F7CFFD134B1B689A68B3F874100A44B3F876C04FEA9C0101392940B3F87230BA
:40F1C0002B401B0A0CFB03F303EB810399586FF30901E4B25FB14FF480752C43760206F40076344321439950F6F7AFFDD5E74546F3E700BF90B502080100CE0070B50546B3
:40F200000E461446012A00D901BE204B1B68B3F876309B08013B43F0804343F4F85335EA030302D11A4BAB4300D001BE174B1B6893F833301F2B01D8164870BDF6F781FD01
:40F24000124B1B689968B3F874201144B3F876C04FEA9C02013A2A40B3F872302B401B0A0CFB03F303EB82035A5822F440725EB140F20115640204F400742C4322435A504E
:40F28000F6F763FD0020D8E70125F3E790B50208001000400100CE0010B504461B4B1B68B3F876309B08013B43F0804343F4F85330EA030302D1164B834300D001BE134B0D
:40F2C0001B6893F833301F2B01D8124810BDF6F738FD0E4B1A689168B2F874301944B2F876C04FEA9C03013BB2F872202240120A23409B000CFB02335A5822F4407222F03E
:40F3000001025A50F6F721FD0020DFE790B50208001000400100CE0008B503F0D1FF582303604FF0FF3008BD08B503F0C9FF5823036001BE4FF0FF3008BD08B503F0C0FF79
:40F340005823036001BE4FF0FF3008BD08B503F0B7FF5823036001BE4FF0FF3008BD08B503F0AEFF5823036001BE4FF0FF3008BD08B503F0A5FF5823036001BE4FF0FF30FB
:40F3800008BD000070B521B116460D4600231C4604E00024204670BD01350134B442F9DA002BF7D129780348FDF7D4F903460028F2D0EFE7E8B5020870B591B116460C4629
:40F3C0000025002221460848FDF79EF950B9013523780A2B06D00D2B04D00134B542F0DB00E00025284670BDE8B50208F0B58BB086460D4616461F460DF1140C0D4C0FCC43
:40F40000ACE80F002368CCF8003005AB029300230193009733462A4671460748FDF7C2F908B10BB0F0BD002210990348FCF7B6FFF7E700BF6C310410E8B50208C0F30F23C0
:40F44000C0B2032B09D0062B0BD0072B0FD0082B1CD10C2815D1022070470328F3D100207047062810D00B28EFD1012070470C28EDD84FF49452C24012F0010FE7D0022035
:40F4800070474FF0FF307047012070474FF0FF30704770B582B005460C461646003818BF012000F0B8FA6106019141F08071019126F07F4641EA0600019000F0AAFA0190E2
:40F4C0000021286800F093FA042300220DEB0301286800F01BFA04460121286800F087FA204602B070BD70B582B004460D461646003818BF012000F08EFA301E18BF012014
:40F5000000F089FA6806019000F083FA01900021206800F06CFA042332460DEB0301206800F0F4F905460121206800F060FA15B1284602B070BD306800F06BFA306020F07D
:40F540007F403060F4E7000070B582B004460E461546003818BF012000F05DFA301E18BF012000F058FA2660257255B14FF4803206212046FFF78DFF05464DB1284602B082
:40F5800070BD002206212046FFF783FF0546F4E701AA02212046FFF7A6FF05460028EDD10198FFF74BFFB0F1FF3F04D0044B03EBC0036360E2E7002363600225DEE700BF28
:40F5C0008031041070B582B004460D46003818BF012000F020FA05F0010080F0010000F01AFA63689B88B3EB550F2CBF0120002000F011FA01AA06212046FFF774FF08B13C
:40F6000002B070BD6E08019A6FF30C020192013EC6F30C063243019206212046FFF739FFEEE7F0B583B004460E461546003818BF012000F0F0F9301E18BF012000F0EBF941
:40F6400005F0010080F0010000F0E5F963689B88B3EB550F2CBF0120002000F0DCF963681868400440F07F40009000F0D2F900900021206800F0BBF904230DEB03026946FB
:40F68000206800F043F9074620B9019B13F00D0F07D004270121206800F0A9F9384603B0F0BD2A463146206800F068F90746F1E7F0B583B005460F46003818BF012000F01C
:40F6C000AAF901AA00212846FFF70DFF40B106464FF0FF340EB9FCB90326304603B0F0BD019A3A43019200212846FFF7D2FE06460028F2D14FF0FF3400E0013C002CE9D056
:40F7000001AA00212846FFF7EEFE06460028F4D1019B1F42F1D1DDE70A2000F076F9DCE72DE9F04106460F469046003818BF012000F071F9381E18BF012000F06CF9022197
:40F740003046FFF7B5FF0346E0B11846BDE8F0810D4A2A403046FFF79CFE03460028F4D101344445F1D257F82450690E25F07F420629EFD1054B2B40327A002AE8D043F41E
:40F780008032E7E70024ECE700E0FE0000E0FF0030B583B004460D46003818BF012000F03AF975B101AA00212046FFF79CFE60B9019A42F00102019200212046FFF769FEC5
:40F7C00003E004212046FFF773FF03B030BD072900D901BE012A04D901BE01238B4083607047002AF9D101238B4043607047000008B503460A4677280AD8C10806480068E8
:40F80000806900EBC11003F00701FFF7E0FF08BD014909688869F6E790B502082DE9F04104460D46069F57B11E4682B10023032219462846FAF746FD8046C0B909E0FF23FB
:40F8400003730846FAF7A0FE4FF000080FE04FF0000825732760079B636021462846FAF79DFD0123324619462846FAF7BFFD4046BDE8F08170B586B00D4694461C460646EC
:40F88000C8B106F114000FC80DF1180E0EE90F009DF814309C4510D006F114020FCA0DF1180E0EE90F009DF81430FF2B12D0164C204606B070BD01BEE3E70B9B01930A9B21
:40F8C000009323460022614606F11400FFF7A6FF04460BE00B9B01930A9B009323460122614606F11400FFF799FF0446002CDFD129463046FFF766FE0028D9D083B243F08C
:40F90000E66444F40034D3E70001320730B583B0044668B371B320680568D5F8000220F00F0040F00700C5F80002D5F8000320F00F0040F00700C5F8000320680568286838
:40F9400040F400602860256855F8240B0095FDF789FF054638B9216851F8240BFDF7E4FF10F0010FF7D1281E18BF012003B030BD01BECFE7002ACED101BECCE730B583B0BF
:40F980001346044678B381B322681568D5F8000220F00F0040F00B00C5F80002D5F8000320F00F0040F00B00C5F8000322681068026822F400620260226852F8240B009291
:40F9C0000A460021FDF74EFF054638B9216851F8240BFDF7A9FF10F0010FF7D1281E18BF012003B030BD01BECDE701BECCE708B5034630B11A79FF2A05D01879FFF7F8FEEC
:40FA000008BD01BEF6E701BEF7E708B5FCF7ACF908BD00BA704700B901BE704710B52DED028B08EE100A00F0B3FAB4EE488AF1EE10FA04460CD618EE100A00F0B3F807EEBC
:40FA4000100AF7EE007AB4EEE77AF1EE10FA03DCBDEC028B204610BD03F032FCBDEC028B03462122BDE8104001481A6000F0DEB8F04D021000F094BB10B52DED028B08EEC8
:40FA8000101A08EE900A00F031FCB4EE488AF1EE10FA04460BD6F5EE408AF1EE10FA16D1B5EE408AF1EE10FA05D14FF07E54BDEC028B204610BD18EE100A00F0AFF80028E5
:40FAC000F5D0B5EEC08AF1EE10FAF0D529E000F0A5F898B107EE904AF5EE407AF1EE10FAE5D118EE900A00F099F80028DFD018EE100A00F093F80028D9D012E018EE900AC6
:40FB000000F08CF80028E5D018EE100A00F086F80028DFD007EE904AF4EE677AF1EE10FA04D603F0CDFB22230360C0E703F0C8FB21230360BBE700BF194920F000428A4272
:40FB40001CD9B2F1FF4F06D307EE900A77EEE77A17EE900A704700B583B0694600F034FF00F00302012A009801990FD0022A08D08AB900F037F903B05DF804FB002100F0B1
:40FB800031B900F02FF980F00040F4E700F0B2F980F00040EFE7012200F0ACF9EBE700BFD80F493F20F00040704700BF1A4920F000428A421DD9B2F1FF4F06D307EE900A49
:40FBC00077EEE77A17EE900A704700B583B0694600F0FAFE00F00303012B0098019912D0022B0AD093B9012200F084F903B05DF804FB0021002200F07DB9012200F07AF95B
:40FC000080F00040F2E700F0EDF8EFE700F0EAF880F00040EAE700BFD80F493F20F00040B0F1FF4F2CBF002001207047004870470000C07F10B52DED028B0C4608EE100AE1
:40FC400000F040F818B9BDEC028B204610BD204600F038F860B107EE904AB4EEE78AF1EE10FAC8BF18EE104ABDEC028B204610BD18EE104ABDEC028B204610BD10B52DEDC8
:40FC8000028B0C4608EE100A00F01CF818B9BDEC028B204610BD204600F014F860B107EE904AB4EEE78AF1EE10FA48BF18EE104ABDEC028B204610BD18EE104ABDEC028B73
:40FCC000204610BD30F000400ED0A0F50003B3F1FE4F0DD3074B421E9A4207D9A0F1FF40B0FA80F040097047022070470320704704207047FEFF7F0038B505460C4603F04B
:40FD0000DFFA034628461C6038BD00BF07EE901A40B1B1EE677A67EE277A222117EE900AFFF7EABFB0EE677A67EE277A222117EE900AFFF7E1BF00BF4FF08051FFF7E6BF25
:40FD40004FF0E041FFF7E2BF07EE900AF1EEE77A17EE900A704700BFC0F3C7537F3B162B07EE900A20F0004118DC002B1EDB1A491941084223D09FED197A37EE877AB5EE06
:40FD8000C07AF1EE10FA1ADD002804DA4FF4000242FA03F3184420EA01007047B1F1FF4F0DD377EEA77A17EE900A70479FED0B7A37EE877AB5EEC07AF1EE10FA02DC17EE02
:40FDC000900A7047002801DB0020704711B94FF00040704702487047FFFF7F00CAF24971000080BF20F00043B3F1485F06EE900A07EE901A2ED2BDEEE67A17EE103A002B54
:40FE000064D026EEA67A9FED336A9FED334ADFED334A9FED335ADFED335AA7EE064A9FED326AE7EE044AA7EE245AA7EE056AE7EE065A67EE255A67EEE67AB6EE006AE7EE85
:40FE4000257AF7EE006AD7EE067A76EEE77A17EE900A704726EEA67A9FED1E6A9FED1E4ADFED1E4A9FED1E5ADFED1E5A1F4AA7EE064A93429FED1C6AE4EE074AA4EE875AB1
:40FE8000A5EE076AE6EE075A65EE875AD3D9184A934216D803F17F4306EE103AB7EE005A35EE465A67EEE67AF6EE006AE7EE257A97EE266A36EE676A75EE467A17EE900A0B
:40FEC0007047B6EE075AB5EE026AEBE74FF07E50704700BF4ED747ADF6740F317CF293B4010DD037ABAA2A3D610BB6BA9999993E0000483F20F00043B3F1485F07EE900A00
:40FF000006EE901A04D2BDEEE77A17EE103A83B327EEA77A9FED176ADFED174A9FED175ADFED175AE7EE064A9FED166AA4EE875A27EE874AE5EE075AA5EE876A42B9DFED09
:40FF4000126AE7EE066AE6EE847A17EE900A704726EE446AF6EE005AA6EEA56ADFED0B5AD6EE076AE4EE256A77EEE67A17EE900A70477047D3C92E2F342FD7B21BEF3836FF
:40FF8000010D50B98988083CABAA2ABEABAA2A3E38B520F00044B4F17E5F2DED048B07EE900A00F089807ED8B4F17C5F05460FD2B4F1485F80F09D809FED697A37EE877A77
:40FFC000F7EE006AB4EEE67AF1EE10FA00F38E8017EE900AFFF7E6FD08EE100AF7EE007A37EEC88AB6EE007A28EE078ADFED5D6A9FED5D7A9FED5D6A9FED5D5ADFED5D5A94
:020000041002E8
:40000000DFED5D8AE8EE076A9FED5C7AA8EE067AA6EE885A9FED5A6ADFED5A6AA7EE086AE5EE085A9FED587AA6EE087AE5EE886AE7EE087AE6EE888A18EE100AB0EE679A87
:40004000FFF782FE514B68EE888A9C42C8EE895A07EE900A3DD803466FF30B0306EE103AA6EE468A37EE867ADFED496A88EE074AB0EE005AE4EE456A9FED467A77EEA77ADA
:40008000F0EE474AE6EE454AD7EEA56A76EEE47A37EE677A002D0ADCBDEC048BB1EE477A17EE100A38BD77EEE77A87EEA77ABDEC048B17EE100A38BD9FED357ADFED366AC4
:4000C00027EE877ABDEC048BA7EEA67A17EE100A38BDE7EEA57ADFED316A9FED2F7AB0EE006AE7EE866A37EE667AD3E7B0EE677ADDE727EEA77ADFED1C6A9FED1A6ADFED26
:400100001C5A9FED1A5ADFED1B4AA7EE266ABDEC048BE6EE075ADFED196A9FED196AE7EE056AE5EE874AA6EE876A9FED165ADFED165ADFED116AA4EE875AE6EE075AE5EEC1
:40014000076AB7EE006AA5EE876A26EE877AC7EE066AE7EEA67AB0EE677A17EE100A38BDCAF24971047F4F3A08EF11382EC69D3D461124BDA80A4E3EABAA2A3E613330BF73
:400180002D57014090B0A6BE39D119C09999793F2EBD3BB3DB0F493FDB0FC93F2EBD3B3310B582B007EE900A0191019B23F00042B2F1FF4F32D820F00041B1F1FF4F844664
:4001C0002CD8B3F17E5F44D09C1704F0020444EAD07459B3B2B3B2F1FF4F43D0B1F1FF4F30D0891AB1F1F45F4FEAE15238DA002B44DA3C3242DA0020012C57D0022C48D03F
:4002000094B106EE900ADFED307A9FED307A76EEA77A77EEC77A17EE900A05E09DED017A77EE277A17EE900A02B010BD022C0ED09FED277A032C0CBF17EE100A17EE900A76
:4002400002B010BDBCF1000F08DB2248ECE72248EAE702B0BDE8104000F0EEBC1F48E3E71C48C9E7B1F1FF4F04F1FF3421D0022C26D81B4B03EB84031868D5E79DED017A11
:40028000C7EE877A17EE900AFFF78CFC00F0D4FCB2E706EE900ADFED0C7A9FED0C7A76EEA77A77EE677A17EE900ABDE700F10040BAE7022C06D80B4B03EB84031868B3E74F
:4002C0000020B1E70848AFE72EBDBB33DB0F4940DB0F49C0DB0FC93FDB0F4940DB0FC9BF98310410A4310410DB0F493F2DE9F0432DED028B83B001910090DDE9004535F09D
:40030000004712D184F48004640014F5000F1AD9DDED007A9DED017A77EE877A17EE900A03B0BDEC028BBDE8F08324F00048B8F1FF4F0FD9B4F17E5FEAD185F480056D00F6
:4003400015F5000FE4D84FF07E5003B0BDEC028BBDE8F083B7F1FF4FECD8002CC14616DBB7F1FF4F00F0F980B7F17E5F00F02281B5F1804F00F04F81B5F17C5F40F03681A8
:4003800003B0BDEC028BBDE8F043FFF7DDBCB7F1974F80F0EB80B7F17E5F80F01781B5F1804F00F03881B5F17C5F00F04082FFF7F9FBB8F1FF4F4FF0000600F0E280B8F185
:4003C000000F00F01C81B8F17E5F00F01881E10F013956EA010300F02581B7F19A4F40F24981954B984540F26482944B984500F2718207EE100AF7EE007A77EE677ADFEDCB
:40040000905A9FED905AB5EE007AE7EEC75AB6EE006AA5EEE76A67EEA76A9FED8B7ADFED8B5A66EE866A27EE667AA7EE857AF0EE476AE7EEA56A16EE903A6FF30B0306EE3D
:40044000903AB0EE666AA7EEE56A37EE467A6FF30B0507EE905A9DED016ADDED015A36EE676A27EE257A66EEA77AA6EE267A731E0B43BFEE008A77EE276AB7EE006A16EE9F
:40048000903A18BFB0EE468A002B23F0004240F3DE81B2F1864F00F2628200F04682B2F17C5F00F22A82002211466FF30E0306EE103ADFED676ADFED673ADFED675A9FEDAC
:4004C000672A9FED674ADFED674A9FED675A76EE677AB0EE003A37EE677A66EE267ADFED636AE7EE267AB0EE677AA6EE237A67EE076AF0EE472AE6EE632AB0EE656AA6EE18
:40050000826A77EEE27AA6EE264AB0EE646AA4EE266AE7EE277AA6EE265AB0EE476AA5EE666AF7EE005A27EE065A36EE436AC5EE066A76EEE77A77EEC77A75EEE77A17EE64
:40054000903A1344B3F5000FC0F2BD8107EE903A67EE887A17EE900AE2E6B8F17E5F3FF4F2AE2DD9002D29DB0198D9E6B7F1FF4FF3D0FFF717FBB8F1FF4F4FF002067FF4DC
:400580001EAF002D0ADA07EE100AF7EE007AC7EE877A17EE900A002CBFF6C2AEA8F17E5858EA060800F02781012E7FF4B9AE80F00040B5E6002D25DB0098B1E60020AFE68D
:4005C000002DFBDA019B83F00040A9E6FA15C2F1960247FA02F303FA02F2BA4200F01481B7F17E5FE6D0B5F1804F14D00098FFF7D9FAB8F1FF4F4FF000067FF4E0AE002DBA
:40060000C1DBC8E79DED007AF7EE007AC7EE877A17EE900A84E6DDED007A67EEA77A17EE900A7DE6DDED007A77EEE77AC7EEA77A17EE900A74E600BFF3FF7F3F0700803F83
:40064000ABAAAA3E70A5EC363BAAB83F00AAB83F8CBEBF350072313F0EEADDB54CBB313355B38A38610B36BBABAA2A3E1872313F0000804B14F0FF4F40F019815FED047AE5
:4006800007EE100A67EE277A6FF0170317EE909A4FEAE952BA4C7F3A1A44C9F31603A34243F07E5040F3FB80B64CA34240F31C81DFEDB54A0132F0EE643AA0F50000B7EE28
:4006C000006A002307EE100A77EE067AF7EE005A85EEA78A07EE902AAC4ADFEDAD1A9FEDAD0ADFEDAD0A9FEDAD1ADFEDAD5A9FEDAD2A02EA600242F0005202F58002D318D9
:4007000077EE466AB8EEE75A07EE903A66EE882A37EEC66A12EE903A37EE464A22EEA27AB0EE606AA7EE210A6FF30B03B0EE083AA0EE076ADFED9C1AA6EE071AB0EE656ADD
:40074000A1EE076AF0EE435AA6EE072A27EE076A07EE103AE7EE676A72EE877AE7EE446AE7EE075A66EE886A9FED901A9FED904A67EEA67AE6EE027A35EEA76A16EE103A8B
:400780006FF30B0306EE103A76EE435AE7EE475A77EEE57A67EEA27AE6EE867AF0EE675AE7EE065A15EE903A6FF30B0305EE903AF0EE656AE7EE466A77EEE67A67EEA17AD6
:4007C000E5EE817A77EEA37AB0EE677AA5EE847A37EE247A37EE057A17EE103A6FF30B0306EE903A36EEC57A37EE647AA5EEC47A37EEC77A2BE607EE900A77EEE77AC7EEFD
:40080000A77A17EE900A8BE5B7F17E5F3FF4D2AEB5F1804F3FF4FFAE03F00103C3F10206FFF7C0F9B8F1FF4F7FF4C9ADA9E6FFF7B9F9B8F1FF4F3FF473ADB8F1000F3FF44D
:400840006FADB8F17E5F7FF4EDAE0026A6E659498A4200F28C807FF422AE76EEE76AF4EEC76AF1EE10FA80F2828003F50043524AC3F3C7507F38C3F31601024141F40001A1
:40088000C0F117001A400141494206EE902A77EEE67ACA0577EE276A16EE903A05E6DFED3A4AB7EE006AF0EE643A00230AE70023EEE6002D10DB002003B0BDEC028BBDE8AC
:4008C000F043FFF739BA17EE900A00F08DFA07EE900A3DE6002DEEDD002003B0BDEC028BBDE8F043FFF72CBADFED344ADFED343AB7EE086A4FF40013E4E6D2157E3A4FF4C2
:400900000000104118442C4AC0F3C7547F3CC0F31601224141F40001C4F11704002B41FA04F102EA0002B0DAAEE79FED266A76EEE76A37EE066AB4EEE66AF1EE10FA0EDC45
:4009400003F500431C4AD8157F38C3F31601024141F40001C0F117001A40014195E7B5EEC08AF1EE10FA4CBF01200020B5E7B5EEC08AF1EE10FA4CBF012000209CE700BFEA
:4009800071C41C00D6B35D000000000000F0FFDF42F1533E55326C3E05A38B3EABAAAA3EB76DDB3E9A99193F4F38763FC623F6B80040763F00001643000080FF00C0153F13
:4009C000DCCFD1353CAA383370B58D4A20F00044944286B00D4671D98A4A9442064624D820F000420028DFED887A884907EE100A22F00F0240F3EB808A4277EE677A09BF47
:400A00009FED837ADFED836ADFED836A77EEC77A012037EEE67A77EEC77A85ED007A77EEE67AC5ED017A06B070BD7C4A944254D9B4F1FF4F48D2E215863AA4EBC25307EEE2
:400A4000903ABDEEE77ADFED766AB8EEC77A77EEC77A8DED037A67EEA67ABDEEE77AB8EEC77A77EEC77A8DED047A67EEA67AF5EE407AF1EE10FACDED057A40F09380B5EE50
:400A8000407AF1EE10FA40F08F800123654901910221009103A8294600F01EFA002EC2DA95ED007AD5ED017AB1EE477AF1EE677A85ED007AC5ED017A4042B4E70022286017
:400AC0004A60002006B070BD07EE900A77EEE77AC1ED017AC1ED007AF3E7FFF763F8DFED526ADFED495A07EE100AF6EE007AE7EE267ADFED486AFDEEE77AB8EEE76A17EED9
:400B0000900AF0EE477AE6EE657A1F2826EE267AF1EE465A77EEC76A1EDC444A411E26F0004352F8212023F0FF03934214D0C5ED006A77EEE67A002E77EEC77AC5ED017A3E
:400B4000BFF671AFF1EE666AF1EE677AC5ED006AC5ED017A404266E716EE903AC3F3C753C3EBD453082B4FEAE452E0DDDFED286ADFED294AB0EE675AA5EEA65A37EEC57A54
:400B8000A5EEA67A96EE247A75EE476A16EE903AC3F3C753D21A192A08DCF0EE457AC5ED006AC6E7032371E702236FE7DFED206ADFED204AF0EE457AE5EEA67A35EE677A1C
:400BC000A5EEA67A96EE247A77EEC76AAFE78A4277EE277A09BF9FED0E7ADFED0E6ADFED0E6A77EE877A4FF0FF3037EEA67A77EEC77A85ED007A77EEA67AC5ED017A12E768
:400C0000D80F493FE3CB1640800FC93FD00FC93F004435374344353708A3852E800F4943000080433032041084F9223FB031041000A3852E32318D2438B520F00044B4F14B
:400C4000A14F07EE900A054606D3B4F1FF4F56D800287CDD514838BD514B9C4260D8B4F1445F51D34FF0FF3327EEA76A9FED4D5A9FED4D7ADFED4D5ADFED4D4A66EE066ACC
:400C80005A1CA6EE857AE6EEA54A9FED4A5ADFED4A5AA7EE265AE4EEA65A9FED487ADFED484AA5EE267AE5EEA64A9FED465ADFED465AA7EE265A9FED457AA4EEA67AE5EEC2
:400CC000265A27EE267AA5EE867A27EE877A40D03F49404A01EB8301D1ED006A37EE667A02EB8303D3ED006A37EE677A002D76EEC77A17EE900AAEDA80F0004038BD77EEB1
:400D0000A77A17EE900A38BD9FED337A37EE877AF7EE006AB4EEE67AF1EE10FAA2DD38BDFEF740FF2D4B9C4207EE100A16D8A3F5D0039C4227D8F0EE007AFFEE006AE7EE9E
:400D4000276A002337EE277AC6EE877A8CE7244838BD77EEC77A17EE900A38BD214B9C420BD8F7EE087AF7EE006AE7EE276A022337EE677AC7EE267A76E7FFEE006AC6EE05
:400D8000877A032370E7F7EE007A77EE676A37EE277A0123C6EE877A66E700BFDB0FC93FFFFFDF3ED769853C59DA4B3D21A215BD6BF16EBD356B883D95879DBD6E2EBA3D22
:400DC000388EE3BD2549123EABAAAA3ECDCC4CBE4835041058350410CAF24971FFFF973FDB0FC9BFFFFF1B4030F00042034641D0B2F1FF4F3FD210F0FF4F20D107EE100A9C
:400E0000DFED2E7A2E4B67EE277A994217EE900A38DB4CF2503CC0F3C75261450346A2F1190212DD00289FED277ADFED267AB8BF9FED257A67EE277A17EE900A70474CF233
:400E4000503C61454FEAD252ECDC0A44FE2AE9DC002A20DC12F1160F22DB193223F0FF4343EAC253DFED197A07EE103A67EE277A17EE900A704707EE900A77EEA77A17EEAF
:400E8000900A704707EE100ADFED117A67EE277A17EE900A704723F0FF4343EAC250704700289FED0B7ADFED0A7AB8BF9FED097A67EE277A17EE900A704700BF0000004C7E
:400EC000B03CFFFFCAF24971CAF249F1000000336042A20D6042A28D2DE9F04F2DED048BDBB01C4694460393689ABB4B05911CF1040F53F82270824604F1FF39C0F25A82CE
:400F0000BCF1030348BF0CF10403DB10029301334FEAC30EACEB0E030693029B17EB0901A3EB090316D401319FEDAC7A699819441EAA002BA4BF50F8234007EE904A03F1C1
:400F40000103ACBFF8EEE77AF0EE477A8B42E2EC017AEED1002FC0F2EB8203991EA800EB81008A007E18002346AD4C460AEB8101B9F1000F80F2CE800134B44245F8043BCC
:400F800000F10400F4D10DF1280B0BEB8703043BCDE907EC04930BEB87083B4600979FED919ADFED8F8A069F0AEB020446AE0DEB8302002BD2ED466A4FEA830515DD721925
:400FC000594666EE897AB0EE667AFDEEE77A32ED016AF8EEE77AB242A7EEE87A77EE866ABDEEC77AA1EC017AEBD116EE900A39460193FFF7F9FE08EE100AF4EE007A68EE10
:40100000277A17EE900AFEF7A7FE07EE100AF2EE007AA7EE678A002F019BFDEEC89AF8EEE97A38EE678A40F38280581EC7F108015BF820E04EFA01FC0CFA01F1AEEB010ECB
:40104000C7F1070219EE901A4EFA02F26144002A09EE901A4BF820E000F3AC80B5EE408AF1EE10FA74D100998B420ADD5D44002155F8040D454541EA0001F9D1002940F00F
:401080000481009A013A03F1010E5BF822207546002A40F0F880049A012052F8041D01300029FAD01844039A1344029A02EB0E0C0CF1804C699A0CF1FF3C1EA902EB8C0C20
:4010C00006EB8E0E01EB8301DCED017AF8EEE77AB9F1000F0CF1040CE1EC017ADFED3F7A09DB0A465346F3EC016A32ED017AA342E6EE877AF7D101358542EEEC017AE3DD90
:40110000034654E70134B442E5EC017A00F104003FF439AFDFED317A80465346F3EC016A38ED017A8B42E6EE877AF7D1EAE700F09380F6EE007AB4EEE78AF1EE10FA80F2DA
:401140002881B5EE408AF1EE10FA4FF000028AD0DDE907EC18EE100AAEEB0C01009F01930092FFF741FEDFED1E6A07EE900AF4EEE67AF1EE10FADDE90023C0F29E819FED08
:40118000197A069927EE877A0831BDEEC77A0691B8EEC77A5C1CE7EE667ABDEEC77AFDEEE77A17EE901A4BF8231017EE103A4BF8243080E00131002B09EE901A40F3A18121
:4011C00058464FF0000E50F8041B00293ED0C1F5807140F8041C0CE09435041000000000000080430000803B0168C1F1FF0140F8041B0EF1010E7345F6DC01218E46002FF1
:401200000BDD012F00F0BD80022F06D1581E5BF8201001F03F0C4BF820C0022A7FF41EAFF7EE007A714637EEC88A00293FF416AF17EE900A394609920193FFF7D5FD07EEE5
:40124000900A019B099A38EE678A07E70EF1010E7345B8DC8E46D2E75A1E5BF82220D211002A7FF7FBAE19EE901A002B01F1010109EE901AA4DC022A7FF4F0AEF7EE007AE3
:4012800037EEC88AEAE670460DE70699009F5C1EA1F108005BF82410069061B903F18043013B0BEB8303014653F8040D013C08390028F9D00691069900924FF07E50FFF768
:4012C00093FD002C07EE100A009AC0F22481601C46AD5FED3C6A81000BEB800305EB800073ED017AF8EEE77A5B4567EE877A27EE267A60ED017AF3D10DF1C8080E1F2E44A1
:40130000C646A4460025002F7DDBDFF86492DFED977A3046002307E0F9EC016AB0EC017A9F42E6EE877A03DBAB4203F10103F3DD0CF1FF3CBCF1FF3FEEEC017A05F10105BD
:40134000A6F10406E1D1689B022B6ADC002B36DC0ED1DFED867A414431ED017A414577EE877AF9D1002A40F0C980059BC3ED007A19EE903A03F007005BB0BDEC048BBDE8C8
:40138000F08F581E5BF8201001F07F0C4BF820C043E719EE902A002B02F1010209EE902AC8BF02223FF70CAFF7EE007A37EEC88A022253E600234FF0080E0293AAE5DDED24
:4013C000327A9FED6A7A414471ED016A414537EE267AF9D1002A40F08680059B77EEC77A83ED007A5CB133A90123B1EC017A01339C4277EE877AF8DA0AB1F1EE677A059B54
:40140000C3ED017AB4E70CF1FF3C0023BCF1FF3F4EF8043B05F10105A6F104067FF473AF91E7689B032BA3D1002C00F0908008EB840595ED007AA0002B46294671ED017ACF
:40144000F0EE476A37EE277A414577EEC77A81ED007A77EEA67AC1ED017AEFD1012C76D095ED007A08F1040173ED017AF0EE476A37EE277A994277EEC77A83ED007A77EE28
:40148000A67AC3ED017AEFD1031DDFED387A434408F1080833ED017A984577EE877AF9D1DDED326A9DED337A7AB9059BC3ED006A83ED017AC3ED027A5AE7FDEEE77A1C46BB
:4014C00017EE901A4BF82310F5E6059BF1EE666AB1EE477AF1EE677AC3ED006A83ED017AC3ED027A44E7059BF1EE476A77EEC77AC3ED006A002C7FF476AF7EE7F1EE677A48
:4015000033E7012F17D0022F7FF4B5AE0EF03F014BF82010AFE6689B022B14DC002B19DC7FF426AFDFED117A002A3FF41EAFE5E7039B9A0027E50EF07F01022A4BF82010F7
:401540007FF48CAD9AE6689B032B7FF411AFDFED077AA5E7DDED327A22B1059A4FF0004313604AE7059A0023136048E7000000006835041081F0004102E000BF83F00043D6
:4015800030B54FEA41044FEA430594EA050F08BF90EA020F1FBF54EA000C55EA020C7FEA645C7FEA655C00F0E2804FEA5454D4EB5555B8BF6D420CDD2C4480EA020281EAA7
:4015C000030382EA000083EA010180EA020281EA0303362D88BF30BD11F0004F4FEA01314FF4801C4CEA113102D0404261EB410113F0004F4FEA03334CEA133302D05242FD
:4016000063EB430394EA050F00F0A780A4F10104D5F1200E0DDB02FA0EFC22FA05F2801841F1000103FA0EF2801843FA05F359410EE0A5F120050EF1200E012A03FA0EFCA7
:4016400028BF4CF0020C43FA05F3C01851EBE37101F0004507D54FF0000EDCF1000C7EEB00006EEB0101B1F5801F1BD3B1F5001F0CD349085FEA30004FEA3C0C04F1010484
:401680004FEA445212F5800F80F09A80BCF1004F08BF5FEA500C50F1000041EB045141EA050130BD5FEA4C0C404141EB0101013C28BFB1F5801FE9D291F0000F04BF0146E5
:4016C0000020B1FA81F308BF2033A3F10B03B3F120020CDA0C3208DD02F1140CC2F10C0201FA0CF021FA02F10CE002F11402D8BFC2F1200C01FA02F120FA0CFCDCBF41EA06
:401700000C019040E41AA2BF01EB0451294330BD6FEA04041F3C1CDA0C340EDC04F11404C4F1200220FA04F001FA02F340EA030021FA04F345EA030130BDC4F10C04C4F13C
:40174000200220FA02F001FA04F340EA0300294630BD21FA04F0294630BD94F0000F83F4801306BF81F480110134013D4EE77FEA645C18BF7FEA655C29D094EA050F08BFC9
:4017800090EA020F05D054EA000C04BF1946104630BD91EA030F1EBF0021002030BD5FEA545C05D14000494128BF41F0004130BD14F580043CBF01F5801130BD01F0004571
:4017C00045F0FE4141F470014FF0000030BD7FEA645C1ABF194610467FEA655C1CBF0B46024650EA013406BF52EA033591EA030F41F4002130BD00BF90F0000F04BF0021A4
:40180000704730B54FF4806404F132044FF000054FF0000150E700BF90F0000F04BF0021704730B54FF4806404F1320410F0004548BF40424FF000013EE700BF42004FEA72
:40184000E2014FEA31014FEA02701FBF12F07F4393F07F4F81F06051704732F07F4208BF704793F07F4F04BF41F40021704730B54FF4607401F0004521F000411CE700BFDB
:4018800050EA010208BF704730B54FF000050AE050EA010208BF704730B511F0004502D5404261EB41014FF4806404F132045FEA915C3FF4D8AE4FF003025FEADC0C18BF00
:4018C00003325FEADC0C18BF033202EBDC02C2F1200300FA03FC20FA02F001FA03FE40EA0E0021FA02F11444BDE600BF70B54FF0FF0C4CF4E06C1CEA11541DBF1CEA135524
:4019000094EA0C0F95EA0C0F00F0DEF82C4481EA030621EA4C5123EA4C5350EA013518BF52EA033541F4801143F4801338D0A0FB02CE4FF00005E1FB02E506F00042E0FB9E
:4019400003E54FF00006E1FB03569CF0000F18BF4EF0010EA4F1FF04B6F5007F64F5407404D25FEA4E0E6D4146EB060642EAC62141EA55514FEAC52040EA5E504FEACE2E02
:40198000B4F1FD0C88BFBCF5E06F1ED8BEF1004F08BF5FEA500E50F1000041EB045170BD06F0004646EA010140EA020081EA0301B4EB5C04C2BFD4EB0C0541EA045170BDDB
:4019C00041F480114FF0000E013C00F3AB8014F1360FDEBF002001F0004170BDC4F10004203C35DA0C341BDC04F11404C4F1200500FA05F320FA04F001FA05F240EA0200B3
:401A000001F0004221F0004110EBD37021FA04F642EB06015EEA430E08BF20EAD37070BDC4F10C04C4F1200500FA04F320FA05F001FA04F240EA020001F0004110EBD37094
:401A400041F100015EEA430E08BF20EAD37070BDC4F1200500FA05F24EEA020E20FA04F301FA05F243EA020321FA04F001F0004121FA04F220EA020000EBD3705EEA430EEC
:401A800008BF20EAD37070BD94F0000F0FD101F00046400041EB010111F4801F08BF013CF7D041EA060195F0000F18BF704703F00046520043EB030313F4801F08BF013DA0
:401AC000F7D043EA0603704794EA0C0F0CEA135518BF95EA0C0F0CD050EA410618BF52EA4306D1D181EA030101F000414FF0000070BD50EA410606BF1046194652EA4306E2
:401B000019D094EA0C0F02D150EA013613D195EA0C0F05D152EA03361CBF104619460AD181EA030101F0004141F0FE4141F470014FF0000070BD41F0FE4141F4780170BD3D
:401B400070B54FF0FF0C4CF4E06C1CEA11541DBF1CEA135594EA0C0F95EA0C0F00F0A7F8A4EB050481EA030E52EA03354FEA013100F088804FEA03334FF0805545EA131330
:401B800043EA12634FEA022245EA111545EA10654FEA00260EF000419D4208BF964244F1FD0404F5407402D25B084FEA3202B61A65EB03055B084FEA32024FF480104FF47C
:401BC000002CB6EB020E75EB030E22BFB61A754640EA0C005B084FEA3202B6EB020E75EB030E22BFB61A754640EA5C005B084FEA3202B6EB020E75EB030E22BFB61A7546B3
:401C000040EA9C005B084FEA3202B6EB020E75EB030E22BFB61A754640EADC0055EA060E18D04FEA051545EA16754FEA06164FEAC30343EA52734FEAC2025FEA1C1CC0D1DD
:401C400011F4801F0BD141EA00014FF000004FF0004CB6E711F4801F04BF01430020B4F1FD0C88BFBCF5E06F3FF6AFAEB5EB030C04BFB6EB020C5FEA500C50F1000041EBCC
:401C8000045170BD0EF0004E4EEA113114EB5C04C2BFD4EB0C0541EA045170BD41F480114FF0000E013C90E645EA060E8DE60CEA135594EA0C0F08BF95EA0C0F3FF43BAF8E
:401CC00094EA0C0F0AD150EA01347FF434AF95EA0C0F7FF425AF104619462CE795EA0C0F06D152EA03353FF4FDAE1046194622E750EA410618BF52EA43067FF4C5AE50EA84
:401D000041047FF40DAF52EA43057FF4EBAE12E74FF0FF3C06E000BF4FF0010C02E000BF4FF0010C4DF804CD4FEA410C7FEA6C5C4FEA430C18BF7FEA6C5C1BD001B050EA1B
:401D4000410C0CBF52EA430C91EA030F02BF90EA020F0020704710F1000F91EA030F58BF994208BF90422CBFD8176FEAE37040F0010070474FEA410C7FEA6C5C02D150EAB6
:401D8000013C07D14FEA430C7FEA6C5CD6D152EA033CD3D05DF8040B704700BF8446104662468C461946634600E000BF01B5FFF7B7FF002848BF10F1000F01BD4DF808EDDC
:401DC000FFF7F4FF0CBF012000205DF808FB00BF4DF808EDFFF7EAFF34BF012000205DF808FB00BF4DF808EDFFF7E0FF94BF012000205DF808FB00BF4DF808EDFFF7CEFFBC
:401E000094BF012000205DF808FB00BF4DF808EDFFF7C4FF34BF012000205DF808FB00BF4FEA410C7FEA6C5C02D150EA013C0AD14FEA430C7FEA6C5C02D152EA033C02D103
:401E40004FF0000070474FF0010070474FEA410212F5001215D211D56FF47873B3EB625212D94FEAC12343F0004343EA505311F0004F23FA02F018BF404270474FF0000077
:401E8000704750EA013005D111F0004008BF6FF0004070474FF00000704700BF53B94AB9002908BF00281CBF4FF0FF314FF0FF3000F088B9ADF1080C6DE904CE00F006F83F
:401EC000DDF804E0DDE9022304B070472DE9F047089D0F4604468C46002B48D18A42164661D9B2FA82F34BB1C3F1200201FA03FC20FA02F29E4042EA0C0C9C404FEA164E34
:401F0000B7B2BCFBFEF1220C0EFB11CC42EA0C4201FB07F0904209D9B21801F1FF3C80F0EE80904240F2EB8002393244121AA4B2B2FBFEF00EFB102244EA024400FB07F7A3
:401F4000A74209D9341900F1FF3280F0DA80A74240F2D7803444023840EA0140E41B00211DB1DC400023C5E90043BDE8F0878B4206D90DB1C5E9000100210846BDE8F087F0
:401F8000B3FA83F1002948D1BB4202D3824200F20781841A67EB030201209446002DE4D0C5E9004CE1E7002A00F09280B2FA82F3002B40F0A8808A1A4FEA164E1FFA86FC6F
:401FC0000121200CB2FBFEF70EFB172240EA02420CFB07F0904207D9B21807F1FF3802D2904200F2E2804746121AA4B2B2FBFEF00EFB102244EA02440CFB00FCA44507D979
:40200000341900F1FF3202D2A44500F2CB801046A4EB0C0440EA0740A2E7C1F120068B4022FA06FC4CEA030C07FA01F420FA06F3F7404FEA1C49234300FA01F81FFA8CFE68
:40204000B7FBF9F01C0C09FB107744EA074400FB0EF7A74202FA01F20AD91CEB040400F1FF3A80F09B80A74240F2988002386444E41B9FB2B4FBF9F309FB134447EA044446
:4020800003FB0EFEA64509D91CEB040403F1FF3780F08280A6457FD9023B644443EA0040A4EB0E04A0FB02E7BC427346B94663D360D05DB1B8EB030264EB090404FA06F6BC
:4020C00022FA01F31E43CC40C5E9006400214CE76208480842EAC1710B0C43EA00438AB242EA0342B3FBF6F1E407B4463746B6461F23B0FBF6F0D21B41EA004161E76146A3
:4021000014E7104628E7C3F1200120FA01F29E4027FA01F19F403A434FEA164E1FFA86FCB1FBFEF70EFB1710110C41EA004107FB0CF8884504FA03F43AD9711807F1FF30F3
:4021400001D288451FD8A1EB0801B1FBFEF808FB0CF70EFB181192B242EA0142BA422FD2B21808F1FF31C6D2BA42C4D2A8F102013244C0E7F0459CD2BEEB020367EB0C071D
:402180000138B94695E7A6EB08084144B81EB1FBFEF808FB0CF7DCE73B467FE7504667E70846FBE63444023832E7023F32441BE7A1EB08013846B1FBFEF808FB0CF7C8E71C
:4021C000414698E7704700BF024B0146186800F025B800BF4C31000870B50F4E0C463168054611B901F04AF830602146284601F045F8431C03D14FF0FF34204670BDC41CDE
:4022000024F00304A042F8D0211A284601F036F80130F2D1EFE700BFA4B702082DE9F843CD1C25F0030508350C2D38BF0C25002D064601DBA94204D90C2333600020BDE88A
:40224000F883DFF8D480F3F717FFD8F800301C4644BB29463046FFF7BFFF431C044658D1D8F800402746002F43D1002C4BD023683946304604EB030901F000F8814542D1A8
:4022800021686D1A29463046FFF7A6FF01303AD023682B442360D8F800305A6862BBC8F800700FE02268521B20D40B2A17D96119A342256018BF5960636808BFC8F80010F2
:4022C00062514B603046F3F7DFFE04F10B00231D20F00700C21A1CBF1B1AA350AFE76268A3420CBFC8F800205A60EBE723466468AEE73C467F68B6E71A465B68A342FBD1ED
:4023000000235360DEE70C2333603046F3F7BCFE94E70560D6E700BFA8B702082DE9F04788B0002B1D461446BCBF03F100431446129A109EDDF84CA0B6BF1D4600232D2382
:402340001370149B23F02008B8F1460F05D0B8F1450F00D10136022300E0032307AA049206AACDE902A2CDE9003622462B4601F0FBF8B8F1470F074619D1119BDB070ED54C
:4023800000EB06090022002320462946FFF716FD08B1CDF81C903022079B4B451ED3079B159ADB1B3846136008B0BDE8F087B8F1460F00EB0609E5D10378302B0AD10022D4
:4023C000002320462946FFF7F9FC18B9C6F10106CAF80060DAF800309944D3E7591C07911A70D9E7F7B50029BABF49422D232B2309290270437029DD0DF1070425460A27E0
:402400002246B1FBF7F607FB1613303302F8013C0B46632B04F1FF343146F1DC3031931E04F8011C411C1C46AB420AD30DF109039B1AA54238BF0023821C1344181A03B03D
:40244000F0BD13F8016B01F8016FEDE7302330318370C170031DF1E72DE9F04F91B00C46DDF8688016461F46054600F0CFFE03680A93184600F0CAFF00230E93D8F80030DA
:4024800094F818A0D4F800B00B90073323F00703B3EC027B8DED087BC8F80030DDE9088323F0004984ED127B9D4B4FF0FF3240464946FFF7B5FC70BB994B4FF0FF3240469D
:4024C0004946FFF78FFC30BBDDE9080100220023FFF77EFC10B12D2384F84330914A924BBAF1470F8CBF90469846032323612BF0040323604FF00009009733460FAA2146DE
:40250000284600F0D3F9013040F08F804FF0FF3011B0BDE8F08FDDE9082310461946FFF77FFC40B1099B814A002BBCBF2D2384F843307F4BD4E763685A1C0AF0DF093ED19B
:40254000062363604BF480630022236006920EAACDE904A20DAA03920DF13302CDE90132636800932846DDE90823FFF7D7FEB9F1470F0D99804629D1C81C02DB63688B424D
:4025800041DAAAF1020A5FFA8AFA0139524604F150000D91FFF726FF0E9A1318012A8146236102DC2268D20701D5013323619DF83330002BA0D02D2384F843309CE7B9F195
:4025C000470FBFD1002BBDD10123BAE7BAF1650FDBD9BAF1660F18D1002963680BDD216113B92268D00702D501330B442361A1654FF00009DBE713B92268D20701D50233E8
:40260000F4E70123F2E74FF0670A0E9B8B4205DC23682161D807EAD54B1CE7E70029D4BFC1F1020201221344E0E723685A0507D42369424631462846B84701302BD165E7F2
:40264000BAF1650F40F2DC80D4E9120100220023FFF7B4FB002833D0364A012331462846B84701303FF452AFDDE90D38434502DB2368D8070FD5DDE90A2331462846B84746
:4026800001303FF443AF4FF0000908F1FF3804F11A0AC84509DC23689B0700F10281E0680F9B9842B8BF184632E70123524631462846B84701303FF429AF09F10109E8E737
:4026C0000D9B002B38DC1B4A012331462846B84701303FF41BAFDDE90D3959EA030302D12368D907D7D5DDE90A2331462846B84701303FF40BAF4FF0000A04F11A0B0D9B19
:402700005B42534501DC4B4693E701235A4631462846B84701303FF4F9AE0AF1010AEEE7FFFFEF7FA4350410A0350410AC350410A8350410B0350410A36DDDF838A0534578
:40274000A8BF5346002B994636DC4FF0000B29EAE97904F11A02A36D0893A3EB09035B4531DC0D9B9A453ADC2368DA0737D40D9BAAEB0309089BAAEB03039945A8BF9946BC
:40278000B9F1000F33DC4FF0000829EAE97904F11A0B0D9BAAEB0303A3EB090343457FF77AAF01235A4631462846B84701303FF4ADAE08F10108ECE7424631462846B847CF
:4027C0000130C2D1A2E60123314628460892B84701303FF49BAE089A0BF1010BBBE7DDE90A2331462846B8470130C0D18EE6089A4B46424431462846B8470130C3D185E618
:40280000DDF838A0BAF1010F01DCDB0736D50123424631462846B84701303FF477AEDDE90A2331462846B84701303FF46FAED4E91201002200230AF1FF3AFFF7BFFAC0B984
:40284000534608F1010231462846B84701300CD15CE601235A4631462846B84701303FF455AE08F10108D045F3DB4B4604F15002E0E64FF0000804F11A0BF4E70123424615
:40288000E1E701234A4631462846B84701303FF43DAE08F10108E3680F995B1A4345F0DCFDE64FF0000804F11909F4E72DE9F047164698468A680B69DDF820909342B8BFD1
:4028C0001346336091F8432007460C460AB1013333602368990642BF336802333360256815F0060506D104F1190AE36832689B1AAB4226DC94F843302268003B18BF01237D
:4029000092062BD404F1430241463846C84701301ED02368226903F00603042B02BFE5683368ED1AA3680CBF25EAE57500259342C4BF9B1AED1800261A34B5421AD10020B6
:4029400008E00123524641463846C847013003D14FF0FF30BDE8F0870135C6E7E1185A1C302081F84300224494F8451082F843100233C7E70123224641463846C8470130EA
:40298000E6D00136D9E700002DE9FF470F7E0C9E782F914680460C469A4601F1430207D8622F0AD8002F00F0D280582F00F0B78004F1420684F842703AE0A7F16303152BF6
:4029C000F6D801A151F823F0212A0210352A0210B1290210B1290210B1290210B1290210352A0210B1290210B1290210B1290210B1290210352B02105F2A0210EB2A021038
:402A0000B1290210B1290210572B0210B12902105F2A0210B1290210B1290210F32A021033681A1D1B68326004F1420684F8423001239DE033682068191D3160060601D51D
:402A40001D6803E04506FBD5B3F90050002D03DA2D236D4284F8433059480A2310E021683368080653F8045B02D4490648BFADB26F2F5348336059D10823002184F84310A9
:402A80006668A660002E05DB21682E4321F0040121604DD01646B5FBF3F103FB1157C75D06F8017D2F46BB420D46F4D9082B0BD12368DF0708D5236961689942DEBF302381
:402AC00006F8013C06F1FF36921B2261CDF800A04B4603AA21464046FFF7E8FE01304CD14FF0FF3004B0BDE8F087236843F0200323603448782784F84570236831681F064E
:402B000051F8045B02D45F0648BFADB23160D90744BF43F0200323601DB11023ADE72848E9E7236823F020032360F6E70A23A4E71646BBE7336825686169181D30602E0668
:402B40001B6801D5196002E06806FBD51980002323611646BAE733681A1D32601E6862680021304600F0F4FB08B1801B606063682361002384F84330A8E723693246494665
:402B80004046D0470130ABD023689B0713D4E068039B9842B8BF1846A4E70123324649464046D04701309BD00135E36803995B1AAB42F2DCEBE7002504F11906F5E700BF41
:402BC000B2350410C3350410B1F90C202DE9F041160705460C4651D44B68002B02DC0B6C002B49DDE66A002E46D0002312F480522F682B6031D0626DA389590705D563689C
:402C0000D21A636B0BB1236CD21A0023E66A216A2846B047421CB4F90C3006D129681D2946D8294ACA40D60742D500226260D9042269226004D5421C01D12B6803B96065D1
:402C4000616B2F60C1B104F14403994202D0284601F066FA002363630EE0216A01232846B0470246501CC7D12B68002BC4D01D2B01D0162B1AD12F6000201EE00F69002FBD
:402C8000FAD093070E6808BF4B690F6018BF0023A6EB07088B60B8F1000FEDDD216AA66A43463A462846B047002808DCB4F90C3043F04003A3814FF0FF30BDE8F0810744E2
:402CC000A8EB0008E7E700BF0100402038B50B6905460C4613B90025284638BD18B1036A0BB900F0BDF8B4F90C30002BF3D0626ED00704D4990502D4A06D00F020FB28460A
:402D00002146FFF761FF636EDA070546E4D4A3899B05E1D4A06D00F013FBDDE7014620B9044A0549054800F0B3B8054B1868FFF7CDBF00BF40310008CD2C0210503100084F
:402D40004C310008002310B50446C0E90033C0E90433836081814366C2818361194608225C3000F04BFA0D4B63620D4BA3620D4BE3620D4B23630D4B24629C4206D003F166
:402D80006802944202D0D0339C4205D104F15800BDE8104000F0D2BA10BD00BF3D3002105F30021097300210BD300210ACB70208024A0349034800F06BB800BF403100086D
:402DC000CD2C02105031000841680C4B994210B5044601D0FFF77AFFA168094B994202D02046FFF773FFE168064B994204D02046BDE81040FFF76ABF10BD00BFACB7020881
:402E000014B802087CB802080C4B0D4A0D4810B504211A600022FFF795FF0A4B01221C46092103F16800FFF78DFF04F1D0000222BDE810401221FFF785BF00BFE4B80208D9
:402E4000B12D0210ACB70208014800F078BA00BFECB80208014800F073BA00BFECB8020810B50446FFF7F0FF236A1BB1BDE81040FFF7F0BF044B2362044B1B68002BF5D1CC
:402E8000FFF7C2FFF2E700BFC92D0210E4B802082DE9F8430746884614460026D4E90195B9F1010905D52468002CF7D13046BDE8F883AB89012B07D9B5F90E30013303D0FF
:402EC00029463846C04706436835E9E72DE9F047089C8A46904602FB03F9064618B1036A0BB9FFF7BDFF636EDD0705D4A389980502D4A06D00F023FAA389190716D5236996
:402F0000A3B100254D451FD0A7681AF80510013F002FA76004DAA3699F420FDB0A290DD023685A1C226019700135EBE72146304600F010F90028E4D0002505E02246304678
:402F400000F0CAF80130EFD1636EDA0705D4A3899B0502D4A06D00F0F3F9B5FBF8F0BDE8F087000007B5009313460A46014603480068FFF7ABFF03B05DF804FB4C310008C6
:402F8000036A70B5846805460E460BB9FFF768FF636EDB0705D4A389980502D4A06D00F0CEF9A389190702D52369002B35D12146284600F0CFF880B34FF0FF35636EDA0720
:402FC00005D4A3899B0502D4A06D00F0B9F9284670BD002B04DAA269934217DB0A2915D023685A1C22601970A36816F8011F013BA3600029EDD1002B11DA22460A21284697
:4030000000F06AF80130D7D00A25D7E72246284600F062F80130E7D1CEE7013EE4E723685A1C22600A221A70EEE70000024B01461868FFF7A5BF00BF4C31000810B50C46DA
:40304000B1F90E1000F008F90028ABBF636DA3891B1823F48053ACBF6365A38110BD2DE9F0411F468B89DB0505460C46164605D5B1F90E100223002200F0DCF8A389B4F9A9
:403080000E1023F48053A38132463B462846BDE8F04100F003B910B50C46B1F90E1000F0C9F8B4F90C30421C0BBF23F4805343F48053A381A38118BF606510BDB1F90E10ED
:4030C00000F0A8B80B46034902460868816801F023BC00BF4C310008F8B50E461446054618B1036A0BB9FFF7BBFEA369A360A3891A0701D5236943B92146284600F02AF83E
:4031000018B14FF0FF373846F8BD23682269981A6369F6B28342374605DC21462846FFF7D5FD0028EDD1A368013BA36023685A1C22601E706269431C9A4204D0A389DB07F9
:40314000E1D50A2EDFD121462846FFF7BFFD0028D9D0D6E738B5284B054618680C4618B1036A0BB9FFF77CFEB4F90C301A0721D4D80607D409222A6043F04003A3814FF06F
:40318000FF3030E0590712D5616B41B104F14403994202D0284600F0C3FF002363630022B4F90C3062602269226023F0240343F00803A38122693AB99A0501D5180603D57A
:4031C0002146284601F0F6FCB4F90C3013F001020AD00022A26062695242A261226942B913F08000C8D138BD990758BF6269A260F4E70020F7E700BF4C3100080244034601
:40320000934200D1704703F8011BF9E7004870478C32000838B5064D0023044608462B60FCF782F8431C02D12B6803B1236038BDE8B8020838B5074D044608461146002295
:403240002A601A46FCF779F8431C02D12B6803B1236038BDE8B8020838B5074D04460846114600222A601A46FCF7A6F8431C02D12B6803B1236038BDE8B8020838B5064DBD
:403280000023044608462B60F2F7D8FE431C02D12B6803B1236038BDE8B8020838B5074D04460846114600222A601A46FCF76AF8431C02D12B6803B1236038BDE8B8020842
:4032C000014B1868704700BF4C31000870B50D4B0D4D5B1B9C100026A64209D101F046FD0A4D0B4B5B1B9C100026A64205D170BD55F8043B98470136EEE755F8043B984730
:403300000136F2E70833000808330008083300080C33000838B5074D074C641BA4101CB9BDE8384001F028BD013C55F824309847F5E700BF0C330008103300087047704786
:403340007047000000000000000000000000000001F0FF01102A2BDB10F0070F08D010F8013B013A8B422DD010F0070F42B3F6D1F0B441EA012141EA014122F007047FF072
:4033800000070023F0E80256083C85EA010586EA010685FA47F5A3FA87F586FA47F6A5FA87F68EB9EED1F0BC01F0FF0102F0070232B110F8013B013A83EA010313B1F8D1D8
:4033C0000020704701387047002D06BF35460338073815F0010F07D1013015F4807F02BF013015F4C03F0130F0BC0138704700BF0A44914200F1FF3300D1704710B511F8D9
:40340000014B03F8014F9142F9D110BD034613F8012B002AFBD1181A013870471FB514461A46094B1B680546D8684CB1074B0091CDE9013406492B4601F086FB01F016FC03
:40344000044B1C46F3E700BF4C310008D4350410E13504100F3604102DE9F74F03690C69A34207467EDB013C01F11408A30000F11405009305EB8403019358F8243055F88E
:40348000242001339A4208EB8409B2FBF3F62ED34FF0000AC446AE46D3465CF8043B98B206FB00A0020C1B0C06FB0323DEF8002080B292B2121A5A44DEF800004FEA134AC5
:4034C0009BB2C3EB224303EB104392B242EA0342E1454EF8042B4FEA234BDED2009BEB582BB9019B043B9D421A462FD33C61384601F0DCF8002825DB2946002058F8042B90
:40350000D1F800C01FFA82FE1FFA8CF3A3EB0E030344120CC2EB234202EB1C429BB243EA0243C14541F8043B4FEA2240E6D255F8242005EB840322B9043B9D421A460BD3A1
:403540003C610136304603B0BDE8F08F1268043B002ACBD1013CC6E71268043B002AEFD1013CEAE70020EEE72DE9F04F164699B0C269259C1F46CDE90E67814682B9102073
:40358000FEF722FE0246C9F81C0020B9A84BEF21A848FFF743FF0023C0E901330360C360116859B152684A60012393408B60484600F03EFED9F81C3000221A60B7F100085B
:4035C000B5BF01230023236023609B4BBCBF28F00048CDF83C8033EA08031AD1249AC8F3130842F20F7358EA0608136000F06B85269B53B9914B21E0914B03930833269AB1
:403600001360039819B0BDE8F08F8C4B03930333F5E79DED0E7B002251EC170B00238DED0A7BFEF7CBFB824650B1249A01231360269B13B1269A834B1360834B0393E0E7D0
:4036400016AB019317AB00934846DDE90A2301F0E1F85FEA1854169D049079D00B9BCDF850A0C3F31303DDE90A0143F07F5343F44013A4F2FF3419460022744BFDF77EFF0F
:4036800065A3D3E90023FEF731F965A3D3E90023FDF776FF064620460F46FEF7BDF862A3D3E90023FEF722F902460B4630463946FDF766FF06460F46FEF7C8FB00228046E7
:4036C000002330463946FEF783FB48B14046FEF7A3F832463B46FEF771FB08B908F1FF38B8F1160F51D85A4B03EBC803D3E90023DDE90A01FEF76CFB002848D008F1FF3814
:40370000002311932D1B6B1E099343BF0023C5F1010709930027B8F1000F3ADB099BCDF840804344099300230C93229B092B64D8052BC4BF043B2293229BA3F10203CCBF1F
:4037400000240124032B64D8DFE803F05355362B179C2C4404F23243202BC1BFC3F1400308FA03F804F2124326FA03F3D6BFC3F1200348EA030006FA03F0FEF73DF8012244
:40378000A1F1F873013C149275E70123B9E71190B8E7C8F100030C930023A7EB08071093C3E701230D93239B434408930133012B0593B8BF012306E001230D93239B002B93
:4037C0004ADD08930593D9F81C000021042202F114059D4201F1010643D94160484600F0E9FC039000283FD11A4B024640F2AF11CEE60023E1E70023D4E701240023229353
:403800000D944FF0FF3308930593002212232392D9E701230D93F4E761436F63A787D23FB3C8608B288AC63FFB799F501344D33F1D360410343604100000F07F1936041083
:4038400010360410B1350410B03504100000F83F503704108F3604100123089305931A46D5E752003146B2E7D9F81C30039A1A60059B0E2B00F2A180002C00F09E80B8F178
:40388000000F36DD9E4B08F00F0203EBC20318F4807FD3E900AB4FEA281516D0994BDDE90A01D3E90823FEF74BF9CDE9060105F00F050324934E75B9DDE9060152465B469C
:4038C000FEF73EF982468B462DE09DED0A7B02248DED067BEEE7E90708D550465946D6E90023FEF703F8013482468B466D100836E1E700F0AD80C8F10005814B814E05F061
:403900000F0203EBC203D3E90023DDE90A01FDF7EDFF2D1182468B4600230224002D40F08C80002BCED1119B002B00F09580764B002250465946FEF74BFA002800F08C808E
:40394000059B002B00F08880089B002B35DD08F1FF330693504659466C4B0022FDF7C6FF089E82468B4601342046FDF755FF52465B46FDF7BBFF664B0022FDF701FE044600
:40398000A1F15075CDE91245002E69D1614B002250465946FDF7F2FD22462B4682468B46FEF734FA002840F09482224605F1004350465946FEF70CFA20BB179B002BC0F217
:4039C0006081B8F10E0F00F35C814D4B03EBC803D3E900AB239B002B80F2EE80059B002B00F3EA800ED14B4B002250465946FDF77DFF02460B46DDE90A01FEF7F3F90028F8
:403A000000F06A8200252C46239B039EDB430693274600242946484600F00AFC002F00F0C1802CB1BC4203D02146484600F000FC3946484600F0FCFBB4E0EA0705D5D6E978
:403A40000023FDF753FF013401236D10083665E7DDE90AAB022466E7059ECDF8188083E7274B03EBC60353E902010D9B002B55D002460B4600202849FEF762F8DDE9122351
:403A8000FDF77CFD039BCDE912019D191E4659465046FEF7DBF90446FDF7BEFE02460B4650465946FDF76AFD3034DDE9122306F8014B82468B46FEF78BF9002872D1524639
:403AC0005B4611490020FDF759FDDDE91223FEF77FF9002840F0B680AE423FF46EAFDDE912010A4B0022FDF701FF084BCDE91201002250465946FDF7F9FE82468B46C6E743
:403B000050370410283704100000F03F0000244000001C40000014400000E03FDDE91223FDF7E4FE039B039DCDE912013344159359465046FEF78AF90446FDF76DFE303464
:403B40000B46024659465046FDF718FD05F8014B159B9D4282468B4627D1039B0022DDE912011E44B34BFDF70BFD02460B4650465946FEF74BF9002864D1DDE91223AD49BB
:403B80000020FDF7FBFC02460B4650465946FEF71FF900283FF411AF334616F8012D302AFAD01E46DDF818803AE0A34B0022FDF79DFE82468B46BBE7039E52465B46DDE9C6
:403BC0000A01FDF7BDFFFEF741F90746FDF724FE52465B46FDF78AFE02460B46DDE90A01FDF7CCFC07F1300C039C06F801CBA6EB040C059C644502460B4633D1FDF7C0FCC8
:403C000052465B4604460D46FEF700F9C0B952465B4620462946FEF7D1F808B1FB070FD40499484600F004FB0023249A337008F101031360269B002B3FF4E3AC1E60E0E4DF
:403C4000CDF8188033461E4613F8012D392A06D1039A9A42F7D1069A01320692302201321A709FE7744B0022FDF740FE02460B46CDE90A2300220023FEF7A0F800289CD061
:403C8000CEE70D9A002A00F0E380229A012A00F3C280149A002A00F0BA8003F233430C9D3E46099A01211A4448461F44099200F073FB044656B1099B002B07DDB342099ACC
:403CC000A8BF3346FF1AF61AD31A09930C9B0BB30D9B002B00F0C380002D00F0BD8021462A46484600F018FC049A01460446484600F068FB04998246484600F099FA0C9BD7
:403D00005B1B0C9300F0AE800C9A5146484600F003FC04900121484600F03EFB109B0546002B00F0D7811A460146484600F0F4FB229B012B054600F39D800E9B002B40F064
:403D400094800F9BC3F31303002B40F08E800F9B23F000431B0D1B05002B00F08980099B0133013709934FF0010A109B002B00F0B7812B6905EB8303186900F0C1FAC0F109
:403D80002000099B184410F01F007ED0C0F12003042B72DD099BC0F11C000344074406440993002F05DD04993A46484600F010FC0490099B002B05DD29461A46484600F0F1
:403DC00007FC0546119B002B61D00498294600F06DFC00285BDA08F1FF330693049900230A22484600F046FA0D9B0490002B00F07981002321460A22484600F03BFA089BE1
:403E0000002B044672DC229B022B49DC6EE0169BC3F1360343E7059B5D1E0C9BAB420DDB5D1B059B002BBFF63BAF059BFE1A002337E700BF0000E03F000024400C9B109A95
:403E40000C95EB1A1A441092059B3E46002528E70C9D0D9C3E462DE7DDF810A054E70C9A049953E7CDF810A054E74FF0000A7CE79A467AE74FF0000A7BE792D0099A1C3381
:403E80001A441F441E4409928BE70346F6E7059BCDF81880002B23DC0893229B022B21DD089B002B7FF4B0AD29460522484600F0E1F901460546049800F0F8FB00287FF7C7
:403EC000A3AD039E312306F8013B069B013306939EE535462C46F4E7059DCDF81880F9E7059B08930D9B002B00F00081002E05DD21463246484600F06BFB0446BAF1000F55
:403F00005AD06168484600F055F9064628B9824B024640F2EF21FFF73BBB22690232920004F10C010C30FFF763FA01223146484600F04EFB0746039B039A03F1010B089BE4
:403F400013440A930E9B03F0010309930BF1FF33294604980593FFF77FFA2146089000F1300A049800F0A2FB3A4680462946484600F0B8FBC268064602BB0146049800F092
:403F800095FB0246314648460C9200F051F9229B0C9A42EA0301099B19435E4610D1BAF1390F2BD0B8F1000F02DD089B03F1310A059B83F800A02DE52746BCE70122E1E715
:403FC000B8F1000F06DB229B48EA0308099B58EA030820D1002AEBDD04990122484600F0F7FA2946049000F061FB002803DCDFD11AF0010FDCD0BAF1390FD6D1059A3923CA
:40400000137033461E46013B16F8012C392A52D001321A70FEE4002A07DDBAF1390FEDD0059A0AF101031370F4E40A9B0BF801AC5B452AD0049900230A22484600F01AF962
:40404000BC4204904FF000034FF00A022146484606D100F00FF9044607460BF1010B75E700F008F93946044600230A22484600F001F90746F1E7089B5E1E002B039BD8BF3D
:4040800000265A1C27461644002404990122484600F09EFA2946049000F008FB0028B0DC02D11AF0010FACD133461E4613F8012D302AFAD0AEE4039A9A42A3D1069B013301
:4040C00006933123AFE7269B002B7FF495AA134BFFF7B4BA229B012B7FF72FAEDDF840A001204EE6089B002B7FF7D7AE039E04982946FFF7B1F900F1300A039B06F801AB0F
:40410000F21A089B9342B6DD049900230A22484600F0B0F80490EAE78F3604101036041038B50546002941D051F8043C0C1F002BB8BFE418F1F7A0FF1D4A136833B96360E2
:4041400014602846BDE83840F1F79EBFA34208D9206821188B4201BF19685B6809182160EDE71A465B680BB1A342FAD911685018A0420BD120680144501883421160E0D1DB
:4041800018685B68536008441060DAE702D90C232B60D6E7206821188B4204BF19685B68636004BF091821605460CAE738BD00BFA8B7020870B5C46905460E4684B910209D
:4041C000FEF702F80446E86128B90246164B17486B21FFF723F90023C0E901330360C360E36853B921220421284600F046FDEB69E060DB680BB9002070BD53F8260030B196
:40420000026843F826200023C0E90333F4E7012101FA06F4621D9200284600F02EFD0028E9D0C0E90164EEE71D360410A036041070B5C66905460C4676B91020FDF7C4FFE9
:404240000246E86120B9094B09488F21FFF7E6F8C0E901660660C6603CB1EB696268DB6853F82210216043F8224070BD1D360410A03604102DE9F0410D6907460C461E46E8
:4042800001F1140C0020DCF8003099B202FB01611E0C0B0C02FB063389B2013001EB034185424CF8041B4FEA1346ECDC0EB3A368AB4219DC616838460131FFF77BFF80462A
:4042C00028B902460C4B0D48BA21FFF7A7F82269023204F10C0192000C30FFF789F821463846FFF7A5FF444604EB850301355E6125612046BDE8F0818F360410A036041039
:40430000B0F5803F034636BF030400201020B3F1807F3CBF1B020830B3F1805F3CBF1B010430B3F1804F3CBF9B000230002B05DB13F0804F00F1010008BF20207047036890
:40434000024613F007000BD0D90721D4980749BF5B089B08012013605CBF13600220704799B209B91B0C1020D9B209B908301B0A190704BF1B090430990704BF9B08023012
:40438000D90703D45B0800F1010003D013607047002070472020704710B50C460121FFF709FF024628B9054B054840F24511FFF735F801234461036110BD00BF8F360410EC
:4043C000A03604102DE9F04FD1F81090D2F810A0D14585B08846144604DB53460C46CA4690469946A36861680AEB0906B342B8BF0131FFF7DFFE30B90246454B45484FF4BF
:40440000B171FFF70BF800F1140505EB86072B460022BB421FD304F1140C08F114010CEB8A0301EB890202921A1B153A22F0030215349C4288BF00220192029A03918A42EC
:404440000CD8002E03DD57F8043D002B5DD0066105B0BDE8F08F43F8042BDAE7B1F800A0BAF1000F24D0E046A9464FF0000E58F8042BD9F800401FFA82FBA4B20AFB0B44CE
:404480004FEA124BD9F8002074444FEA124E0AFB0BE202EB1442A4B244EA0244434549F8044B4FEA124EE2D8019AAA18C2F804E0039AB2F802800431B8F1000F23D02A6884
:4044C000E6469146AA464FF0000BBEF8004008FB04B404EB194492B242EA04424AF8042B5EF8042BDAF800904FEA124B1FFA89F208FB0B2202EB144273454FEA124BE4D8CD
:40450000019C2C196260043597E7013E99E700BF8F360410A03604102DE9F843174612F0030280460D4607D0264C013A002354F82220FFF79FFE0546BF103FD0D8F81C40F4
:4045400094B91020FDF740FE0446C8F81C0030B902461D4B1D4840F2B311FEF75FFF0023C0E901330360C360A66846B940F271214046FFF711FF0023A060064603602C46F8
:404580004FF0000907F001037F1053B1294632464046FFF717FF214605464046FFF748FE67B1306838B9324631464046FFF70AFF3060C0F8009006462C46E3E72846BDE8B0
:4045C000F88300BF183704101D360410A03604102DE9F84F0C464968236903EB6218A368074615464FEA621A08F101094B450BDB3846FFF7DFFD064648B90246294B2A48CD
:404600004FF4EF71FEF70AFF01315B00EEE7002300F1140C00F110021946534535DB22692AEAEA7A0CEB8A0C04F1140315F01F0E614603EB82022CD0CEF1200A00251868C8
:404640008B4600FA0EF02843CBF8000053F8045B9A4201F1040125FA0AF5F0D8131B153B23F0030304F115018A4238BF00239C44CCF8045005B9C1463846C6F81090214658
:40468000FFF7D6FD3046BDE8F88F42F8041F0133C3E753F8045B0D609A4201F10401F8D8E9E700BF8F360410A03604100A6903460069801A30B50ED11433143103EB8204C5
:4046C00001EB820154F8045D51F8042D954203D005D24FF0FF3030BDA342F3D3FBE70120F9E700002DE9F74F8A460646114650461446FFF7DBFF051E12D129463046FFF74A
:4047000059FD024628B9414B40F237214048FEF785FE0123C0E90435104603B0BDE8F08FBCBF5346A2463046DAF80410BABF1C4601250025FFF73EFD024618B9334B40F239
:404740004521E3E7DAF810702669C5600AF1140904F1140E00F114050AF1100309EB87080EEB86060193AB464FF0000C019B5EF8040B53F804AF01931FFA8AF3194683B227
:40478000CB1A000C6344C0EB1A4000EB23409BB243EA004376454BF8043B4FEA204CE5D8331B153B153423F00303A64238BF0023E8184B441C1D04302646A5EB090546451F
:4047C00006EB050E0ED308F10301091B21F003010133984538BF0021014451F8043D9BB1176199E756F8041BE2464FEA11491CFA81FC514409EB2C4989B241EA09414FEAC0
:40480000294CCEF80010DAE7013FE6E78F360410A03604102DE973430121089E90469946FFF7C8FC044630B90246244B244840F20F31FEF7F3FDC9F30A55C9F313030DB141
:4048400043F480130193B8F1000324D068460093FFF775FD0099E0B1019AC0F1200302FA03F30B43C24063610192019BA361002B0CBF012202222261ADB1A5F23345054449
:404880003560C0F13500099B1860204602B0BDE870836161E9E701A8FFF751FD019B636120300122E7E704EB8203A0F2324030601869FFF725FDC0EB4210E4E78F3604104F
:4048C000A03604109368013B002B10B4936008DA9469A34201DB0A2903D15DF8044BFEF7FBBB1368581C1060197008465DF8044B7047F8B506460F461446D518AC4201D1D9
:40490000002007E014F8011B3A463046FFF7DAFF431CF3D1F8BD00002DE9F04F0D469DB014469846064618B1036A0BB9FEF798FA6B6ED90705D4AB899A0502D4A86DFEF76C
:40494000FEFCAB891B0701D52B699BB929463046FEF700FC70B16B6EDC0704D54FF0FF301DB0BDE8F08FAB899805F7D4A86DFEF7E7FCF3E70023099320238DF82930CDF836
:404980000C803023DFF8AC818DF82A304FF0010923469A4613F8012B0AB1252AF9D1BAEB040B0BD05B46224629463046FFF7A1FF013000F0A780099A5A4409929AF800309F
:4049C000002B00F09F8000234FF0FF32CDE905230AF1010A049307938DF853301A935446052214F8011B5348FEF7B2FC049AD8B9D10644BF20238DF85330130744BF2B233A
:404A00008DF853309AF800302A2B15D0079A544600204FF00A0C214611F8013B303B092B4BD9B0B1079214E0A0EB080309FA03F313430493A246D2E7039B191D1B6803915D
:404A4000002BBBBF5B4242F0020207930793B8BF049223782E2B0AD163782A2B32D1039B1A1D1B68039243EAE37302340593DFF8D4A0217803225046FEF76AFC38B1049BBB
:404A8000A0EB0A004022824013430134049314F8011B29488DF828100622FEF759FC00283FD0264B1BBB039B073323F0070308330393099B3B4409936AE70CFB02320C4672
:404AC0000120A8E700230134059319464FF00A0C204610F8012B303A092A03D9002BC6D00591C4E70CFB012104460123F0E703AB00932A46124B04A93046FDF7ADFC0746C4
:404B0000781CD6D16B6ED90705D4AB899A0502D4A86DFEF715FCAB895B063FF51FAF09981EE703AB00932A46054B04A93046FDF72BFFE4E7FC360410063704105924021074
:404B4000F3480210023704100EB403B5014603AB054853F8042B00680193FFF7DDFE02B05DF804EB03B070474C31000870B50C46B1F90E10002996B015461E460ADAA18938
:404B800011F0800113D14FF48062002031602A6016B070BD6A4600F047F80028EFDB019901F47041A1F5005359425941EBE700214022EAE78B8973B59E0705460C4607D58D
:404BC00004F14703236023610123636102B070BD01AB6A46FFF7CAFF009E28463146FDF71DFBB4F90C3038B99A05EFD423F0030343F00203A381E3E743F08003A381019B0D
:404C00002060C4E90406002BE0D0B4F90E10284600F01CF80028D9D0A38923F0030343F00103A381D2E7000038B5074D00230446084611462B60FAF76FFB431C02D12B68FD
:404C400003B1236038BD00BFE8B8020838B5064D0023044608462B60FAF781FB431C02D12B6803B1236038BDE8B8020808B5062000F05EF8012000F077F870B5A1FB025451
:404C800034B92946FDF7CAFA064628B9304670BD0C2202600026F9E72A462146FEF7AEFAF4E782B001B901A942B14BB113780B601278101E18BF012002B070471046FBE75F
:404CC0006FF00100F8E70346084641B1FF2A04D98A221A604FF0FF3070470A70012070471F2938B505460C4604D9162303604FF0FF3038BDC26B12B152F821304BB928469E
:404D000000F030F8224601462846BDE8384000F017B8012B0AD0591C03D1162303600120E7E7002142F82410204698470020E0E7024B01461868FFF7D3BF00BF4C310008ED
:404D400038B5074D00230446084611462B60FAF70FFB431C02D12B6803B1236038BD00BFE8B80208FAF7F2BAFEE700BFF8B500BFF8BC08BC9E467047F8B500BFF8BC08BC5C
:404D80009E467047DEADBEEF444655214675736564204475616C2052616461722050726573656E6365202F20416F4120547261636B65720D0A00000052616E6765205265FD
:404DC000736F6C7574696F6E3A20252E3366206D0D0A00004D61782052616E67652042696E3A2025642028252E3266206D290D0A00000000526164617220696E6974696175
:404E00006C697A6174696F6E206661696C65642E0D0A00004475616C2052616461727320616E6420467573696F6E20496E697469616C697A65642E0D0A00000053746172DF
:404E400074696E6720636F6E74696E756F75732070726573656E636520747261636B696E672E2E2E0D0A00004D6163726F205468726573686F6C643A20252E32662C204DE3
:404E80006963726F205468726573686F6C643A20252E32660D0A000052616461720000005072696E740000004466754C697374656E000000322E302E3100000053797374F5
:404EC000656D00005374617274696E67204672656552544F53205363686564756C65722E2E2E0D00496E697469616C697A696E67205350492E2E2E0D0A00000053504920B0
:404F0000696E697469616C697A6174696F6E206661696C65642E204572726F723A2030782530386C580D0A00535049206672657175656E63792073657474696E672066615F
:404F4000696C65642E0D0A00496E697469616C697A696E6720526164617220312E2E2E0D0A0000005261646172203120696E6974206661696C65643A2030782530386C5880
:404F80000D0A00005261646172203120696E697469616C697A6564207375636365737366756C6C790D0A0000496E697469616C697A696E6720526164617220322E2E2E0DAF
:404FC0000A0000005261646172203220696E6974206661696C65643A2030782530386C580D0A00005261646172203220696E697469616C697A656420737563636573736637
:40500000756C6C790D0A00005374617274206672616D65206661696C65643A20256C640D0A00000054696D656F75742077616974696E6720666F7220696E74657272757075
:40504000740D0A004649464F2072656164206661696C65643A20256C640D0A00496E697469616C697A696E67206675736564206475616C2D726164617220706970656C6918
:405080006E652E2E2E0D0A0049444C4500000000546D725100000000546D72205376630070821E0110020A03FD67E909B405080BFF27100D0007010F00000011000000138B
:4050C00000000015E00B0017000000190000001B0000001D600B001F51CC13211FF46F23734E70259004002D8004003B80040049800400570EBE11590A64665B00F0015D97
:405100001E7E785FD0C5E861AB010063B202006580000067000000690000006B0000006D105B276F0001007F0001008F0001009F000000AD000000B70102000000000000B6
:405140000000000033335BC19A99F5C1333321C266663CC2000052C2000064C2333373C2C32C34BC00000000C66D9CBF8D28A53FC32C343C00000000C729DABF90A0903FEF
:405180000300000001000000010000000000000005036000040000000100000000000000010000000604600008000000F8E60108515D011005010000050002001D0000003A
:4051C000170400000B0E01000B0E00000B0701000B0700000B0607000B0606000B0001000B000000000000000000803FD40FC93AECFF7F3FC70F493BB1FF7F3FC1CB963B83
:405200004EFF7F3F890FC93BC4FE7F3F3053FB3B13FE7F3F59CB163C39FD7F3F02ED2F3C39FC7F3F900E493C11FB7F3F0030623CC1F97F3F4B517B3C4AF87F3F38398A3C4B
:40524000ACF67F3FB6C9963CE6F47F3F1C5AA33CF8F27F3F69EAAF3CE3F07F3F9B7ABC3CA7EE7F3FB00AC93C43EC7F3FA69AD53CB8E97F3F7B2AE23C05E77F3F2DBAEE3CDF
:405280002BE47F3FB949FB3C29E17F3F90EC033D00DE7F3F2F340A3DAFDA7F3FB87B103D37D77F3F2CC3163D98D37F3F880A1D3DD1CF7F3FCC51233DE2CB7F3FF698293DFA
:4052C000CCC77F3F07E02F3D8FC37F3FFC26363D2ABF7F3FD56D3C3D9EBA7F3F91B4423DEAB57F3F2FFB483D0FB17F3FAF414F3D0DAC7F3F0E88553DE3A67F3F4CCE5B3D8B
:4053000091A17F3F6814623D189C7F3F625A683D78967F3F38A06E3DB1907F3FE9E5743DC28A7F3F742B7B3DAB847F3F6CB8803D6D7E7F3F0ADB833D08787F3F94FD863DB3
:405340007B717F3F0A208A3DC76A7F3F6A428D3DEC637F3FB464903DE95C7F3FE786933DBF557F3F05A9963D6D4E7F3F0ACB993DF4467F3FF9EC9C3D543F7F3FCF0EA03DC3
:405380008D377F3F8C30A33D9D2F7F3F3052A63D87277F3FBA73A93D491F7F3F2B95AC3DE4167F3F80B6AF3D580E7F3FBBD7B23DA4057F3FDAF8B53DC9FC7E3FDD19B93D7A
:4053C000C7F37E3FC33ABC3D9DEA7E3F8D5BBF3D4CE17E3F397CC23DD4D77E3FC69CC53D34CE7E3F36BDC83D6DC47E3F86DDCB3D7FBA7E3FB7FDCE3D69B07E3FC81DD23D1F
:405400002DA67E3FB93DD53DC99B7E3F895DD83D3D917E3F377DDB3D8B867E3FC49CDE3DB17B7E3F2EBCE13DB0707E3F76DBE43D88657E3F9AFAE73D385A7E3F9A19EB3D4C
:40544000C14E7E3F7638EE3D23437E3F2E57F13D5E377E3FC075F43D722B7E3F2C94F73D5E1F7E3F73B2FA3D24137E3F92D0FD3DC2067E3F4577003E38FA7D3F2E06023EA4
:4054800088ED7D3F0295033EB1E07D3FC223053EB2D37D3F6EB2063E8CC67D3F0541083E40B97D3F86CF093ECCAB7D3FF35D0B3E309E7D3F4AEC0C3E6E907D3F8B7A0E3EFD
:4054C00085827D3FB708103E74747D3FCC96113E3D667D3FCA24133EDE577D3FB2B2143E59497D3F8340163EAC3A7D3F3DCE173ED82B7D3FE05B193EDD1C7D3F6BE91A3E19
:40550000BC0D7D3FDE761C3E73FE7C3F38041E3E03EF7C3F7B911F3E6CDF7C3FA51E213EAECF7C3FB6AB223EC9BF7C3FAD38243EBDAF7C3F8CC5253E8A9F7C3F5152273EEC
:40554000318F7C3FFCDE283EB07E7C3F8D6B2A3E086E7C3F04F82B3E3A5D7C3F61842D3E444C7C3FA2102F3E283B7C3FC99C303EE5297C3FD428323E7A187C3FC4B4333E29
:40558000E9067C3F9840353E31F57B3F50CC363E53E37B3FEC57383E4DD17B3F6CE3393E20BF7B3FCF6E3B3ECDAC7B3F15FA3C3E539A7B3F3E853E3EB2877B3F4910403E84
:4055C000EA747B3F379B413EFC617B3F0726433EE74E7B3FB9B0443EAB3B7B3F4D3B463E48287B3FC2C5473EBE147B3F1850493E0E017B3F4FDA4A3E37ED7A3F67644C3E9A
:405600003AD97A3F60EE4D3E16C57A3F38784F3ECBB07A3FF101513E599C7A3F898B523EC1877A3F0115543E02737A3F589E553E1C5E7A3F8F27573E10497A3FA4B0583E13
:40564000DD337A3F97395A3E841E7A3F6AC25B3E04097A3F1A4B5D3E5EF3793FA8D35E3E91DD793F135C603E9DC7793F5CE4613E83B1793F836C633E439B793F86F4643E97
:40568000DC84793F667C663E4E6E793F2204683E9A57793FBA8B693EC040793F2F136B3EBF29793F7F9A6C3E9812793FAB216E3E4AFB783FB2A86F3ED6E3783F942F713EB2
:4056C0003BCC783F51B6723E7BB4783FE83C743E939C783F5AC3753E8684783FA649773E526C783FCCCF783EF853783FCB557A3E773B783FA4DB7B3ED122783F56617D3E01
:40570000040A783FE1E67E3E10F1773F2236803EF7D7773FC0F8803EB7BE773F4ABB813E51A5773FC07D823EC58B773F2240833E1372773F7002843E3A58773FAAC4843EB2
:405740003C3E773FCE86853E1724773FDF48863ECC09773FDA0A873E5BEF763FC1CC873EC4D4763F938E883E07BA763F5050893E249F763FF8118A3E1B84763F8AD38A3EAE
:40578000EC68763F07958B3E974D763F6E568C3E1B32763FC0178D3E7A16763FFCD88D3EB3FA753F229A8E3EC6DE753F325B8F3EB3C2753F2C1C903E7BA6753F10DD903E62
:4057C0001C8A753FDD9D913E976D753F945E923EED50753F351F933E1D34753FBFDF933E2717753F31A0943E0BFA743F8D60953EC9DC743FD220963E62BF743F00E1963E4E
:40580000D5A1743F17A1973E2284743F1661983E4966743FFE20993E4B48743FCEE0993E272A743F86A09A3EDD0B743F27609B3E6EED733FAF1F9C3ED9CE733F20DF9C3E06
:405840001FB0733F789E9D3E3F91733FB85D9E3E3972733FDF1C9F3E0E53733FEEDB9F3EBE33733FE59AA03E4714733FC259A13EACF4723F8718A23EEBD4723F33D7A23E24
:4058800004B5723FC595A33EF894723F3F54A43EC774723F9F12A53E7054723FE5D0A53EF433723F128FA63E5213723F254DA73E8CF2713F1F0BA83E9FD1713FFEC8A83E30
:4058C0008EB0713FC486A93E578F713F6F44AA3EFB6D713F0102AB3E7A4C713F77BFAB3ED42A713FD47CAC3E0809713F153AAD3E17E7703F3CF7AD3E02C5703F49B4AE3EB2
:40590000C6A2703F3A71AF3E6680703F102EB03EE15D703FCBEAB03E373B703F6BA7B13E6718703FEF63B23E73F56F3F5820B33E5AD26F3FA5DCB33E1BAF6F3FD698B43E32
:40594000B88B6F3FEC54B53E30686F3FE610B63E83446F3FC3CCB63EB0206F3F8488B73EBAFC6E3F2A44B83E9ED86E3FB2FFB83E5DB46E3F1EBBB93EF88F6E3F6E76BA3E2D
:405980006D6B6E3FA031BB3EBE466E3FB6ECBB3EEB216E3FAFA7BC3EF2FC6D3F8B62BD3ED5D76D3F4A1DBE3E93B26D3FEBD7BE3E2D8D6D3F6F92BF3EA1676D3FD54CC03E20
:4059C000F2416D3F1E07C13E1D1C6D3F48C1C13E24F66C3F557BC23E07D06C3F4435C33EC5A96C3F15EFC33E5E836C3FC8A8C43ED45C6C3F5C62C53E24366C3FD21BC63E78
:405A0000500F6C3F29D5C63E58E86B3F628EC73E3BC16B3F7C47C83EFB996B3F7700C93E95726B3F53B9C93E0C4B6B3F1072CA3E5E236B3FAE2ACB3E8CFB6A3F2CE3CB3EAD
:405A400095D36A3F8B9BCC3E7BAB6A3FCA53CD3E3C836A3FEA0BCE3ED95A6A3FEAC3CE3E52326A3FCA7BCF3EA7096A3F8A33D03ED7E0693F2AEBD03EE4B7693FAAA2D13E2D
:405A8000CC8E693F095AD23E9165693F4811D33E323C693F67C8D33EAE12693F647FD43E07E9683F4136D53E3CBF683FFDECD53E4C95683F99A3D63E396B683F135AD73E52
:405AC0000341683F6B10D83EA816683FA3C6D83E2AEC673FB97CD93E87C1673FAD32DA3EC196673F80E8DA3ED86B673F319EDB3ECA40673FC153DC3E9915673F2E09DD3E87
:405B000045EA663F79BEDD3ECCBE663FA273DE3E3093663FA928DF3E7167663F8DDDDF3E8E3B663F4F92E03E880F663FEE46E13E5EE3653F6AFBE13E10B7653FC4AFE23E22
:405B4000A08A653FFA63E33E0B5E653F0E18E43E5431653FFECBE43E7904653FCB7FE53E7BD7643F7533E63E59AA643FFBE6E63E147D643F5D9AE73EAC4F643F9C4DE83E79
:405B80002122643FB700E93E73F4633FAEB3E93EA1C6633F8166EA3EAC98633F3019EB3E956A633FBBCBEB3E5A3C633F217EEC3EFC0D633F6330ED3E7BDF623F80E2ED3EDE
:405BC000D7B0623F7994EE3E1082623F4C46EF3E2653623FFBF7EF3E1A24623F85A9F03EEAF4613FEA5AF13E98C5613F290CF23E2296613F43BDF23E8A66613F386EF33E9C
:405C0000D036613F071FF43EF206613FB1CFF43EF2D6603F3580F53ECFA6603F9330F63E8976603FCBE0F63E2146603FDC90F73E9615603FC840F83EE9E45F3F8EF0F83EF7
:405C400019B45F3F2DA0F93E27835F3FA54FFA3E12525F3FF7FEFA3EDB205F3F22AEFB3E81EF5E3F275DFC3E05BE5E3F040CFD3E678C5E3FBBBAFD3EA65A5E3F4A69FE3E2E
:405C8000C3285E3FB217FF3EBEF65D3FF3C5FF3E97C45D3F063A003F4D925D3FFF90003FE15F5D3FE4E7003F532D5D3FB53E013FA3FA5C3F7395013FD1C75C3F1CEC013F22
:405CC000DD945C3FB142023FC7615C3F3299023F8E2E5C3F9FEF023F34FB5B3FF845033FB8C75B3F3D9C033F1A945B3F6DF2033F5A605B3F8948043F792C5B3F919E043FF1
:405D000075F85A3F84F4043F50C45A3F624A053F09905A3F2CA0053FA05B5A3FE2F5053F16275A3F824B063F6AF2593F0EA1063F9CBD593F86F6063FAD88593FE84B073F4C
:405D40009C53593F36A1073F6A1E593F6FF6073F17E9583F924B083FA1B3583FA1A0083F0B7E583F9BF5083F5348583F7F4A093F7912583F4E9F093F7FDC573F09F4093FBF
:405D800063A6573FAD480A3F2670573F3D9D0A3FC739573FB7F10A3F4803573F1C460B3FA7CC563F6B9A0B3FE595563FA5EE0B3F025F563FC9420C3FFE27563FD7960C3FA2
:405DC000D9F0553FD0EA0C3F93B9553FB33E0D3F2C82553F81920D3FA44A553F38E60D3FFB12553FDA390E3F31DB543F658D0E3F47A3543FDBE00E3F3B6B543F3B340F3F3D
:405E00000F33543F84870F3FC3FA533FB8DA0F3F55C2533FD52D103FC789533FDC80103F1851533FCDD3103F4918533FA726113F59DF523F6B79113F49A6523F19CC113FD2
:405E4000186D523FB01E123FC633523F3071123F54FA513F9AC3123FC2C0513FEE15133F1087513F2A68133F3D4D513F50BA133F4A13513F5F0C143F37D9503F585E143FAA
:405E8000039F503F39B0143FAF64503F0402153F3B2A503FB753153FA8EF4F3F54A5153FF4B44F3FD9F6153F1F7A4F3F4748163F2B3F4F3F9F99163F17044F3FDFEA163F05
:405EC000E4C84E3F073C173F908D4E3F188D173F1C524E3F12DE173F89164E3FF52E183FD5DA4D3FC07F183F029F4D3F73D0183F10634D3F0F21193FFD264D3F9471193F19
:405F0000CBEA4C3F00C2193F79AE4C3F55121A3F08724C3F93621A3F78354C3FB8B21A3FC7F84B3FC6021B3FF8BB4B3FBB521B3F097F4B3F99A21B3FFA414B3F5FF21B3F21
:405F4000CC044B3F0C421C3F7FC74A3FA2911C3F138A4A3F1FE11C3F874C4A3F84301D3FDC0E4A3FD17F1D3F12D1493F06CF1D3F2993493F221E1E3F2155493F266D1E3F4A
:405F8000FA16493F12BC1E3FB3D8483FE50A1F3F4E9A483F9F591F3FCA5B483F41A81F3F271D483FCBF61F3F65DE473F3B45203F849F473F9393203F8560473FD2E1203FCA
:405FC0006721473FF92F213F2AE2463F067E213FCEA2463FFBCB213F5463463FD719223FBB23463F9967223F03E4453F43B5223F2DA4453FD302233F3964453F4B50233FBC
:406000002624453FA99D233FF5E3443FEEEA233FA5A3443F1A38243F3763443F2C85243FAB22443F25D2243F00E2433F041F253F38A1433FCB6B253F5160433F77B8253F54
:406040004C1F433F0A05263F29DE423F8451263FE89C423FE39D263F895B423F2AEA263F0B1A423F5636273F70D8413F6882273FB796413F61CE273FE154413F401A283FAD
:40608000EC12413F0566283FDAD0403FB0B1283FA98E403F41FD283F5C4C403FB848293FF009403F1594293F67C73F3F57DF293FC0843F3F802A2A3FFC413F3F8E752A3FE6
:4060C0001BFF3E3F82C02A3F1BBC3E3F5B0B2B3FFF783E3F1B562B3FC5353E3FBFA02B3F6EF23D3F4AEB2B3FF9AE3D3FB9352C3F676B3D3F0F802C3FB8273D3F49CA2C3F13
:40610000ECE33C3F69142D3F03A03C3F6F5E2D3FFC5B3C3F59A82D3FD9173C3F29F22D3F98D33B3FDE3B2E3F3B8F3B3F78852E3FC14A3B3FF7CE2E3F29063B3F5B182F3F4A
:4061400075C13A3FA5612F3FA47C3A3FD3AA2F3FB7373A3FE6F32F3FACF2393FDE3C303F85AD393FBB85303F4268393F7CCE303FE122393F2217313F65DD383FAD5F313F9E
:40618000CB97383F1DA8313F1652383F71F0313F430C383FAA38323F55C6373FC780323F4A80373FC9C8323F233A373FAF10333FDFF3363F7A58333F7FAD363F29A0333F12
:4061C0000467363FBCE7333F6C20363F342F343FB8D9353F8F76343FE792353FCFBD343FFB4B353FF304353FF304353FFB4B353FCFBD343FE792353F8F76343FB8D9353FB7
:40620000342F343F6C20363FBCE7333F0467363F29A0333F7FAD363F7A58333FDFF3363FAF10333F233A373FC9C8323F4A80373FC780323F55C6373FAA38323F430C383F83
:4062400071F0313F1652383F1DA8313FCB97383FAD5F313F65DD383F2217313FE122393F7CCE303F4268393FBB85303F85AD393FDE3C303FACF2393FE6F32F3FB7373A3F86
:40628000D3AA2F3FA47C3A3FA5612F3F75C13A3F5B182F3F29063B3FF7CE2E3FC14A3B3F78852E3F3B8F3B3FDE3B2E3F98D33B3F29F22D3FD9173C3F59A82D3FFC5B3C3FAC
:4062C0006F5E2D3F03A03C3F69142D3FECE33C3F49CA2C3FB8273D3F0F802C3F676B3D3FB9352C3FF9AE3D3F4AEB2B3F6EF23D3FBFA02B3FC5353E3F1B562B3FFF783E3FED
:406300005B0B2B3F1BBC3E3F82C02A3F1BFF3E3F8E752A3FFC413F3F802A2A3FC0843F3F57DF293F67C73F3F1594293FF009403FB848293F5C4C403F41FD283FA98E403F3E
:40634000B0B1283FDAD0403F0566283FEC12413F401A283FE154413F61CE273FB796413F6882273F70D8413F5636273F0B1A423F2AEA263F895B423FE39D263FE89C423F8C
:406380008451263F29DE423F0A05263F4C1F433F77B8253F5160433FCB6B253F38A1433F041F253F00E2433F25D2243FAB22443F2C85243F3763443F1A38243FA5A3443FB9
:4063C000EEEA233FF5E3443FA99D233F2624453F4B50233F3964453FD302233F2DA4453F43B5223F03E4453F9967223FBB23463FD719223F5463463FFBCB213FCEA2463FB8
:40640000067E213F2AE2463FF92F213F6721473FD2E1203F8560473F9393203F849F473F3B45203F65DE473FCBF61F3F271D483F41A81F3FCA5B483F9F591F3F4E9A483F5C
:40644000E50A1F3FB3D8483F12BC1E3FFA16493F266D1E3F2155493F221E1E3F2993493F06CF1D3F12D1493FD17F1D3FDC0E4A3F84301D3F874C4A3F1FE11C3F138A4A3F83
:40648000A2911C3F7FC74A3F0C421C3FCC044B3F5FF21B3FFA414B3F99A21B3F097F4B3FBB521B3FF8BB4B3FC6021B3FC7F84B3FB8B21A3F78354C3F93621A3F08724C3F08
:4064C00055121A3F79AE4C3F00C2193FCBEA4C3F9471193FFD264D3F0F21193F10634D3F73D0183F029F4D3FC07F183FD5DA4D3FF52E183F89164E3F12DE173F1C524E3FBE
:40650000188D173F908D4E3F073C173FE4C84E3FDFEA163F17044F3F9F99163F2B3F4F3F4748163F1F7A4F3FD9F6153FF4B44F3F54A5153FA8EF4F3FB753153F3B2A503F70
:406540000402153FAF64503F39B0143F039F503F585E143F37D9503F5F0C143F4A13513F50BA133F3D4D513F2A68133F1087513FEE15133FC2C0513F9AC3123F54FA513FEB
:406580003071123FC633523FB01E123F186D523F19CC113F49A6523F6B79113F59DF523FA726113F4918533FCDD3103F1851533FDC80103FC789533FD52D103F55C2533FF7
:4065C000B8DA0F3FC3FA533F84870F3F0F33543F3B340F3F3B6B543FDBE00E3F47A3543F658D0E3F31DB543FDA390E3FFB12553F38E60D3FA44A553F81920D3F2C82553F57
:40660000B33E0D3F93B9553FD0EA0C3FD9F0553FD7960C3FFE27563FC9420C3F025F563FA5EE0B3FE595563F6B9A0B3FA7CC563F1C460B3F4803573FB7F10A3FC739573FC6
:406640003D9D0A3F2670573FAD480A3F63A6573F09F4093F7FDC573F4E9F093F7912583F7F4A093F5348583F9BF5083F0B7E583FA1A0083FA1B3583F924B083F17E9583FF9
:406680006FF6073F6A1E593F36A1073F9C53593FE84B073FAD88593F86F6063F9CBD593F0EA1063F6AF2593F824B063F16275A3FE2F5053FA05B5A3F2CA0053F09905A3FB2
:4066C000624A053F50C45A3F84F4043F75F85A3F919E043F792C5B3F8948043F5A605B3F6DF2033F1A945B3F3D9C033FB8C75B3FF845033F34FB5B3F9FEF023F8E2E5C3F98
:406700003299023FC7615C3FB142023FDD945C3F1CEC013FD1C75C3F7395013FA3FA5C3FB53E013F532D5D3FE4E7003FE15F5D3FFF90003F4D925D3F063A003F97C45D3F5B
:40674000F3C5FF3EBEF65D3FB217FF3EC3285E3F4A69FE3EA65A5E3FBBBAFD3E678C5E3F040CFD3E05BE5E3F275DFC3E81EF5E3F22AEFB3EDB205F3FF7FEFA3E12525F3F33
:40678000A54FFA3E27835F3F2DA0F93E19B45F3F8EF0F83EE9E45F3FC840F83E9615603FDC90F73E2146603FCBE0F63E8976603F9330F63ECFA6603F3580F53EF2D6603FD1
:4067C000B1CFF43EF206613F071FF43ED036613F386EF33E8A66613F43BDF23E2296613F290CF23E98C5613FEA5AF13EEAF4613F85A9F03E1A24623FFBF7EF3E2653623F9B
:406800004C46EF3E1082623F7994EE3ED7B0623F80E2ED3E7BDF623F6330ED3EFC0D633F217EEC3E5A3C633FBBCBEB3E956A633F3019EB3EAC98633F8166EA3EA1C6633F53
:40684000AEB3E93E73F4633FB700E93E2122643F9C4DE83EAC4F643F5D9AE73E147D643FFBE6E63E59AA643F7533E63E7BD7643FCB7FE53E7904653FFECBE43E5431653FB8
:406880000E18E43E0B5E653FFA63E33EA08A653FC4AFE23E10B7653F6AFBE13E5EE3653FEE46E13E880F663F4F92E03E8E3B663F8DDDDF3E7167663FA928DF3E3093663F7A
:4068C000A273DE3ECCBE663F79BEDD3E45EA663F2E09DD3E9915673FC153DC3ECA40673F319EDB3ED86B673F80E8DA3EC196673FAD32DA3E87C1673FB97CD93E2AEC673F53
:40690000A3C6D83EA816683F6B10D83E0341683F135AD73E396B683F99A3D63E4C95683FFDECD53E3CBF683F4136D53E07E9683F647FD43EAE12693F67C8D33E323C693FE0
:406940004811D33E9165693F095AD23ECC8E693FAAA2D13EE4B7693F2AEBD03ED7E0693F8A33D03EA7096A3FCA7BCF3E52326A3FEAC3CE3ED95A6A3FEA0BCE3E3C836A3FD9
:40698000CA53CD3E7BAB6A3F8B9BCC3E95D36A3F2CE3CB3E8CFB6A3FAE2ACB3E5E236B3F1072CA3E0C4B6B3F53B9C93E95726B3F7700C93EFB996B3F7C47C83E3BC16B3FD1
:4069C000628EC73E58E86B3F29D5C63E500F6C3FD21BC63E24366C3F5C62C53ED45C6C3FC8A8C43E5E836C3F15EFC33EC5A96C3F4435C33E07D06C3F557BC23E24F66C3F6D
:406A000048C1C13E1D1C6D3F1E07C13EF2416D3FD54CC03EA1676D3F6F92BF3E2D8D6D3FEBD7BE3E93B26D3F4A1DBE3ED5D76D3F8B62BD3EF2FC6D3FAFA7BC3EEB216E3F3A
:406A4000B6ECBB3EBE466E3FA031BB3E6D6B6E3F6E76BA3EF88F6E3F1EBBB93E5DB46E3FB2FFB83E9ED86E3F2A44B83EBAFC6E3F8488B73EB0206F3FC3CCB63E83446F3FD5
:406A8000E610B63E30686F3FEC54B53EB88B6F3FD698B43E1BAF6F3FA5DCB33E5AD26F3F5820B33E73F56F3FEF63B23E6718703F6BA7B13E373B703FCBEAB03EE15D703FBD
:406AC000102EB03E6680703F3A71AF3EC6A2703F49B4AE3E02C5703F3CF7AD3E17E7703F153AAD3E0809713FD47CAC3ED42A713F77BFAB3E7A4C713F0102AB3EFB6D713F80
:406B00006F44AA3E578F713FC486A93E8EB0713FFEC8A83E9FD1713F1F0BA83E8CF2713F254DA73E5213723F128FA63EF433723FE5D0A53E7054723F9F12A53EC774723FA4
:406B40003F54A43EF894723FC595A33E04B5723F33D7A23EEBD4723F8718A23EACF4723FC259A13E4714733FE59AA03EBE33733FEEDB9F3E0E53733FDF1C9F3E3972733F9F
:406B8000B85D9E3E3F91733F789E9D3E1FB0733F20DF9C3ED9CE733FAF1F9C3E6EED733F27609B3EDD0B743F86A09A3E272A743FCEE0993E4B48743FFE20993E4966743FEA
:406BC0001661983E2284743F17A1973ED5A1743F00E1963E62BF743FD220963EC9DC743F8D60953E0BFA743F31A0943E2717753FBFDF933E1D34753F351F933EED50753FFB
:406C0000945E923E976D753FDD9D913E1C8A753F10DD903E7BA6753F2C1C903EB3C2753F325B8F3EC6DE753F229A8E3EB3FA753FFCD88D3E7A16763FC0178D3E1B32763F45
:406C40006E568C3E974D763F07958B3EEC68763F8AD38A3E1B84763FF8118A3E249F763F5050893E07BA763F938E883EC4D4763FC1CC873E5BEF763FDA0A873ECC09773F27
:406C8000DF48863E1724773FCE86853E3C3E773FAAC4843E3A58773F7002843E1372773F2240833EC58B773FC07D823E51A5773F4ABB813EB7BE773FC0F8803EF7D7773F0F
:406CC0002236803E10F1773FE1E67E3E040A783F56617D3ED122783FA4DB7B3E773B783FCB557A3EF853783FCCCF783E526C783FA649773E8684783F5AC3753E939C783F07
:406D0000E83C743E7BB4783F51B6723E3BCC783F942F713ED6E3783FB2A86F3E4AFB783FAB216E3E9812793F7F9A6C3EBF29793F2F136B3EC040793FBA8B693E9A57793FC8
:406D40002204683E4E6E793F667C663EDC84793F86F4643E439B793F836C633E83B1793F5CE4613E9DC7793F135C603E91DD793FA8D35E3E5EF3793F1A4B5D3E04097A3FF3
:406D80006AC25B3E841E7A3F97395A3EDD337A3FA4B0583E10497A3F8F27573E1C5E7A3F589E553E02737A3F0115543EC1877A3F898B523E599C7A3FF101513ECBB07A3FA1
:406DC00038784F3E16C57A3F60EE4D3E3AD97A3F67644C3E37ED7A3F4FDA4A3E0E017B3F1850493EBE147B3FC2C5473E48287B3F4D3B463EAB3B7B3FB9B0443EE74E7B3F3A
:406E00000726433EFC617B3F379B413EEA747B3F4910403EB2877B3F3E853E3E539A7B3F15FA3C3ECDAC7B3FCF6E3B3E20BF7B3F6CE3393E4DD17B3FEC57383E53E37B3F22
:406E400050CC363E31F57B3F9840353EE9067C3FC4B4333E7A187C3FD428323EE5297C3FC99C303E283B7C3FA2102F3E444C7C3F61842D3E3A5D7C3F04F82B3E086E7C3FAF
:406E80008D6B2A3EB07E7C3FFCDE283E318F7C3F5152273E8A9F7C3F8CC5253EBDAF7C3FAD38243EC9BF7C3FB6AB223EAECF7C3FA51E213E6CDF7C3F7B911F3E03EF7C3F46
:406EC00038041E3E73FE7C3FDE761C3EBC0D7D3F6BE91A3EDD1C7D3FE05B193ED82B7D3F3DCE173EAC3A7D3F8340163E59497D3FB2B2143EDE577D3FCA24133E3D667D3F2D
:406F0000CC96113E74747D3FB708103E85827D3F8B7A0E3E6E907D3F4AEC0C3E309E7D3FF35D0B3ECCAB7D3F86CF093E40B97D3F0541083E8CC67D3F6EB2063EB2D37D3FBB
:406F4000C223053EB1E07D3F0295033E88ED7D3F2E06023E38FA7D3F4577003EC2067E3F92D0FD3D24137E3F73B2FA3D5E1F7E3F2C94F73D722B7E3FC075F43D5E377E3F86
:406F80002E57F13D23437E3F7638EE3DC14E7E3F9A19EB3D385A7E3F9AFAE73D88657E3F76DBE43DB0707E3F2EBCE13DB17B7E3FC49CDE3D8B867E3F377DDB3D3D917E3FEA
:406FC000895DD83DC99B7E3FB93DD53D2DA67E3FC81DD23D69B07E3FB7FDCE3D7FBA7E3F86DDCB3D6DC47E3F36BDC83D34CE7E3FC69CC53DD4D77E3F397CC23D4CE17E3FE4
:407000008D5BBF3D9DEA7E3FC33ABC3DC7F37E3FDD19B93DC9FC7E3FDAF8B53DA4057F3FBBD7B23D580E7F3F80B6AF3DE4167F3F2B95AC3D491F7F3FBA73A93D87277F3F55
:407040003052A63D9D2F7F3F8C30A33D8D377F3FCF0EA03D543F7F3FF9EC9C3DF4467F3F0ACB993D6D4E7F3F05A9963DBF557F3FE786933DE95C7F3FB464903DEC637F3F99
:407080006A428D3DC76A7F3F0A208A3D7B717F3F94FD863D08787F3F0ADB833D6D7E7F3F6CB8803DAB847F3F742B7B3DC28A7F3FE9E5743DB1907F3F38A06E3D78967F3FF4
:4070C000625A683D189C7F3F6814623D91A17F3F4CCE5B3DE3A67F3F0E88553D0DAC7F3FAF414F3D0FB17F3F2FFB483DEAB57F3F91B4423D9EBA7F3FD56D3C3D2ABF7F3FD8
:40710000FC26363D8FC37F3F07E02F3DCCC77F3FF698293DE2CB7F3FCC51233DD1CF7F3F880A1D3D98D37F3F2CC3163D37D77F3FB87B103DAFDA7F3F2F340A3D00DE7F3F9C
:4071400090EC033D29E17F3FB949FB3C2BE47F3F2DBAEE3C05E77F3F7B2AE23CB8E97F3FA69AD53C43EC7F3FB00AC93CA7EE7F3F9B7ABC3CE3F07F3F69EAAF3CF8F27F3FD4
:407180001C5AA33CE6F47F3FB6C9963CACF67F3F38398A3C4AF87F3F4B517B3CC1F97F3F0030623C11FB7F3F900E493C39FC7F3F02ED2F3C39FD7F3F59CB163C13FE7F3FEE
:4071C0003053FB3BC4FE7F3F890FC93B4EFF7F3FC1CB963BB1FF7F3FC70F493BECFF7F3FD40FC93A0000803F00000000ECFF7F3FD40FC9BAB1FF7F3FC70F49BB4EFF7F3FDA
:40720000C1CB96BBC4FE7F3F890FC9BB13FE7F3F3053FBBB39FD7F3F59CB16BC39FC7F3F02ED2FBC11FB7F3F900E49BCC1F97F3F003062BC4AF87F3F4B517BBCACF67F3FB0
:4072400038398ABCE6F47F3FB6C996BCF8F27F3F1C5AA3BCE3F07F3F69EAAFBCA7EE7F3F9B7ABCBC43EC7F3FB00AC9BCB8E97F3FA69AD5BC05E77F3F7B2AE2BC2BE47F3F2C
:407280002DBAEEBC29E17F3FB949FBBC00DE7F3F90EC03BDAFDA7F3F2F340ABD37D77F3FB87B10BD98D37F3F2CC316BDD1CF7F3F880A1DBDE2CB7F3FCC5123BDCCC77F3F39
:4072C000F69829BD8FC37F3F07E02FBD2ABF7F3FFC2636BD9EBA7F3FD56D3CBDEAB57F3F91B442BD0FB17F3F2FFB48BD0DAC7F3FAF414FBDE3A67F3F0E8855BD91A17F3F8A
:407300004CCE5BBD189C7F3F681462BD78967F3F625A68BDB1907F3F38A06EBDC28A7F3FE9E574BDAB847F3F742B7BBD6D7E7F3F6CB880BD08787F3F0ADB83BD7B717F3F7B
:4073400094FD86BDC76A7F3F0A208ABDEC637F3F6A428DBDE95C7F3FB46490BDBF557F3FE78693BD6D4E7F3F05A996BDF4467F3F0ACB99BD543F7F3FF9EC9CBD8D377F3F31
:40738000CF0EA0BD9D2F7F3F8C30A3BD87277F3F3052A6BD491F7F3FBA73A9BDE4167F3F2B95ACBD580E7F3F80B6AFBDA4057F3FBBD7B2BDC9FC7E3FDAF8B5BDC7F37E3F97
:4073C000DD19B9BD9DEA7E3FC33ABCBD4CE17E3F8D5BBFBDD4D77E3F397CC2BD34CE7E3FC69CC5BD6DC47E3F36BDC8BD7FBA7E3F86DDCBBD69B07E3FB7FDCEBD2DA67E3FEE
:40740000C81DD2BDC99B7E3FB93DD5BD3D917E3F895DD8BD8B867E3F377DDBBDB17B7E3FC49CDEBDB0707E3F2EBCE1BD88657E3F76DBE4BD385A7E3F9AFAE7BDC14E7E3FD7
:407440009A19EBBD23437E3F7638EEBD5E377E3F2E57F1BD722B7E3FC075F4BD5E1F7E3F2C94F7BD24137E3F73B2FABDC2067E3F92D0FDBD38FA7D3F457700BE88ED7D3FB8
:407480002E0602BEB1E07D3F029503BEB2D37D3FC22305BE8CC67D3F6EB206BE40B97D3F054108BECCAB7D3F86CF09BE309E7D3FF35D0BBE6E907D3F4AEC0CBE85827D3F28
:4074C0008B7A0EBE74747D3FB70810BE3D667D3FCC9611BEDE577D3FCA2413BE59497D3FB2B214BEAC3A7D3F834016BED82B7D3F3DCE17BEDD1C7D3FE05B19BEBC0D7D3F92
:407500006BE91ABE73FE7C3FDE761CBE03EF7C3F38041EBE6CDF7C3F7B911FBEAECF7C3FA51E21BEC9BF7C3FB6AB22BEBDAF7C3FAD3824BE8A9F7C3F8CC525BE318F7C3F32
:40754000515227BEB07E7C3FFCDE28BE086E7C3F8D6B2ABE3A5D7C3F04F82BBE444C7C3F61842DBE283B7C3FA2102FBEE5297C3FC99C30BE7A187C3FD42832BEE9067C3FBB
:40758000C4B433BE31F57B3F984035BE53E37B3F50CC36BE4DD17B3FEC5738BE20BF7B3F6CE339BECDAC7B3FCF6E3BBE539A7B3F15FA3CBEB2877B3F3E853EBEEA747B3FE4
:4075C000491040BEFC617B3F379B41BEE74E7B3F072643BEAB3B7B3FB9B044BE48287B3F4D3B46BEBE147B3FC2C547BE0E017B3F185049BE37ED7A3F4FDA4ABE3AD97A3F44
:4076000067644CBE16C57A3F60EE4DBECBB07A3F38784FBE599C7A3FF10151BEC1877A3F898B52BE02737A3F011554BE1C5E7A3F589E55BE10497A3F8F2757BEDD337A3F8B
:40764000A4B058BE841E7A3F97395ABE04097A3F6AC25BBE5EF3793F1A4B5DBE91DD793FA8D35EBE9DC7793F135C60BE83B1793F5CE461BE439B793F836C63BEDC84793F5A
:4076800086F464BE4E6E793F667C66BE9A57793F220468BEC040793FBA8B69BEBF29793F2F136BBE9812793F7F9A6CBE4AFB783FAB216EBED6E3783FB2A86FBE3BCC783F42
:4076C000942F71BE7BB4783F51B672BE939C783FE83C74BE8684783F5AC375BE526C783FA64977BEF853783FCCCF78BE773B783FCB557ABED122783FA4DB7BBE040A783FDA
:4077000056617DBE10F1773FE1E67EBEF7D7773F223680BEB7BE773FC0F880BE51A5773F4ABB81BEC58B773FC07D82BE1372773F224083BE3A58773F700284BE3C3E773FE5
:40774000AAC484BE1724773FCE8685BECC09773FDF4886BE5BEF763FDA0A87BEC4D4763FC1CC87BE07BA763F938E88BE249F763F505089BE1B84763FF8118ABEEC68763FAA
:407780008AD38ABE974D763F07958BBE1B32763F6E568CBE7A16763FC0178DBEB3FA753FFCD88DBEC6DE753F229A8EBEB3C2753F325B8FBE7BA6753F2C1C90BE1C8A753F87
:4077C00010DD90BE976D753FDD9D91BEED50753F945E92BE1D34753F351F93BE2717753FBFDF93BE0BFA743F31A094BEC9DC743F8D6095BE62BF743FD22096BED5A1743F59
:4078000000E196BE2284743F17A197BE4966743F166198BE4B48743FFE2099BE272A743FCEE099BEDD0B743F86A09ABE6EED733F27609BBED9CE733FAF1F9CBE1FB0733FB2
:4078400020DF9CBE3F91733F789E9DBE3972733FB85D9EBE0E53733FDF1C9FBEBE33733FEEDB9FBE4714733FE59AA0BEACF4723FC259A1BEEBD4723F8718A2BE04B5723F2C
:4078800033D7A2BEF894723FC595A3BEC774723F3F54A4BE7054723F9F12A5BEF433723FE5D0A5BE5213723F128FA6BE8CF2713F254DA7BE9FD1713F1F0BA8BE8EB0713F4E
:4078C000FEC8A8BE578F713FC486A9BEFB6D713F6F44AABE7A4C713F0102ABBED42A713F77BFABBE0809713FD47CACBE17E7703F153AADBE02C5703F3CF7ADBEC6A2703FA6
:4079000049B4AEBE6680703F3A71AFBEE15D703F102EB0BE373B703FCBEAB0BE6718703F6BA7B1BE73F56F3FEF63B2BE5AD26F3F5820B3BE1BAF6F3FA5DCB3BEB88B6F3FAF
:40794000D698B4BE30686F3FEC54B5BE83446F3FE610B6BEB0206F3FC3CCB6BEBAFC6E3F8488B7BE9ED86E3F2A44B8BE5DB46E3FB2FFB8BEF88F6E3F1EBBB9BE6D6B6E3FF5
:407980006E76BABEBE466E3FA031BBBEEB216E3FB6ECBBBEF2FC6D3FAFA7BCBED5D76D3F8B62BDBE93B26D3F4A1DBEBE2D8D6D3FEBD7BEBEA1676D3F6F92BFBEF2416D3FE9
:4079C000D54CC0BE1D1C6D3F1E07C1BE24F66C3F48C1C1BE07D06C3F557BC2BEC5A96C3F4435C3BE5E836C3F15EFC3BED45C6C3FC8A8C4BE24366C3F5C62C5BE500F6C3FFF
:407A0000D21BC6BE58E86B3F29D5C6BE3BC16B3F628EC7BEFB996B3F7C47C8BE95726B3F7700C9BE0C4B6B3F53B9C9BE5E236B3F1072CABE8CFB6A3FAE2ACBBE95D36A3FAD
:407A40002CE3CBBE7BAB6A3F8B9BCCBE3C836A3FCA53CDBED95A6A3FEA0BCEBE52326A3FEAC3CEBEA7096A3FCA7BCFBED7E0693F8A33D0BEE4B7693F2AEBD0BECC8E693F5F
:407A8000AAA2D1BE9165693F095AD2BE323C693F4811D3BEAE12693F67C8D3BE07E9683F647FD4BE3CBF683F4136D5BE4C95683FFDECD5BE396B683F99A3D6BE0341683F70
:407AC000135AD7BEA816683F6B10D8BE2AEC673FA3C6D8BE87C1673FB97CD9BEC196673FAD32DABED86B673F80E8DABECA40673F319EDBBE9915673FC153DCBE45EA663F4E
:407B00002E09DDBECCBE663F79BEDDBE3093663FA273DEBE7167663FA928DFBE8E3B663F8DDDDFBE880F663F4F92E0BE5EE3653FEE46E1BE10B7653F6AFBE1BEA08A653F49
:407B4000C4AFE2BE0B5E653FFA63E3BE5431653F0E18E4BE7904653FFECBE4BE7BD7643FCB7FE5BE59AA643F7533E6BE147D643FFBE6E6BEAC4F643F5D9AE7BE2122643FBD
:407B80009C4DE8BE73F4633FB700E9BEA1C6633FAEB3E9BEAC98633F8166EABE956A633F3019EBBE5A3C633FBBCBEBBEFC0D633F217EECBE7BDF623F6330EDBED7B0623FFA
:407BC00080E2EDBE1082623F7994EEBE2653623F4C46EFBE1A24623FFBF7EFBEEAF4613F85A9F0BE98C5613FEA5AF1BE2296613F290CF2BE8A66613F43BDF2BED036613F48
:407C0000386EF3BEF206613F071FF4BEF2D6603FB1CFF4BECFA6603F3580F5BE8976603F9330F6BE2146603FCBE0F6BE9615603FDC90F7BEE9E45F3FC840F8BE19B45F3FEF
:407C40008EF0F8BE27835F3F2DA0F9BE12525F3FA54FFABEDB205F3FF7FEFABE81EF5E3F22AEFBBE05BE5E3F275DFCBE678C5E3F040CFDBEA65A5E3FBBBAFDBEC3285E3F2C
:407C80004A69FEBEBEF65D3FB217FFBE97C45D3FF3C5FFBE4D925D3F063A00BFE15F5D3FFF9000BF532D5D3FE4E700BFA3FA5C3FB53E01BFD1C75C3F739501BFDD945C3FD7
:407CC0001CEC01BFC7615C3FB14202BF8E2E5C3F329902BF34FB5B3F9FEF02BFB8C75B3FF84503BF1A945B3F3D9C03BF5A605B3F6DF203BF792C5B3F894804BF75F85A3F01
:407D0000919E04BF50C45A3F84F404BF09905A3F624A05BFA05B5A3F2CA005BF16275A3FE2F505BF6AF2593F824B06BF9CBD593F0EA106BFAD88593F86F606BF9C53593FB2
:407D4000E84B07BF6A1E593F36A107BF17E9583F6FF607BFA1B3583F924B08BF0B7E583FA1A008BF5348583F9BF508BF7912583F7F4A09BF7FDC573F4E9F09BF63A6573F53
:407D800009F409BF2670573FAD480ABFC739573F3D9D0ABF4803573FB7F10ABFA7CC563F1C460BBFE595563F6B9A0BBF025F563FA5EE0BBFFE27563FC9420CBFD9F0553F37
:407DC000D7960CBF93B9553FD0EA0CBF2C82553FB33E0DBFA44A553F81920DBFFB12553F38E60DBF31DB543FDA390EBF47A3543F658D0EBF3B6B543FDBE00EBF0F33543FAA
:407E00003B340FBFC3FA533F84870FBF55C2533FB8DA0FBFC789533FD52D10BF1851533FDC8010BF4918533FCDD310BF59DF523FA72611BF49A6523F6B7911BF186D523FE9
:407E400019CC11BFC633523FB01E12BF54FA513F307112BFC2C0513F9AC312BF1087513FEE1513BF3D4D513F2A6813BF4A13513F50BA13BF37D9503F5F0C14BF039F503F43
:407E8000585E14BFAF64503F39B014BF3B2A503F040215BFA8EF4F3FB75315BFF4B44F3F54A515BF1F7A4F3FD9F615BF2B3F4F3F474816BF17044F3F9F9916BFE4C84E3FF2
:407EC000DFEA16BF908D4E3F073C17BF1C524E3F188D17BF89164E3F12DE17BFD5DA4D3FF52E18BF029F4D3FC07F18BF10634D3F73D018BFFD264D3F0F2119BFCBEA4C3F31
:407F0000947119BF79AE4C3F00C219BF08724C3F55121ABF78354C3F93621ABFC7F84B3FB8B21ABFF8BB4B3FC6021BBF097F4B3FBB521BBFFA414B3F99A21BBFCC044B3F35
:407F40005FF21BBF7FC74A3F0C421CBF138A4A3FA2911CBF874C4A3F1FE11CBFDC0E4A3F84301DBF12D1493FD17F1DBF2993493F06CF1DBF2155493F221E1EBFFA16493F31
:407F8000266D1EBFB3D8483F12BC1EBF4E9A483FE50A1FBFCA5B483F9F591FBF271D483F41A81FBF65DE473FCBF61FBF849F473F3B4520BF8560473F939320BF6721473F56
:407FC000D2E120BF2AE2463FF92F21BFCEA2463F067E21BF5463463FFBCB21BFBB23463FD71922BF03E4453F996722BF2DA4453F43B522BF3964453FD30223BF2624453FC7
:408000004B5023BFF5E3443FA99D23BFA5A3443FEEEA23BF3763443F1A3824BFAB22443F2C8524BF00E2433F25D224BF38A1433F041F25BF5160433FCB6B25BF4C1F433FAB
:4080400077B825BF29DE423F0A0526BFE89C423F845126BF895B423FE39D26BF0B1A423F2AEA26BF70D8413F563627BFB796413F688227BFE154413F61CE27BFEC12413F2A
:40808000401A28BFDAD0403F056628BFA98E403FB0B128BF5C4C403F41FD28BFF009403FB84829BF67C73F3F159429BFC0843F3F57DF29BFFC413F3F802A2ABF1BFF3E3F58
:4080C0008E752ABF1BBC3E3F82C02ABFFF783E3F5B0B2BBFC5353E3F1B562BBF6EF23D3FBFA02BBFF9AE3D3F4AEB2BBF676B3D3FB9352CBFB8273D3F0F802CBFECE33C3F52
:4081000049CA2CBF03A03C3F69142DBFFC5B3C3F6F5E2DBFD9173C3F59A82DBF98D33B3F29F22DBF3B8F3B3FDE3B2EBFC14A3B3F78852EBF29063B3FF7CE2EBF75C13A3F28
:408140005B182FBFA47C3A3FA5612FBFB7373A3FD3AA2FBFACF2393FE6F32FBF85AD393FDE3C30BF4268393FBB8530BFE122393F7CCE30BF65DD383F221731BFCB97383FEF
:40818000AD5F31BF1652383F1DA831BF430C383F71F031BF55C6373FAA3832BF4A80373FC78032BF233A373FC9C832BFDFF3363FAF1033BF7FAD363F7A5833BF0467363FAA
:4081C00029A033BF6C20363FBCE733BFB8D9353F342F34BFE792353F8F7634BFFB4B353FCFBD34BFF304353FF30435BFCFBD343FFB4B35BF8F76343FE79235BF342F343F6B
:40820000B8D935BFBCE7333F6C2036BF29A0333F046736BF7A58333F7FAD36BFAF10333FDFF336BFC9C8323F233A37BFC780323F4A8037BFAA38323F55C637BF71F0313F29
:40824000430C38BF1DA8313F165238BFAD5F313FCB9738BF2217313F65DD38BF7CCE303FE12239BFBB85303F426839BFDE3C303F85AD39BFE6F32F3FACF239BFD3AA2F3FED
:40828000B7373ABFA5612F3FA47C3ABF5B182F3F75C13ABFF7CE2E3F29063BBF78852E3FC14A3BBFDE3B2E3F3B8F3BBF29F22D3F98D33BBF59A82D3FD9173CBF6F5E2D3FA9
:4082C000FC5B3CBF69142D3F03A03CBF49CA2C3FECE33CBF0F802C3FB8273DBFB9352C3F676B3DBF4AEB2B3FF9AE3DBFBFA02B3F6EF23DBF1B562B3FC5353EBF5B0B2B3F58
:40830000FF783EBF82C02A3F1BBC3EBF8E752A3F1BFF3EBF802A2A3FFC413FBF57DF293FC0843FBF1594293F67C73FBFB848293FF00940BF41FD283F5C4C40BFB0B1283FE8
:40834000A98E40BF0566283FDAD040BF401A283FEC1241BF61CE273FE15441BF6882273FB79641BF5636273F70D841BF2AEA263F0B1A42BFE39D263F895B42BF8451263F49
:40838000E89C42BF0A05263F29DE42BF77B8253F4C1F43BFCB6B253F516043BF041F253F38A143BF25D2243F00E243BF2C85243FAB2244BF1A38243F376344BFEEEA233F5F
:4083C000A5A344BFA99D233FF5E344BF4B50233F262445BFD302233F396445BF43B5223F2DA445BF9967223F03E445BFD719223FBB2346BFFBCB213F546346BF067E213F18
:40840000CEA246BFF92F213F2AE246BFD2E1203F672147BF9393203F856047BF3B45203F849F47BFCBF61F3F65DE47BF41A81F3F271D48BF9F591F3FCA5B48BFE50A1F3F4D
:408440004E9A48BF12BC1E3FB3D848BF266D1E3FFA1649BF221E1E3F215549BF06CF1D3F299349BFD17F1D3F12D149BF84301D3FDC0E4ABF1FE11C3F874C4ABFA2911C3FD9
:40848000138A4ABF0C421C3F7FC74ABF5FF21B3FCC044BBF99A21B3FFA414BBFBB521B3F097F4BBFC6021B3FF8BB4BBFB8B21A3FC7F84BBF93621A3F78354CBF55121A3F95
:4084C00008724CBF00C2193F79AE4CBF9471193FCBEA4CBF0F21193FFD264DBF73D0183F10634DBFC07F183F029F4DBFF52E183FD5DA4DBF12DE173F89164EBF188D173F59
:408500001C524EBF073C173F908D4EBFDFEA163FE4C84EBF9F99163F17044FBF4748163F2B3F4FBFD9F6153F1F7A4FBF54A5153FF4B44FBFB753153FA8EF4FBF0402153FEA
:408540003B2A50BF39B0143FAF6450BF585E143F039F50BF5F0C143F37D950BF50BA133F4A1351BF2A68133F3D4D51BFEE15133F108751BF9AC3123FC2C051BF3071123F1D
:4085800054FA51BFB01E123FC63352BF19CC113F186D52BF6B79113F49A652BFA726113F59DF52BFCDD3103F491853BFDC80103F185153BFD52D103FC78953BFB8DA0F3FB4
:4085C00055C253BF84870F3FC3FA53BF3B340F3F0F3354BFDBE00E3F3B6B54BF658D0E3F47A354BFDA390E3F31DB54BF38E60D3FFB1255BF81920D3FA44A55BFB33E0D3F73
:408600002C8255BFD0EA0C3F93B955BFD7960C3FD9F055BFC9420C3FFE2756BFA5EE0B3F025F56BF6B9A0B3FE59556BF1C460B3FA7CC56BFB7F10A3F480357BF3D9D0A3F14
:40864000C73957BFAD480A3F267057BF09F4093F63A657BF4E9F093F7FDC57BF7F4A093F791258BF9BF5083F534858BFA1A0083F0B7E58BF924B083FA1B358BF6FF6073F52
:4086800017E958BF36A1073F6A1E59BFE84B073F9C5359BF86F6063FAD8859BF0EA1063F9CBD59BF824B063F6AF259BFE2F5053F16275ABF2CA0053FA05B5ABF624A053FE8
:4086C00009905ABF84F4043F50C45ABF919E043F75F85ABF8948043F792C5BBF6DF2033F5A605BBF3D9C033F1A945BBFF845033FB8C75BBF9FEF023F34FB5BBF3299023F81
:408700008E2E5CBFB142023FC7615CBF1CEC013FDD945CBF7395013FD1C75CBFB53E013FA3FA5CBFE4E7003F532D5DBFFF90003FE15F5DBF063A003F4D925DBFF3C5FF3EF2
:4087400097C45DBFB217FF3EBEF65DBF4A69FE3EC3285EBFBBBAFD3EA65A5EBF040CFD3E678C5EBF275DFC3E05BE5EBF22AEFB3E81EF5EBFF7FEFA3EDB205FBFA54FFA3EE7
:4087800012525FBF2DA0F93E27835FBF8EF0F83E19B45FBFC840F83EE9E45FBFDC90F73E961560BFCBE0F63E214660BF9330F63E897660BF3580F53ECFA660BFB1CFF43E90
:4087C000F2D660BF071FF43EF20661BF386EF33ED03661BF43BDF23E8A6661BF290CF23E229661BFEA5AF13E98C561BF85A9F03EEAF461BFFBF7EF3E1A2462BF4C46EF3E21
:40880000265362BF7994EE3E108262BF80E2ED3ED7B062BF6330ED3E7BDF62BF217EEC3EFC0D63BFBBCBEB3E5A3C63BF3019EB3E956A63BF8166EA3EAC9863BFAEB3E93E59
:40884000A1C663BFB700E93E73F463BF9C4DE83E212264BF5D9AE73EAC4F64BFFBE6E63E147D64BF7533E63E59AA64BFCB7FE53E7BD764BFFECBE43E790465BF0E18E43EF8
:40888000543165BFFA63E33E0B5E65BFC4AFE23EA08A65BF6AFBE13E10B765BFEE46E13E5EE365BF4F92E03E880F66BF8DDDDF3E8E3B66BFA928DF3E716766BFA273DE3EB0
:4088C000309366BF79BEDD3ECCBE66BF2E09DD3E45EA66BFC153DC3E991567BF319EDB3ECA4067BF80E8DA3ED86B67BFAD32DA3EC19667BFB97CD93E87C167BFA3C6D83E39
:408900002AEC67BF6B10D83EA81668BF135AD73E034168BF99A3D63E396B68BFFDECD53E4C9568BF4136D53E3CBF68BF647FD43E07E968BF67C8D33EAE1269BF4811D33E2F
:40894000323C69BF095AD23E916569BFAAA2D13ECC8E69BF2AEBD03EE4B769BF8A33D03ED7E069BFCA7BCF3EA7096ABFEAC3CE3E52326ABFEA0BCE3ED95A6ABFCA53CD3E4D
:408980003C836ABF8B9BCC3E7BAB6ABF2CE3CB3E95D36ABFAE2ACB3E8CFB6ABF1072CA3E5E236BBF53B9C93E0C4B6BBF7700C93E95726BBF7C47C83EFB996BBF628EC73E22
:4089C0003BC16BBF29D5C63E58E86BBFD21BC63E500F6CBF5C62C53E24366CBFC8A8C43ED45C6CBF15EFC33E5E836CBF4435C33EC5A96CBF557BC23E07D06CBF48C1C13E59
:408A000024F66CBF1E07C13E1D1C6DBFD54CC03EF2416DBF6F92BF3EA1676DBFEBD7BE3E2D8D6DBF4A1DBE3E93B26DBF8B62BD3ED5D76DBFAFA7BC3EF2FC6DBFB6ECBB3E7B
:408A4000EB216EBFA031BB3EBE466EBF6E76BA3E6D6B6EBF1EBBB93EF88F6EBFB2FFB83E5DB46EBF2A44B83E9ED86EBF8488B73EBAFC6EBFC3CCB63EB0206FBFE610B63E22
:408A800083446FBFEC54B53E30686FBFD698B43EB88B6FBFA5DCB33E1BAF6FBF5820B33E5AD26FBFEF63B23E73F56FBF6BA7B13E671870BFCBEAB03E373B70BF102EB03ED3
:408AC000E15D70BF3A71AF3E668070BF49B4AE3EC6A270BF3CF7AD3E02C570BF153AAD3E17E770BFD47CAC3E080971BF77BFAB3ED42A71BF0102AB3E7A4C71BF6F44AA3E1C
:408B0000FB6D71BFC486A93E578F71BFFEC8A83E8EB071BF1F0BA83E9FD171BF254DA73E8CF271BF128FA63E521372BFE5D0A53EF43372BF9F12A53E705472BF3F54A43E7E
:408B4000C77472BFC595A33EF89472BF33D7A23E04B572BF8718A23EEBD472BFC259A13EACF472BFE59AA03E471473BFEEDB9F3EBE3373BFDF1C9F3E0E5373BFB85D9E3E74
:408B8000397273BF789E9D3E3F9173BF20DF9C3E1FB073BFAF1F9C3ED9CE73BF27609B3E6EED73BF86A09A3EDD0B74BFCEE0993E272A74BFFE20993E4B4874BF1661983E73
:408BC000496674BF17A1973E228474BF00E1963ED5A174BFD220963E62BF74BF8D60953EC9DC74BF31A0943E0BFA74BFBFDF933E271775BF351F933E1D3475BF945E923EF5
:408C0000ED5075BFDD9D913E976D75BF10DD903E1C8A75BF2C1C903E7BA675BF325B8F3EB3C275BF229A8E3EC6DE75BFFCD88D3EB3FA75BFC0178D3E7A1676BF6E568C3E6A
:408C40001B3276BF07958B3E974D76BF8AD38A3EEC6876BFF8118A3E1B8476BF5050893E249F76BF938E883E07BA76BFC1CC873EC4D476BFDA0A873E5BEF76BFDF48863E33
:408C8000CC0977BFCE86853E172477BFAAC4843E3C3E77BF7002843E3A5877BF2240833E137277BFC07D823EC58B77BF4ABB813E51A577BFC0F8803EB7BE77BF2236803EBD
:408CC000F7D777BFE1E67E3E10F177BF56617D3E040A78BFA4DB7B3ED12278BFCB557A3E773B78BFCCCF783EF85378BFA649773E526C78BF5AC3753E868478BFE83C743E89
:408D0000939C78BF51B6723E7BB478BF942F713E3BCC78BFB2A86F3ED6E378BFAB216E3E4AFB78BF7F9A6C3E981279BF2F136B3EBF2979BFBA8B693EC04079BF2204683E75
:408D40009A5779BF667C663E4E6E79BF86F4643EDC8479BF836C633E439B79BF5CE4613E83B179BF135C603E9DC779BFA8D35E3E91DD79BF1A4B5D3E5EF379BF6AC25B3EF7
:408D800004097ABF97395A3E841E7ABFA4B0583EDD337ABF8F27573E10497ABF589E553E1C5E7ABF0115543E02737ABF898B523EC1877ABFF101513E599C7ABF38784F3E77
:408DC000CBB07ABF60EE4D3E16C57ABF67644C3E3AD97ABF4FDA4A3E37ED7ABF1850493E0E017BBFC2C5473EBE147BBF4D3B463E48287BBFB9B0443EAB3B7BBF0726433E64
:408E0000E74E7BBF379B413EFC617BBF4910403EEA747BBF3E853E3EB2877BBF15FA3C3E539A7BBFCF6E3B3ECDAC7BBF6CE3393E20BF7BBFEC57383E4DD17BBF50CC363E21
:408E400053E37BBF9840353E31F57BBFC4B4333EE9067CBFD428323E7A187CBFC99C303EE5297CBFA2102F3E283B7CBF61842D3E444C7CBF04F82B3E3A5D7CBF8D6B2A3E00
:408E8000086E7CBFFCDE283EB07E7CBF5152273E318F7CBF8CC5253E8A9F7CBFAD38243EBDAF7CBFB6AB223EC9BF7CBFA51E213EAECF7CBF7B911F3E6CDF7CBF38041E3E6A
:408EC00003EF7CBFDE761C3E73FE7CBF6BE91A3EBC0D7DBFE05B193EDD1C7DBF3DCE173ED82B7DBF8340163EAC3A7DBFB2B2143E59497DBFCA24133EDE577DBFCC96113EA6
:408F00003D667DBFB708103E74747DBF8B7A0E3E85827DBF4AEC0C3E6E907DBFF35D0B3E309E7DBF86CF093ECCAB7DBF0541083E40B97DBF6EB2063E8CC67DBFC223053E06
:408F4000B2D37DBF0295033EB1E07DBF2E06023E88ED7DBF4577003E38FA7DBF92D0FD3DC2067EBF73B2FA3D24137EBF2C94F73D5E1F7EBFC075F43D722B7EBF2E57F13DEC
:408F80005E377EBF7638EE3D23437EBF9A19EB3DC14E7EBF9AFAE73D385A7EBF76DBE43D88657EBF2EBCE13DB0707EBFC49CDE3DB17B7EBF377DDB3D8B867EBF895DD83DBB
:408FC0003D917EBFB93DD53DC99B7EBFC81DD23D2DA67EBFB7FDCE3D69B07EBF86DDCB3D7FBA7EBF36BDC83D6DC47EBFC69CC53D34CE7EBF397CC23DD4D77EBF8D5BBF3D3A
:409000004CE17EBFC33ABC3D9DEA7EBFDD19B93DC7F37EBFDAF8B53DC9FC7EBFBBD7B23DA4057FBF80B6AF3D580E7FBF2B95AC3DE4167FBFBA73A93D491F7FBF3052A63D36
:4090400087277FBF8C30A33D9D2F7FBFCF0EA03D8D377FBFF9EC9C3D543F7FBF0ACB993DF4467FBF05A9963D6D4E7FBFE786933DBF557FBFB464903DE95C7FBF6A428D3D09
:40908000EC637FBF0A208A3DC76A7FBF94FD863D7B717FBF0ADB833D08787FBF6CB8803D6D7E7FBF742B7B3DAB847FBFE9E5743DC28A7FBF38A06E3DB1907FBF625A683DA8
:4090C00078967FBF6814623D189C7FBF4CCE5B3D91A17FBF0E88553DE3A67FBFAF414F3D0DAC7FBF2FFB483D0FB17FBF91B4423DEAB57FBFD56D3C3D9EBA7FBFFC26363D5F
:409100002ABF7FBF07E02F3D8FC37FBFF698293DCCC77FBFCC51233DE2CB7FBF880A1D3DD1CF7FBF2CC3163D98D37FBFB87B103D37D77FBF2F340A3DAFDA7FBF90EC033D4A
:4091400000DE7FBFB949FB3C29E17FBF2DBAEE3C2BE47FBF7B2AE23C05E77FBFA69AD53CB8E97FBFB00AC93C43EC7FBF9B7ABC3CA7EE7FBF69EAAF3CE3F07FBF1C5AA33C27
:40918000F8F27FBFB6C9963CE6F47FBF38398A3CACF67FBF4B517B3C4AF87FBF0030623CC1F97FBF900E493C11FB7FBF02ED2F3C39FC7FBF59CB163C39FD7FBF3053FB3B91
:4091C00013FE7FBF890FC93BC4FE7FBFC1CB963B4EFF7FBFC70F493BB1FF7FBFD40FC93AECFF7FBF000000000000803FC70F493BB1FF7F3F890FC93BC4FE7F3F59CB163C2C
:4092000039FD7F3F900E493C11FB7F3F4B517B3C4AF87F3FB6C9963CE6F47F3F69EAAF3CE3F07F3FB00AC93C43EC7F3F7B2AE23C05E77F3FB949FB3C29E17F3F2F340A3D7E
:40924000AFDA7F3F2CC3163D98D37F3FCC51233DE2CB7F3F07E02F3D8FC37F3FD56D3C3D9EBA7F3F2FFB483D0FB17F3F0E88553DE3A67F3F6814623D189C7F3F38A06E3D74
:40928000B1907F3F742B7B3DAB847F3F0ADB833D08787F3F0A208A3DC76A7F3FB464903DE95C7F3F05A9963D6D4E7F3FF9EC9C3D543F7F3F8C30A33D9D2F7F3FBA73A93D7E
:4092C000491F7F3F80B6AF3D580E7F3FDAF8B53DC9FC7E3FC33ABC3D9DEA7E3F397CC23DD4D77E3F36BDC83D6DC47E3FB7FDCE3D69B07E3FB93DD53DC99B7E3F377DDB3DF6
:409300008B867E3F2EBCE13DB0707E3F9AFAE73D385A7E3F7638EE3D23437E3FC075F43D722B7E3F73B2FA3D24137E3F4577003E38FA7D3F0295033EB1E07D3F6EB2063EF6
:409340008CC67D3F86CF093ECCAB7D3F4AEC0C3E6E907D3FB708103E74747D3FCA24133EDE577D3F8340163EAC3A7D3FE05B193EDD1C7D3FDE761C3E73FE7C3F7B911F3EB2
:409380006CDF7C3FB6AB223EC9BF7C3F8CC5253E8A9F7C3FFCDE283EB07E7C3F04F82B3E3A5D7C3FA2102F3E283B7C3FD428323E7A187C3F9840353E31F57B3FEC57383E51
:4093C0004DD17B3FCF6E3B3ECDAC7B3F3E853E3EB2877B3F379B413EFC617B3FB9B0443EAB3B7B3FC2C5473EBE147B3F4FDA4A3E37ED7A3F60EE4D3E16C57A3FF101513E73
:40940000599C7A3F0115543E02737A3F8F27573E10497A3F97395A3E841E7A3F1A4B5D3E5EF3793F135C603E9DC7793F836C633E439B793F667C663E4E6E793FBA8B693E4A
:40944000C040793F7F9A6C3E9812793FB2A86F3ED6E3783F51B6723E7BB4783F5AC3753E8684783FCCCF783EF853783FA4DB7B3ED122783FE1E67E3E10F1773FC0F8803E85
:40948000B7BE773FC07D823EC58B773F7002843E3A58773FCE86853E1724773FDA0A873E5BEF763F938E883E07BA763FF8118A3E1B84763F07958B3E974D763FC0178D3E30
:4094C0007A16763F229A8E3EC6DE753F2C1C903E7BA6753FDD9D913E976D753F351F933E1D34753F31A0943E0BFA743FD220963E62BF743F17A1973E2284743FFE20993E61
:409500004B48743F86A09A3EDD0B743FAF1F9C3ED9CE733F789E9D3E3F91733FDF1C9F3E0E53733FE59AA03E4714733F8718A23EEBD4723FC595A33EF894723F9F12A53E88
:409540007054723F128FA63E5213723F1F0BA83E9FD1713FC486A93E578F713F0102AB3E7A4C713FD47CAC3E0809713F3CF7AD3E02C5703F3A71AF3E6680703FCBEAB03E23
:40958000373B703FEF63B23E73F56F3FA5DCB33E1BAF6F3FEC54B53E30686F3FC3CCB63EB0206F3F2A44B83E9ED86E3F1EBBB93EF88F6E3FA031BB3EBE466E3FAFA7BC3E78
:4095C000F2FC6D3F4A1DBE3E93B26D3F6F92BF3EA1676D3F1E07C13E1D1C6D3F557BC23E07D06C3F15EFC33E5E836C3F5C62C53E24366C3F29D5C63E58E86B3F7C47C83E64
:40960000FB996B3F53B9C93E0C4B6B3FAE2ACB3E8CFB6A3F8B9BCC3E7BAB6A3FEA0BCE3ED95A6A3FCA7BCF3EA7096A3F2AEBD03EE4B7693F095AD23E9165693F67C8D33E89
:40964000AE12693F4136D53E3CBF683F99A3D63E396B683F6B10D83EA816683FB97CD93E87C1673F80E8DA3ED86B673FC153DC3E9915673F79BEDD3ECCBE663FA928DF3E31
:409680007167663F4F92E03E880F663F6AFBE13E10B7653FFA63E33E0B5E653FFECBE43E7904653F7533E63E59AA643F5D9AE73EAC4F643FB700E93E73F4633F8166EA3E4A
:4096C000AC98633FBBCBEB3E5A3C633F6330ED3E7BDF623F7994EE3E1082623FFBF7EF3E1A24623FEA5AF13E98C5613F43BDF23E8A66613F071FF43EF206613F3580F53E72
:40970000CFA6603FCBE0F63E2146603FC840F83EE9E45F3F2DA0F93E27835F3FF7FEFA3EDB205F3F275DFC3E05BE5E3FBBBAFD3EA65A5E3FB217FF3EBEF65D3F063A003F35
:409740004D925D3FE4E7003F532D5D3F7395013FD1C75C3FB142023FC7615C3F9FEF023F34FB5B3F3D9C033F1A945B3F8948043F792C5B3F84F4043F50C45A3F2CA0053F10
:40978000A05B5A3F824B063F6AF2593F86F6063FAD88593F36A1073F6A1E593F924B083FA1B3583F9BF5083F5348583F4E9F093F7FDC573FAD480A3F2670573FB7F10A3FAB
:4097C0004803573F6B9A0B3FE595563FC9420C3FFE27563FD0EA0C3F93B9553F81920D3FA44A553FDA390E3F31DB543FDBE00E3F3B6B543F84870F3FC3FA533FD52D103F1B
:40980000C789533FCDD3103F4918533F6B79113F49A6523FB01E123FC633523F9AC3123FC2C0513F2A68133F3D4D513F5F0C143F37D9503F39B0143FAF64503FB753153FB0
:40984000A8EF4F3FD9F6153F1F7A4F3F9F99163F17044F3F073C173F908D4E3F12DE173F89164E3FC07F183F029F4D3F0F21193FFD264D3F00C2193F79AE4C3F93621A3F7A
:4098800078354C3FC6021B3FF8BB4B3F99A21B3FFA414B3F0C421C3F7FC74A3F1FE11C3F874C4A3FD17F1D3F12D1493F221E1E3F2155493F12BC1E3FB3D8483F9F591F3F43
:4098C000CA5B483FCBF61F3F65DE473F9393203F8560473FF92F213F2AE2463FFBCB213F5463463F9967223F03E4453FD302233F3964453FA99D233FF5E3443F1A38243F8D
:409900003763443F25D2243F00E2433FCB6B253F5160433F0A05263F29DE423FE39D263F895B423F5636273F70D8413F61CE273FE154413F0566283FDAD0403F41FD283F95
:409940005C4C403F1594293F67C73F3F802A2A3FFC413F3F82C02A3F1BBC3E3F1B562B3FC5353E3F4AEB2B3FF9AE3D3F0F802C3FB8273D3F69142D3F03A03C3F59A82D3F59
:40998000D9173C3FDE3B2E3F3B8F3B3FF7CE2E3F29063B3FA5612F3FA47C3A3FE6F32F3FACF2393FBB85303F4268393F2217313F65DD383F1DA8313F1652383FAA38323F93
:4099C00055C6373FC9C8323F233A373F7A58333F7FAD363FBCE7333F6C20363F8F76343FE792353FF304353FF304353FE792353F8F76343F6C20363FBCE7333F7FAD363FAF
:409A00007A58333F233A373FC9C8323F55C6373FAA38323F1652383F1DA8313F65DD383F2217313F4268393FBB85303FACF2393FE6F32F3FA47C3A3FA5612F3F29063B3FCF
:409A4000F7CE2E3F3B8F3B3FDE3B2E3FD9173C3F59A82D3F03A03C3F69142D3FB8273D3F0F802C3FF9AE3D3F4AEB2B3FC5353E3F1B562B3F1BBC3E3F82C02A3FFC413F3FE8
:409A8000802A2A3F67C73F3F1594293F5C4C403F41FD283FDAD0403F0566283FE154413F61CE273F70D8413F5636273F895B423FE39D263F29DE423F0A05263F5160433F92
:409AC000CB6B253F00E2433F25D2243F3763443F1A38243FF5E3443FA99D233F3964453FD302233F03E4453F9967223F5463463FFBCB213F2AE2463FF92F213F8560473F2F
:409B00009393203F65DE473FCBF61F3FCA5B483F9F591F3FB3D8483F12BC1E3F2155493F221E1E3F12D1493FD17F1D3F874C4A3F1FE11C3F7FC74A3F0C421C3FFA414B3FD3
:409B400099A21B3FF8BB4B3FC6021B3F78354C3F93621A3F79AE4C3F00C2193FFD264D3F0F21193F029F4D3FC07F183F89164E3F12DE173F908D4E3F073C173F17044F3F47
:409B80009F99163F1F7A4F3FD9F6153FA8EF4F3FB753153FAF64503F39B0143F37D9503F5F0C143F3D4D513F2A68133FC2C0513F9AC3123FC633523FB01E123F49A6523F29
:409BC0006B79113F4918533FCDD3103FC789533FD52D103FC3FA533F84870F3F3B6B543FDBE00E3F31DB543FDA390E3FA44A553F81920D3F93B9553FD0EA0C3FFE27563FB4
:409C0000C9420C3FE595563F6B9A0B3F4803573FB7F10A3F2670573FAD480A3F7FDC573F4E9F093F5348583F9BF5083FA1B3583F924B083F6A1E593F36A1073FAD88593FEC
:409C400086F6063F6AF2593F824B063FA05B5A3F2CA0053F50C45A3F84F4043F792C5B3F8948043F1A945B3F3D9C033F34FB5B3F9FEF023FC7615C3FB142023FD1C75C3F99
:409C80007395013F532D5D3FE4E7003F4D925D3F063A003FBEF65D3FB217FF3EA65A5E3FBBBAFD3E05BE5E3F275DFC3EDB205F3FF7FEFA3E27835F3F2DA0F93EE9E45F3FFE
:409CC000C840F83E2146603FCBE0F63ECFA6603F3580F53EF206613F071FF43E8A66613F43BDF23E98C5613FEA5AF13E1A24623FFBF7EF3E1082623F7994EE3E7BDF623FC0
:409D00006330ED3E5A3C633FBBCBEB3EAC98633F8166EA3E73F4633FB700E93EAC4F643F5D9AE73E59AA643F7533E63E7904653FFECBE43E0B5E653FFA63E33E10B7653F74
:409D40006AFBE13E880F663F4F92E03E7167663FA928DF3ECCBE663F79BEDD3E9915673FC153DC3ED86B673F80E8DA3E87C1673FB97CD93EA816683F6B10D83E396B683FD2
:409D800099A3D63E3CBF683F4136D53EAE12693F67C8D33E9165693F095AD23EE4B7693F2AEBD03EA7096A3FCA7BCF3ED95A6A3FEA0BCE3E7BAB6A3F8B9BCC3E8CFB6A3F51
:409DC000AE2ACB3E0C4B6B3F53B9C93EFB996B3F7C47C83E58E86B3F29D5C63E24366C3F5C62C53E5E836C3F15EFC33E07D06C3F557BC23E1D1C6D3F1E07C13EA1676D3F15
:409E00006F92BF3E93B26D3F4A1DBE3EF2FC6D3FAFA7BC3EBE466E3FA031BB3EF88F6E3F1EBBB93E9ED86E3F2A44B83EB0206F3FC3CCB63E30686F3FEC54B53E1BAF6F3FEE
:409E4000A5DCB33E73F56F3FEF63B23E373B703FCBEAB03E6680703F3A71AF3E02C5703F3CF7AD3E0809713FD47CAC3E7A4C713F0102AB3E578F713FC486A93E9FD1713F4F
:409E80001F0BA83E5213723F128FA63E7054723F9F12A53EF894723FC595A33EEBD4723F8718A23E4714733FE59AA03E0E53733FDF1C9F3E3F91733F789E9D3ED9CE733F66
:409EC000AF1F9C3EDD0B743F86A09A3E4B48743FFE20993E2284743F17A1973E62BF743FD220963E0BFA743F31A0943E1D34753F351F933E976D753FDD9D913E7BA6753F0B
:409F00002C1C903EC6DE753F229A8E3E7A16763FC0178D3E974D763F07958B3E1B84763FF8118A3E07BA763F938E883E5BEF763FDA0A873E1724773FCE86853E3A58773FCC
:409F40007002843EC58B773FC07D823EB7BE773FC0F8803E10F1773FE1E67E3ED122783FA4DB7B3EF853783FCCCF783E8684783F5AC3753E7BB4783F51B6723ED6E3783FFC
:409F8000B2A86F3E9812793F7F9A6C3EC040793FBA8B693E4E6E793F667C663E439B793F836C633E9DC7793F135C603E5EF3793F1A4B5D3E841E7A3F97395A3E10497A3FAA
:409FC0008F27573E02737A3F0115543E599C7A3FF101513E16C57A3F60EE4D3E37ED7A3F4FDA4A3EBE147B3FC2C5473EAB3B7B3FB9B0443EFC617B3F379B413EB2877B3F98
:40A000003E853E3ECDAC7B3FCF6E3B3E4DD17B3FEC57383E31F57B3F9840353E7A187C3FD428323E283B7C3FA2102F3E3A5D7C3F04F82B3EB07E7C3FFCDE283E8A9F7C3F82
:40A040008CC5253EC9BF7C3FB6AB223E6CDF7C3F7B911F3E73FE7C3FDE761C3EDD1C7D3FE05B193EAC3A7D3F8340163EDE577D3FCA24133E74747D3FB708103E6E907D3F44
:40A080004AEC0C3ECCAB7D3F86CF093E8CC67D3F6EB2063EB1E07D3F0295033E38FA7D3F4577003E24137E3F73B2FA3D722B7E3FC075F43D23437E3F7638EE3D385A7E3F77
:40A0C0009AFAE73DB0707E3F2EBCE13D8B867E3F377DDB3DC99B7E3FB93DD53D69B07E3FB7FDCE3D6DC47E3F36BDC83DD4D77E3F397CC23D9DEA7E3FC33ABC3DC9FC7E3FAD
:40A10000DAF8B53D580E7F3F80B6AF3D491F7F3FBA73A93D9D2F7F3F8C30A33D543F7F3FF9EC9C3D6D4E7F3F05A9963DE95C7F3FB464903DC76A7F3F0A208A3D08787F3FA7
:40A140000ADB833DAB847F3F742B7B3DB1907F3F38A06E3D189C7F3F6814623DE3A67F3F0E88553D0FB17F3F2FFB483D9EBA7F3FD56D3C3D8FC37F3F07E02F3DE2CB7F3FAC
:40A18000CC51233D98D37F3F2CC3163DAFDA7F3F2F340A3D29E17F3FB949FB3C05E77F3F7B2AE23C43EC7F3FB00AC93CE3F07F3F69EAAF3CE6F47F3FB6C9963C4AF87F3FF4
:40A1C0004B517B3C11FB7F3F900E493C39FD7F3F59CB163CC4FE7F3F890FC93BB1FF7F3FC70F493B0000803F00000000B1FF7F3FC70F49BBC4FE7F3F890FC9BB39FD7F3F3A
:40A2000059CB16BC11FB7F3F900E49BC4AF87F3F4B517BBCE6F47F3FB6C996BCE3F07F3F69EAAFBC43EC7F3FB00AC9BC05E77F3F7B2AE2BC29E17F3FB949FBBCAFDA7F3F4F
:40A240002F340ABD98D37F3F2CC316BDE2CB7F3FCC5123BD8FC37F3F07E02FBD9EBA7F3FD56D3CBD0FB17F3F2FFB48BDE3A67F3F0E8855BD189C7F3F681462BDB1907F3F85
:40A2800038A06EBDAB847F3F742B7BBD08787F3F0ADB83BDC76A7F3F0A208ABDE95C7F3FB46490BD6D4E7F3F05A996BD543F7F3FF9EC9CBD9D2F7F3F8C30A3BD491F7F3FD7
:40A2C000BA73A9BD580E7F3F80B6AFBDC9FC7E3FDAF8B5BD9DEA7E3FC33ABCBDD4D77E3F397CC2BD6DC47E3F36BDC8BD69B07E3FB7FDCEBDC99B7E3FB93DD5BD8B867E3FF7
:40A30000377DDBBDB0707E3F2EBCE1BD385A7E3F9AFAE7BD23437E3F7638EEBD722B7E3FC075F4BD24137E3F73B2FABD38FA7D3F457700BEB1E07D3F029503BE8CC67D3F3E
:40A340006EB206BECCAB7D3F86CF09BE6E907D3F4AEC0CBE74747D3FB70810BEDE577D3FCA2413BEAC3A7D3F834016BEDD1C7D3FE05B19BE73FE7C3FDE761CBE6CDF7C3FAF
:40A380007B911FBEC9BF7C3FB6AB22BE8A9F7C3F8CC525BEB07E7C3FFCDE28BE3A5D7C3F04F82BBE283B7C3FA2102FBE7A187C3FD42832BE31F57B3F984035BE4DD17B3FBF
:40A3C000EC5738BECDAC7B3FCF6E3BBEB2877B3F3E853EBEFC617B3F379B41BEAB3B7B3FB9B044BEBE147B3FC2C547BE37ED7A3F4FDA4ABE16C57A3F60EE4DBE599C7A3F55
:40A40000F10151BE02737A3F011554BE10497A3F8F2757BE841E7A3F97395ABE5EF3793F1A4B5DBE9DC7793F135C60BE439B793F836C63BE4E6E793F667C66BEC040793F9B
:40A44000BA8B69BE9812793F7F9A6CBED6E3783FB2A86FBE7BB4783F51B672BE8684783F5AC375BEF853783FCCCF78BED122783FA4DB7BBE10F1773FE1E67EBEB7BE773F8C
:40A48000C0F880BEC58B773FC07D82BE3A58773F700284BE1724773FCE8685BE5BEF763FDA0A87BE07BA763F938E88BE1B84763FF8118ABE974D763F07958BBE7A16763F32
:40A4C000C0178DBEC6DE753F229A8EBE7BA6753F2C1C90BE976D753FDD9D91BE1D34753F351F93BE0BFA743F31A094BE62BF743FD22096BE2284743F17A197BE4B48743FA3
:40A50000FE2099BEDD0B743F86A09ABED9CE733FAF1F9CBE3F91733F789E9DBE0E53733FDF1C9FBE4714733FE59AA0BEEBD4723F8718A2BEF894723FC595A3BE7054723FE8
:40A540009F12A5BE5213723F128FA6BE9FD1713F1F0BA8BE578F713FC486A9BE7A4C713F0102ABBE0809713FD47CACBE02C5703F3CF7ADBE6680703F3A71AFBE373B703F76
:40A58000CBEAB0BE73F56F3FEF63B2BE1BAF6F3FA5DCB3BE30686F3FEC54B5BEB0206F3FC3CCB6BE9ED86E3F2A44B8BEF88F6E3F1EBBB9BEBE466E3FA031BBBEF2FC6D3F9C
:40A5C000AFA7BCBE93B26D3F4A1DBEBEA1676D3F6F92BFBE1D1C6D3F1E07C1BE07D06C3F557BC2BE5E836C3F15EFC3BE24366C3F5C62C5BE58E86B3F29D5C6BEFB996B3F29
:40A600007C47C8BE0C4B6B3F53B9C9BE8CFB6A3FAE2ACBBE7BAB6A3F8B9BCCBED95A6A3FEA0BCEBEA7096A3FCA7BCFBEE4B7693F2AEBD0BE9165693F095AD2BEAE12693FC6
:40A6400067C8D3BE3CBF683F4136D5BE396B683F99A3D6BEA816683F6B10D8BE87C1673FB97CD9BED86B673F80E8DABE9915673FC153DCBECCBE663F79BEDDBE7167663FBA
:40A68000A928DFBE880F663F4F92E0BE10B7653F6AFBE1BE0B5E653FFA63E3BE7904653FFECBE4BE59AA643F7533E6BEAC4F643F5D9AE7BE73F4633FB700E9BEAC98633FF2
:40A6C0008166EABE5A3C633FBBCBEBBE7BDF623F6330EDBE1082623F7994EEBE1A24623FFBF7EFBE98C5613FEA5AF1BE8A66613F43BDF2BEF206613F071FF4BECFA6603F0D
:40A700003580F5BE2146603FCBE0F6BEE9E45F3FC840F8BE27835F3F2DA0F9BEDB205F3FF7FEFABE05BE5E3F275DFCBEA65A5E3FBBBAFDBEBEF65D3FB217FFBE4D925D3F55
:40A74000063A00BF532D5D3FE4E700BFD1C75C3F739501BFC7615C3FB14202BF34FB5B3F9FEF02BF1A945B3F3D9C03BF792C5B3F894804BF50C45A3F84F404BFA05B5A3F78
:40A780002CA005BF6AF2593F824B06BFAD88593F86F606BF6A1E593F36A107BFA1B3583F924B08BF5348583F9BF508BF7FDC573F4E9F09BF2670573FAD480ABF4803573F2F
:40A7C000B7F10ABFE595563F6B9A0BBFFE27563FC9420CBF93B9553FD0EA0CBFA44A553F81920DBF31DB543FDA390EBF3B6B543FDBE00EBFC3FA533F84870FBFC789533F6A
:40A80000D52D10BF4918533FCDD310BF49A6523F6B7911BFC633523FB01E12BFC2C0513F9AC312BF3D4D513F2A6813BF37D9503F5F0C14BFAF64503F39B014BFA8EF4F3F6A
:40A84000B75315BF1F7A4F3FD9F615BF17044F3F9F9916BF908D4E3F073C17BF89164E3F12DE17BF029F4D3FC07F18BFFD264D3F0F2119BF79AE4C3F00C219BF78354C3F47
:40A8800093621ABFF8BB4B3FC6021BBFFA414B3F99A21BBF7FC74A3F0C421CBF874C4A3F1FE11CBF12D1493FD17F1DBF2155493F221E1EBFB3D8483F12BC1EBFCA5B483FC7
:40A8C0009F591FBF65DE473FCBF61FBF8560473F939320BF2AE2463FF92F21BF5463463FFBCB21BF03E4453F996722BF3964453FD30223BFF5E3443FA99D23BF3763443F6B
:40A900001A3824BF00E2433F25D224BF5160433FCB6B25BF29DE423F0A0526BF895B423FE39D26BF70D8413F563627BFE154413F61CE27BFDAD0403F056628BF5C4C403F6B
:40A9400041FD28BF67C73F3F159429BFFC413F3F802A2ABF1BBC3E3F82C02ABFC5353E3F1B562BBFF9AE3D3F4AEB2BBFB8273D3F0F802CBF03A03C3F69142DBFD9173C3FCD
:40A9800059A82DBF3B8F3B3FDE3B2EBF29063B3FF7CE2EBFA47C3A3FA5612FBFACF2393FE6F32FBF4268393FBB8530BF65DD383F221731BF1652383F1DA831BF55C6373F43
:40A9C000AA3832BF233A373FC9C832BF7FAD363F7A5833BF6C20363FBCE733BFE792353F8F7634BFF304353FF30435BF8F76343FE79235BFBCE7333F6C2036BF7A58333F3A
:40AA00007FAD36BFC9C8323F233A37BFAA38323F55C637BF1DA8313F165238BF2217313F65DD38BFBB85303F426839BFE6F32F3FACF239BFA5612F3FA47C3ABFF7CE2E3FD9
:40AA400029063BBFDE3B2E3F3B8F3BBF59A82D3FD9173CBF69142D3F03A03CBF0F802C3FB8273DBF4AEB2B3FF9AE3DBF1B562B3FC5353EBF82C02A3F1BBC3EBF802A2A3F09
:40AA8000FC413FBF1594293F67C73FBF41FD283F5C4C40BF0566283FDAD040BF61CE273FE15441BF5636273F70D841BFE39D263F895B42BF0A05263F29DE42BFCB6B253F73
:40AAC000516043BF25D2243F00E243BF1A38243F376344BFA99D233FF5E344BFD302233F396445BF9967223F03E445BFFBCB213F546346BFF92F213F2AE246BF9393203F6C
:40AB0000856047BFCBF61F3F65DE47BF9F591F3FCA5B48BF12BC1E3FB3D848BF221E1E3F215549BFD17F1D3F12D149BF1FE11C3F874C4ABF0C421C3F7FC74ABF99A21B3F0D
:40AB4000FA414BBFC6021B3FF8BB4BBF93621A3F78354CBF00C2193F79AE4CBF0F21193FFD264DBFC07F183F029F4DBF12DE173F89164EBF073C173F908D4EBF9F99163F23
:40AB800017044FBFD9F6153F1F7A4FBFB753153FA8EF4FBF39B0143FAF6450BF5F0C143F37D950BF2A68133F3D4D51BF9AC3123FC2C051BFB01E123FC63352BF6B79113F49
:40ABC00049A652BFCDD3103F491853BFD52D103FC78953BF84870F3FC3FA53BFDBE00E3F3B6B54BFDA390E3F31DB54BF81920D3FA44A55BFD0EA0C3F93B955BFC9420C3FBC
:40AC0000FE2756BF6B9A0B3FE59556BFB7F10A3F480357BFAD480A3F267057BF4E9F093F7FDC57BF9BF5083F534858BF924B083FA1B358BF36A1073F6A1E59BF86F6063F84
:40AC4000AD8859BF824B063F6AF259BF2CA0053FA05B5ABF84F4043F50C45ABF8948043F792C5BBF3D9C033F1A945BBF9FEF023F34FB5BBFB142023FC7615CBF7395013F68
:40AC8000D1C75CBFE4E7003F532D5DBF063A003F4D925DBFB217FF3EBEF65DBFBBBAFD3EA65A5EBF275DFC3E05BE5EBFF7FEFA3EDB205FBF2DA0F93E27835FBFC840F83E30
:40ACC000E9E45FBFCBE0F63E214660BF3580F53ECFA660BF071FF43EF20661BF43BDF23E8A6661BFEA5AF13E98C561BFFBF7EF3E1A2462BF7994EE3E108262BF6330ED3EC0
:40AD00007BDF62BFBBCBEB3E5A3C63BF8166EA3EAC9863BFB700E93E73F463BF5D9AE73EAC4F64BF7533E63E59AA64BFFECBE43E790465BFFA63E33E0B5E65BF6AFBE13E0E
:40AD400010B765BF4F92E03E880F66BFA928DF3E716766BF79BEDD3ECCBE66BFC153DC3E991567BF80E8DA3ED86B67BFB97CD93E87C167BF6B10D83EA81668BF99A3D63ED6
:40AD8000396B68BF4136D53E3CBF68BF67C8D33EAE1269BF095AD23E916569BF2AEBD03EE4B769BFCA7BCF3EA7096ABFEA0BCE3ED95A6ABF8B9BCC3E7BAB6ABFAE2ACB3E95
:40ADC0008CFB6ABF53B9C93E0C4B6BBF7C47C83EFB996BBF29D5C63E58E86BBF5C62C53E24366CBF15EFC33E5E836CBF557BC23E07D06CBF1E07C13E1D1C6DBF6F92BF3E6C
:40AE0000A1676DBF4A1DBE3E93B26DBFAFA7BC3EF2FC6DBFA031BB3EBE466EBF1EBBB93EF88F6EBF2A44B83E9ED86EBFC3CCB63EB0206FBFEC54B53E30686FBFA5DCB33E2E
:40AE40001BAF6FBFEF63B23E73F56FBFCBEAB03E373B70BF3A71AF3E668070BF3CF7AD3E02C570BFD47CAC3E080971BF0102AB3E7A4C71BFC486A93E578F71BF1F0BA83E49
:40AE80009FD171BF128FA63E521372BF9F12A53E705472BFC595A33EF89472BF8718A23EEBD472BFE59AA03E471473BFDF1C9F3E0E5373BF789E9D3E3F9173BFAF1F9C3EF7
:40AEC000D9CE73BF86A09A3EDD0B74BFFE20993E4B4874BF17A1973E228474BFD220963E62BF74BF31A0943E0BFA74BF351F933E1D3475BFDD9D913E976D75BF2C1C903E09
:40AF00007BA675BF229A8E3EC6DE75BFC0178D3E7A1676BF07958B3E974D76BFF8118A3E1B8476BF938E883E07BA76BFDA0A873E5BEF76BFCE86853E172477BF7002843E11
:40AF40003A5877BFC07D823EC58B77BFC0F8803EB7BE77BFE1E67E3E10F177BFA4DB7B3ED12278BFCCCF783EF85378BF5AC3753E868478BF51B6723E7BB478BFB2A86F3E41
:40AF8000D6E378BF7F9A6C3E981279BFBA8B693EC04079BF667C663E4E6E79BF836C633E439B79BF135C603E9DC779BF1A4B5D3E5EF379BF97395A3E841E7ABF8F27573EF8
:40AFC00010497ABF0115543E02737ABFF101513E599C7ABF60EE4D3E16C57ABF4FDA4A3E37ED7ABFC2C5473EBE147BBFB9B0443EAB3B7BBF379B413EFC617BBF3E853E3E75
:40B00000B2877BBFCF6E3B3ECDAC7BBFEC57383E4DD17BBF9840353E31F57BBFD428323E7A187CBFA2102F3E283B7CBF04F82B3E3A5D7CBFFCDE283EB07E7CBF8CC5253EEE
:40B040008A9F7CBFB6AB223EC9BF7CBF7B911F3E6CDF7CBFDE761C3E73FE7CBFE05B193EDD1C7DBF8340163EAC3A7DBFCA24133EDE577DBFB708103E74747DBF4AEC0C3E3E
:40B080006E907DBF86CF093ECCAB7DBF6EB2063E8CC67DBF0295033EB1E07DBF4577003E38FA7DBF73B2FA3D24137EBFC075F43D722B7EBF7638EE3D23437EBF9AFAE73DC4
:40B0C000385A7EBF2EBCE13DB0707EBF377DDB3D8B867EBFB93DD53DC99B7EBFB7FDCE3D69B07EBF36BDC83D6DC47EBF397CC23DD4D77EBFC33ABC3D9DEA7EBFDAF8B53DC4
:40B10000C9FC7EBF80B6AF3D580E7FBFBA73A93D491F7FBF8C30A33D9D2F7FBFF9EC9C3D543F7FBF05A9963D6D4E7FBFB464903DE95C7FBF0A208A3DC76A7FBF0ADB833D72
:40B1400008787FBF742B7B3DAB847FBF38A06E3DB1907FBF6814623D189C7FBF0E88553DE3A67FBF2FFB483D0FB17FBFD56D3C3D9EBA7FBF07E02F3D8FC37FBFCC51233DF1
:40B18000E2CB7FBF2CC3163D98D37FBF2F340A3DAFDA7FBFB949FB3C29E17FBF7B2AE23C05E77FBFB00AC93C43EC7FBF69EAAF3CE3F07FBFB6C9963CE6F47FBF4B517B3CA3
:40B1C0004AF87FBF900E493C11FB7FBF59CB163C39FD7FBF890FC93BC4FE7FBFC70F493BB1FF7FBF000000000000803F890FC93BC4FE7F3F900E493C11FB7F3FB6C9963C7B
:40B20000E6F47F3FB00AC93C43EC7F3FB949FB3C29E17F3F2CC3163D98D37F3F07E02F3D8FC37F3F2FFB483D0FB17F3F6814623D189C7F3F742B7B3DAB847F3F0A208A3D0C
:40B24000C76A7F3F05A9963D6D4E7F3F8C30A33D9D2F7F3F80B6AF3D580E7F3FC33ABC3D9DEA7E3F36BDC83D6DC47E3FB93DD53DC99B7E3F2EBCE13DB0707E3F7638EE3D72
:40B2800023437E3F73B2FA3D24137E3F0295033EB1E07D3F86CF093ECCAB7D3FB708103E74747D3F8340163EAC3A7D3FDE761C3E73FE7C3FB6AB223EC9BF7C3FFCDE283E9F
:40B2C000B07E7C3FA2102F3E283B7C3F9840353E31F57B3FCF6E3B3ECDAC7B3F379B413EFC617B3FC2C5473EBE147B3F60EE4D3E16C57A3F0115543E02737A3F97395A3E69
:40B30000841E7A3F135C603E9DC7793F667C663E4E6E793F7F9A6C3E9812793F51B6723E7BB4783FCCCF783EF853783FE1E67E3E10F1773FC07D823EC58B773FCE86853E26
:40B340001724773F938E883E07BA763F07958B3E974D763F229A8E3EC6DE753FDD9D913E976D753F31A0943E0BFA743F17A1973E2284743F86A09A3EDD0B743F789E9D3ED5
:40B380003F91733FE59AA03E4714733FC595A33EF894723F128FA63E5213723FC486A93E578F713FD47CAC3E0809713F3A71AF3E6680703FEF63B23E73F56F3FEC54B53E14
:40B3C00030686F3F2A44B83E9ED86E3FA031BB3EBE466E3F4A1DBE3E93B26D3F1E07C13E1D1C6D3F15EFC33E5E836C3F29D5C63E58E86B3F53B9C93E0C4B6B3F8B9BCC3EE7
:40B400007BAB6A3FCA7BCF3EA7096A3F095AD23E9165693F4136D53E3CBF683F6B10D83EA816683F80E8DA3ED86B673F79BEDD3ECCBE663F4F92E03E880F663FFA63E33EBC
:40B440000B5E653F7533E63E59AA643FB700E93E73F4633FBBCBEB3E5A3C633F7994EE3E1082623FEA5AF13E98C5613F071FF43EF206613FCBE0F63E2146603F2DA0F93ECA
:40B4800027835F3F275DFC3E05BE5E3FB217FF3EBEF65D3FE4E7003F532D5D3FB142023FC7615C3F3D9C033F1A945B3F84F4043F50C45A3F824B063F6AF2593F36A1073FC5
:40B4C0006A1E593F9BF5083F5348583FAD480A3F2670573F6B9A0B3FE595563FD0EA0C3F93B9553FDA390E3F31DB543F84870F3FC3FA533FCDD3103F4918533FB01E123FCE
:40B50000C633523F2A68133F3D4D513F39B0143FAF64503FD9F6153F1F7A4F3F073C173F908D4E3FC07F183F029F4D3F00C2193F79AE4C3FC6021B3FF8BB4B3F0C421C3F81
:40B540007FC74A3FD17F1D3F12D1493F12BC1E3FB3D8483FCBF61F3F65DE473FF92F213F2AE2463F9967223F03E4453FA99D233FF5E3443F25D2243F00E2433F0A05263FA6
:40B5800029DE423F5636273F70D8413F0566283FDAD0403F1594293F67C73F3F82C02A3F1BBC3E3F4AEB2B3FF9AE3D3F69142D3F03A03C3FDE3B2E3F3B8F3B3FA5612F3F8B
:40B5C000A47C3A3FBB85303F4268393F1DA8313F1652383FC9C8323F233A373FBCE7333F6C20363FF304353FF304353F6C20363FBCE7333F233A373FC9C8323F1652383F42
:40B600001DA8313F4268393FBB85303FA47C3A3FA5612F3F3B8F3B3FDE3B2E3F03A03C3F69142D3FF9AE3D3F4AEB2B3F1BBC3E3F82C02A3F67C73F3F1594293FDAD0403F7F
:40B640000566283F70D8413F5636273F29DE423F0A05263F00E2433F25D2243FF5E3443FA99D233F03E4453F9967223F2AE2463FF92F213F65DE473FCBF61F3FB3D8483FA2
:40B6800012BC1E3F12D1493FD17F1D3F7FC74A3F0C421C3FF8BB4B3FC6021B3F79AE4C3F00C2193F029F4D3FC07F183F908D4E3F073C173F1F7A4F3FD9F6153FAF64503FB3
:40B6C00039B0143F3D4D513F2A68133FC633523FB01E123F4918533FCDD3103FC3FA533F84870F3F31DB543FDA390E3F93B9553FD0EA0C3FE595563F6B9A0B3F2670573F6F
:40B70000AD480A3F5348583F9BF5083F6A1E593F36A1073F6AF2593F824B063F50C45A3F84F4043F1A945B3F3D9C033FC7615C3FB142023F532D5D3FE4E7003FBEF65D3F47
:40B74000B217FF3E05BE5E3F275DFC3E27835F3F2DA0F93E2146603FCBE0F63EF206613F071FF43E98C5613FEA5AF13E1082623F7994EE3E5A3C633FBBCBEB3E73F4633FB8
:40B78000B700E93E59AA643F7533E63E0B5E653FFA63E33E880F663F4F92E03ECCBE663F79BEDD3ED86B673F80E8DA3EA816683F6B10D83E3CBF683F4136D53E9165693FC9
:40B7C000095AD23EA7096A3FCA7BCF3E7BAB6A3F8B9BCC3E0C4B6B3F53B9C93E58E86B3F29D5C63E5E836C3F15EFC33E1D1C6D3F1E07C13E93B26D3F4A1DBE3EBE466E3F8D
:40B80000A031BB3E9ED86E3F2A44B83E30686F3FEC54B53E73F56F3FEF63B23E6680703F3A71AF3E0809713FD47CAC3E578F713FC486A93E5213723F128FA63EF894723F1F
:40B84000C595A33E4714733FE59AA03E3F91733F789E9D3EDD0B743F86A09A3E2284743F17A1973E0BFA743F31A0943E976D753FDD9D913EC6DE753F229A8E3E974D763F5C
:40B8800007958B3E07BA763F938E883E1724773FCE86853EC58B773FC07D823E10F1773FE1E67E3EF853783FCCCF783E7BB4783F51B6723E9812793F7F9A6C3E4E6E793FF8
:40B8C000667C663E9DC7793F135C603E841E7A3F97395A3E02737A3F0115543E16C57A3F60EE4D3EBE147B3FC2C5473EFC617B3F379B413ECDAC7B3FCF6E3B3E31F57B3FCA
:40B900009840353E283B7C3FA2102F3EB07E7C3FFCDE283EC9BF7C3FB6AB223E73FE7C3FDE761C3EAC3A7D3F8340163E74747D3FB708103ECCAB7D3F86CF093EB1E07D3FF2
:40B940000295033E24137E3F73B2FA3D23437E3F7638EE3DB0707E3F2EBCE13DC99B7E3FB93DD53D6DC47E3F36BDC83D9DEA7E3FC33ABC3D580E7F3F80B6AF3D9D2F7F3FA5
:40B980008C30A33D6D4E7F3F05A9963DC76A7F3F0A208A3DAB847F3F742B7B3D189C7F3F6814623D0FB17F3F2FFB483D8FC37F3F07E02F3D98D37F3F2CC3163D29E17F3F7D
:40B9C000B949FB3C43EC7F3FB00AC93CE6F47F3FB6C9963C11FB7F3F900E493CC4FE7F3F890FC93B0000803F00000000C4FE7F3F890FC9BB11FB7F3F900E49BCE6F47F3F10
:40BA0000B6C996BC43EC7F3FB00AC9BC29E17F3FB949FBBC98D37F3F2CC316BD8FC37F3F07E02FBD0FB17F3F2FFB48BD189C7F3F681462BDAB847F3F742B7BBDC76A7F3F4D
:40BA40000A208ABD6D4E7F3F05A996BD9D2F7F3F8C30A3BD580E7F3F80B6AFBD9DEA7E3FC33ABCBD6DC47E3F36BDC8BDC99B7E3FB93DD5BDB0707E3F2EBCE1BD23437E3F1E
:40BA80007638EEBD24137E3F73B2FABDB1E07D3F029503BECCAB7D3F86CF09BE74747D3FB70810BEAC3A7D3F834016BE73FE7C3FDE761CBEC9BF7C3FB6AB22BEB07E7C3F38
:40BAC000FCDE28BE283B7C3FA2102FBE31F57B3F984035BECDAC7B3FCF6E3BBEFC617B3F379B41BEBE147B3FC2C547BE16C57A3F60EE4DBE02737A3F011554BE841E7A3F17
:40BB000097395ABE9DC7793F135C60BE4E6E793F667C66BE9812793F7F9A6CBE7BB4783F51B672BEF853783FCCCF78BE10F1773FE1E67EBEC58B773FC07D82BE1724773F37
:40BB4000CE8685BE07BA763F938E88BE974D763F07958BBEC6DE753F229A8EBE976D753FDD9D91BE0BFA743F31A094BE2284743F17A197BEDD0B743F86A09ABE3F91733F16
:40BB8000789E9DBE4714733FE59AA0BEF894723FC595A3BE5213723F128FA6BE578F713FC486A9BE0809713FD47CACBE6680703F3A71AFBE73F56F3FEF63B2BE30686F3F8A
:40BBC000EC54B5BE9ED86E3F2A44B8BEBE466E3FA031BBBE93B26D3F4A1DBEBE1D1C6D3F1E07C1BE5E836C3F15EFC3BE58E86B3F29D5C6BE0C4B6B3F53B9C9BE7BAB6A3F53
:40BC00008B9BCCBEA7096A3FCA7BCFBE9165693F095AD2BE3CBF683F4136D5BEA816683F6B10D8BED86B673F80E8DABECCBE663F79BEDDBE880F663F4F92E0BE0B5E653FC4
:40BC4000FA63E3BE59AA643F7533E6BE73F4633FB700E9BE5A3C633FBBCBEBBE1082623F7994EEBE98C5613FEA5AF1BEF206613F071FF4BE2146603FCBE0F6BE27835F3F0D
:40BC80002DA0F9BE05BE5E3F275DFCBEBEF65D3FB217FFBE532D5D3FE4E700BFC7615C3FB14202BF1A945B3F3D9C03BF50C45A3F84F404BF6AF2593F824B06BF6A1E593FFE
:40BCC00036A107BF5348583F9BF508BF2670573FAD480ABFE595563F6B9A0BBF93B9553FD0EA0CBF31DB543FDA390EBFC3FA533F84870FBF4918533FCDD310BFC633523F5E
:40BD0000B01E12BF3D4D513F2A6813BFAF64503F39B014BF1F7A4F3FD9F615BF908D4E3F073C17BF029F4D3FC07F18BF79AE4C3F00C219BFF8BB4B3FC6021BBF7FC74A3FBE
:40BD40000C421CBF12D1493FD17F1DBFB3D8483F12BC1EBF65DE473FCBF61FBF2AE2463FF92F21BF03E4453F996722BFF5E3443FA99D23BF00E2433F25D224BF29DE423FB0
:40BD80000A0526BF70D8413F563627BFDAD0403F056628BF67C73F3F159429BF1BBC3E3F82C02ABFF9AE3D3F4AEB2BBF03A03C3F69142DBF3B8F3B3FDE3B2EBFA47C3A3F72
:40BDC000A5612FBF4268393FBB8530BF1652383F1DA831BF233A373FC9C832BF6C20363FBCE733BFF304353FF30435BFBCE7333F6C2036BFC9C8323F233A37BF1DA8313F09
:40BE0000165238BFBB85303F426839BFA5612F3FA47C3ABFDE3B2E3F3B8F3BBF69142D3F03A03CBF4AEB2B3FF9AE3DBF82C02A3F1BBC3EBF1594293F67C73FBF0566283F24
:40BE4000DAD040BF5636273F70D841BF0A05263F29DE42BF25D2243F00E243BFA99D233FF5E344BF9967223F03E445BFF92F213F2AE246BFCBF61F3F65DE47BF12BC1E3F2A
:40BE8000B3D848BFD17F1D3F12D149BF0C421C3F7FC74ABFC6021B3FF8BB4BBF00C2193F79AE4CBFC07F183F029F4DBF073C173F908D4EBFD9F6153F1F7A4FBF39B0143F2A
:40BEC000AF6450BF2A68133F3D4D51BFB01E123FC63352BFCDD3103F491853BF84870F3FC3FA53BFDA390E3F31DB54BFD0EA0C3F93B955BF6B9A0B3FE59556BFAD480A3FEF
:40BF0000267057BF9BF5083F534858BF36A1073F6A1E59BF824B063F6AF259BF84F4043F50C45ABF3D9C033F1A945BBFB142023FC7615CBFE4E7003F532D5DBFB217FF3E9B
:40BF4000BEF65DBF275DFC3E05BE5EBF2DA0F93E27835FBFCBE0F63E214660BF071FF43EF20661BFEA5AF13E98C561BF7994EE3E108262BFBBCBEB3E5A3C63BFB700E93E91
:40BF800073F463BF7533E63E59AA64BFFA63E33E0B5E65BF4F92E03E880F66BF79BEDD3ECCBE66BF80E8DA3ED86B67BF6B10D83EA81668BF4136D53E3CBF68BF095AD23EC1
:40BFC000916569BFCA7BCF3EA7096ABF8B9BCC3E7BAB6ABF53B9C93E0C4B6BBF29D5C63E58E86BBF15EFC33E5E836CBF1E07C13E1D1C6DBF4A1DBE3E93B26DBFA031BB3E41
:40C00000BE466EBF2A44B83E9ED86EBFEC54B53E30686FBFEF63B23E73F56FBF3A71AF3E668070BFD47CAC3E080971BFC486A93E578F71BF128FA63E521372BFC595A33E32
:40C04000F89472BFE59AA03E471473BF789E9D3E3F9173BF86A09A3EDD0B74BF17A1973E228474BF31A0943E0BFA74BFDD9D913E976D75BF229A8E3EC6DE75BF07958B3E86
:40C08000974D76BF938E883E07BA76BFCE86853E172477BFC07D823EC58B77BFE1E67E3E10F177BFCCCF783EF85378BF51B6723E7BB478BF7F9A6C3E981279BF667C663EAA
:40C0C0004E6E79BF135C603E9DC779BF97395A3E841E7ABF0115543E02737ABF60EE4D3E16C57ABFC2C5473EBE147BBF379B413EFC617BBFCF6E3B3ECDAC7BBF9840353E69
:40C1000031F57BBFA2102F3E283B7CBFFCDE283EB07E7CBFB6AB223EC9BF7CBFDE761C3E73FE7CBF8340163EAC3A7DBFB708103E74747DBF86CF093ECCAB7DBF0295033ECA
:40C14000B1E07DBF73B2FA3D24137EBF7638EE3D23437EBF2EBCE13DB0707EBFB93DD53DC99B7EBF36BDC83D6DC47EBFC33ABC3D9DEA7EBF80B6AF3D580E7FBF8C30A33D16
:40C180009D2F7FBF05A9963D6D4E7FBF0A208A3DC76A7FBF742B7B3DAB847FBF6814623D189C7FBF2FFB483D0FB17FBF07E02F3D8FC37FBF2CC3163D98D37FBFB949FB3C16
:40C1C00029E17FBFB00AC93C43EC7FBFB6C9963CE6F47FBF900E493C11FB7FBF890FC93BC4FE7FBF000000000000803F900E493C11FB7F3FB00AC93C43EC7F3F2CC3163DBF
:40C2000098D37F3F2FFB483D0FB17F3F742B7B3DAB847F3F05A9963D6D4E7F3F80B6AF3D580E7F3F36BDC83D6DC47E3F2EBCE13DB0707E3F73B2FA3D24137E3F86CF093E6D
:40C24000CCAB7D3F8340163EAC3A7D3FB6AB223EC9BF7C3FA2102F3E283B7C3FCF6E3B3ECDAC7B3FC2C5473EBE147B3F0115543E02737A3F135C603E9DC7793F7F9A6C3E4E
:40C280009812793FCCCF783EF853783FC07D823EC58B773F938E883E07BA763F229A8E3EC6DE753F31A0943E0BFA743F86A09A3EDD0B743FE59AA03E4714733F128FA63EA6
:40C2C0005213723FD47CAC3E0809713FEF63B23E73F56F3F2A44B83E9ED86E3F4A1DBE3E93B26D3F15EFC33E5E836C3F53B9C93E0C4B6B3FCA7BCF3EA7096A3F4136D53E20
:40C300003CBF683F80E8DA3ED86B673F4F92E03E880F663F7533E63E59AA643FBBCBEB3E5A3C633FEA5AF13E98C5613FCBE0F63E2146603F275DFC3E05BE5E3FE4E7003FE1
:40C34000532D5D3F3D9C033F1A945B3F824B063F6AF2593F9BF5083F5348583F6B9A0B3FE595563FDA390E3F31DB543FCDD3103F4918533F2A68133F3D4D513FD9F6153FCF
:40C380001F7A4F3FC07F183F029F4D3FC6021B3FF8BB4B3FD17F1D3F12D1493FCBF61F3F65DE473F9967223F03E4453F25D2243F00E2433F5636273F70D8413F1594293FE0
:40C3C00067C73F3F4AEB2B3FF9AE3D3FDE3B2E3F3B8F3B3FBB85303F4268393FC9C8323F233A373FF304353FF304353F233A373FC9C8323F4268393FBB85303F3B8F3B3F9F
:40C40000DE3B2E3FF9AE3D3F4AEB2B3F67C73F3F1594293F70D8413F5636273F00E2433F25D2243F03E4453F9967223F65DE473FCBF61F3F12D1493FD17F1D3FF8BB4B3F77
:40C44000C6021B3F029F4D3FC07F183F1F7A4F3FD9F6153F3D4D513F2A68133F4918533FCDD3103F31DB543FDA390E3FE595563F6B9A0B3F5348583F9BF5083F6AF2593F53
:40C48000824B063F1A945B3F3D9C033F532D5D3FE4E7003F05BE5E3F275DFC3E2146603FCBE0F63E98C5613FEA5AF13E5A3C633FBBCBEB3E59AA643F7533E63E880F663FD9
:40C4C0004F92E03ED86B673F80E8DA3E3CBF683F4136D53EA7096A3FCA7BCF3E0C4B6B3F53B9C93E5E836C3F15EFC33E93B26D3F4A1DBE3E9ED86E3F2A44B83E73F56F3F67
:40C50000EF63B23E0809713FD47CAC3E5213723F128FA63E4714733FE59AA03EDD0B743F86A09A3E0BFA743F31A0943EC6DE753F229A8E3E07BA763F938E883EC58B773F82
:40C54000C07D823EF853783FCCCF783E9812793F7F9A6C3E9DC7793F135C603E02737A3F0115543EBE147B3FC2C5473ECDAC7B3FCF6E3B3E283B7C3FA2102F3EC9BF7C3F46
:40C58000B6AB223EAC3A7D3F8340163ECCAB7D3F86CF093E24137E3F73B2FA3DB0707E3F2EBCE13D6DC47E3F36BDC83D580E7F3F80B6AF3D6D4E7F3F05A9963DAB847F3FEA
:40C5C000742B7B3D0FB17F3F2FFB483D98D37F3F2CC3163D43EC7F3FB00AC93C11FB7F3F900E493C0000803F0000000011FB7F3F900E49BC43EC7F3FB00AC9BC98D37F3F32
:40C600002CC316BD0FB17F3F2FFB48BDAB847F3F742B7BBD6D4E7F3F05A996BD580E7F3F80B6AFBD6DC47E3F36BDC8BDB0707E3F2EBCE1BD24137E3F73B2FABDCCAB7D3FB9
:40C6400086CF09BEAC3A7D3F834016BEC9BF7C3FB6AB22BE283B7C3FA2102FBECDAC7B3FCF6E3BBEBE147B3FC2C547BE02737A3F011554BE9DC7793F135C60BE9812793F42
:40C680007F9A6CBEF853783FCCCF78BEC58B773FC07D82BE07BA763F938E88BEC6DE753F229A8EBE0BFA743F31A094BEDD0B743F86A09ABE4714733FE59AA0BE5213723FB0
:40C6C000128FA6BE0809713FD47CACBE73F56F3FEF63B2BE9ED86E3F2A44B8BE93B26D3F4A1DBEBE5E836C3F15EFC3BE0C4B6B3F53B9C9BEA7096A3FCA7BCFBE3CBF683F95
:40C700004136D5BED86B673F80E8DABE880F663F4F92E0BE59AA643F7533E6BE5A3C633FBBCBEBBE98C5613FEA5AF1BE2146603FCBE0F6BE05BE5E3F275DFCBE532D5D3FE3
:40C74000E4E700BF1A945B3F3D9C03BF6AF2593F824B06BF5348583F9BF508BFE595563F6B9A0BBF31DB543FDA390EBF4918533FCDD310BF3D4D513F2A6813BF1F7A4F3FD9
:40C78000D9F615BF029F4D3FC07F18BFF8BB4B3FC6021BBF12D1493FD17F1DBF65DE473FCBF61FBF03E4453F996722BF00E2433F25D224BF70D8413F563627BF67C73F3F45
:40C7C000159429BFF9AE3D3F4AEB2BBF3B8F3B3FDE3B2EBF4268393FBB8530BF233A373FC9C832BFF304353FF30435BFC9C8323F233A37BFBB85303F426839BFDE3B2E3FF4
:40C800003B8F3BBF4AEB2B3FF9AE3DBF1594293F67C73FBF5636273F70D841BF25D2243F00E243BF9967223F03E445BFCBF61F3F65DE47BFD17F1D3F12D149BFC6021B3FD0
:40C84000F8BB4BBFC07F183F029F4DBFD9F6153F1F7A4FBF2A68133F3D4D51BFCDD3103F491853BFDA390E3F31DB54BF6B9A0B3FE59556BF9BF5083F534858BF824B063F16
:40C880006AF259BF3D9C033F1A945BBFE4E7003F532D5DBF275DFC3E05BE5EBFCBE0F63E214660BFEA5AF13E98C561BFBBCBEB3E5A3C63BF7533E63E59AA64BF4F92E03E30
:40C8C000880F66BF80E8DA3ED86B67BF4136D53E3CBF68BFCA7BCF3EA7096ABF53B9C93E0C4B6BBF15EFC33E5E836CBF4A1DBE3E93B26DBF2A44B83E9ED86EBFEF63B23EFA
:40C9000073F56FBFD47CAC3E080971BF128FA63E521372BFE59AA03E471473BF86A09A3EDD0B74BF31A0943E0BFA74BF229A8E3EC6DE75BF938E883E07BA76BFC07D823EB3
:40C94000C58B77BFCCCF783EF85378BF7F9A6C3E981279BF135C603E9DC779BF0115543E02737ABFC2C5473EBE147BBFCF6E3B3ECDAC7BBFA2102F3E283B7CBFB6AB223EBB
:40C98000C9BF7CBF8340163EAC3A7DBF86CF093ECCAB7DBF73B2FA3D24137EBF2EBCE13DB0707EBF36BDC83D6DC47EBF80B6AF3D580E7FBF05A9963D6D4E7FBF742B7B3DFA
:40C9C000AB847FBF2FFB483D0FB17FBF2CC3163D98D37FBFB00AC93C43EC7FBF900E493C11FB7FBF000000000000803FB00AC93C43EC7F3F2FFB483D0FB17F3F05A9963D80
:40CA00006D4E7F3F36BDC83D6DC47E3F73B2FA3D24137E3F8340163EAC3A7D3FA2102F3E283B7C3FC2C5473EBE147B3F135C603E9DC7793FCCCF783EF853783F938E883E56
:40CA400007BA763F31A0943E0BFA743FE59AA03E4714733FD47CAC3E0809713F2A44B83E9ED86E3F15EFC33E5E836C3FCA7BCF3EA7096A3F80E8DA3ED86B673F7533E63E88
:40CA800059AA643FEA5AF13E98C5613F275DFC3E05BE5E3F3D9C033F1A945B3F9BF5083F5348583FDA390E3F31DB543F2A68133F3D4D513FC07F183F029F4D3FD17F1D3F6A
:40CAC00012D1493F9967223F03E4453F5636273F70D8413F4AEB2B3FF9AE3D3FBB85303F4268393FF304353FF304353F4268393FBB85303FF9AE3D3F4AEB2B3F70D8413F81
:40CB00005636273F03E4453F9967223F12D1493FD17F1D3F029F4D3FC07F183F3D4D513F2A68133F31DB543FDA390E3F5348583F9BF5083F1A945B3F3D9C033F05BE5E3F94
:40CB4000275DFC3E98C5613FEA5AF13E59AA643F7533E63ED86B673F80E8DA3EA7096A3FCA7BCF3E5E836C3F15EFC33E9ED86E3F2A44B83E0809713FD47CAC3E4714733FE1
:40CB8000E59AA03E0BFA743F31A0943E07BA763F938E883EF853783FCCCF783E9DC7793F135C603EBE147B3FC2C5473E283B7C3FA2102F3EAC3A7D3F8340163E24137E3F62
:40CBC00073B2FA3D6DC47E3F36BDC83D6D4E7F3F05A9963D0FB17F3F2FFB483D43EC7F3FB00AC93C0000803F0000000043EC7F3FB00AC9BC0FB17F3F2FFB48BD6D4E7F3F0F
:40CC000005A996BD6DC47E3F36BDC8BD24137E3F73B2FABDAC3A7D3F834016BE283B7C3FA2102FBEBE147B3FC2C547BE9DC7793F135C60BEF853783FCCCF78BE07BA763FBD
:40CC4000938E88BE0BFA743F31A094BE4714733FE59AA0BE0809713FD47CACBE9ED86E3F2A44B8BE5E836C3F15EFC3BEA7096A3FCA7BCFBED86B673F80E8DABE59AA643F3B
:40CC80007533E6BE98C5613FEA5AF1BE05BE5E3F275DFCBE1A945B3F3D9C03BF5348583F9BF508BF31DB543FDA390EBF3D4D513F2A6813BF029F4D3FC07F18BF12D1493F83
:40CCC000D17F1DBF03E4453F996722BF70D8413F563627BFF9AE3D3F4AEB2BBF4268393FBB8530BFF304353FF30435BFBB85303F426839BF4AEB2B3FF9AE3DBF5636273F14
:40CD000070D841BF9967223F03E445BFD17F1D3F12D149BFC07F183F029F4DBF2A68133F3D4D51BFDA390E3F31DB54BF9BF5083F534858BF3D9C033F1A945BBF275DFC3E5E
:40CD400005BE5EBFEA5AF13E98C561BF7533E63E59AA64BF80E8DA3ED86B67BFCA7BCF3EA7096ABF15EFC33E5E836CBF2A44B83E9ED86EBFD47CAC3E080971BFE59AA03EED
:40CD8000471473BF31A0943E0BFA74BF938E883E07BA76BFCCCF783EF85378BF135C603E9DC779BFC2C5473EBE147BBFA2102F3E283B7CBF8340163EAC3A7DBF73B2FA3D48
:40CDC00024137EBF36BDC83D6DC47EBF05A9963D6D4E7FBF2FFB483D0FB17FBFB00AC93C43EC7FBF000000000000803F2FFB483D0FB17F3F36BDC83D6DC47E3F8340163E1D
:40CE0000AC3A7D3FC2C5473EBE147B3FCCCF783EF853783F31A0943E0BFA743FD47CAC3E0809713F15EFC33E5E836C3F80E8DA3ED86B673FEA5AF13E98C5613F3D9C033F8A
:40CE40001A945B3FDA390E3F31DB543FC07F183F029F4D3F9967223F03E4453F4AEB2B3FF9AE3D3FF304353FF304353FF9AE3D3F4AEB2B3F03E4453F9967223F029F4D3F89
:40CE8000C07F183F31DB543FDA390E3F1A945B3F3D9C033F98C5613FEA5AF13ED86B673F80E8DA3E5E836C3F15EFC33E0809713FD47CAC3E0BFA743F31A0943EF853783FB8
:40CEC000CCCF783EBE147B3FC2C5473EAC3A7D3F8340163E6DC47E3F36BDC83D0FB17F3F2FFB483D0000803F000000000FB17F3F2FFB48BD6DC47E3F36BDC8BDAC3A7D3F09
:40CF0000834016BEBE147B3FC2C547BEF853783FCCCF78BE0BFA743F31A094BE0809713FD47CACBE5E836C3F15EFC3BED86B673F80E8DABE98C5613FEA5AF1BE1A945B3FE7
:40CF40003D9C03BF31DB543FDA390EBF029F4D3FC07F18BF03E4453F996722BFF9AE3D3F4AEB2BBFF304353FF30435BF4AEB2B3FF9AE3DBF9967223F03E445BFC07F183F4C
:40CF8000029F4DBFDA390E3F31DB54BF3D9C033F1A945BBFEA5AF13E98C561BF80E8DA3ED86B67BF15EFC33E5E836CBFD47CAC3E080971BF31A0943E0BFA74BFCCCF783ED1
:40CFC000F85378BFC2C5473EBE147BBF8340163EAC3A7DBF36BDC83D6DC47EBF2FFB483D0FB17FBF000000000000803F36BDC83D6DC47E3FC2C5473EBE147B3F31A0943E6B
:40D000000BFA743F15EFC33E5E836C3FEA5AF13E98C5613FDA390E3F31DB543F9967223F03E4453FF304353FF304353F03E4453F9967223F31DB543FDA390E3F98C5613FCE
:40D04000EA5AF13E5E836C3F15EFC33E0BFA743F31A0943EBE147B3FC2C5473E6DC47E3F36BDC83D0000803F000000006DC47E3F36BDC8BDBE147B3FC2C547BE0BFA743FDE
:40D0800031A094BE5E836C3F15EFC3BE98C5613FEA5AF1BE31DB543FDA390EBF03E4453F996722BFF304353FF30435BF9967223F03E445BFDA390E3F31DB54BFEA5AF13EED
:40D0C00098C561BF15EFC33E5E836CBF31A0943E0BFA74BFC2C5473EBE147BBF36BDC83D6DC47EBF000000000000803FC2C5473EBE147B3F15EFC33E5E836C3FDA390E3F01
:40D1000031DB543FF304353FF304353F31DB543FDA390E3F5E836C3F15EFC33EBE147B3FC2C5473E0000803F00000000BE147B3FC2C547BE5E836C3F15EFC3BE31DB543FCB
:40D14000DA390EBFF304353FF30435BFDA390E3F31DB54BF15EFC33E5E836CBFC2C5473EBE147BBF0800001010000020180000302000004028000050300000603800007031
:40D18000400000024800001250000022580000326000004268000052700000627800007280000004880000149000002498000034A0000044A8000054B0000064B8000074FF
:40D1C000C0000006C8000016D0000026D8000036E0000046E8000056F0000066F8000076000100080801001810010028180100382001004828010058300100683801007877
:40D200004001000A4801001A5001002A5801003A6001004A6801005A7001006A7801007A8001000C8801001C9001002C9801003CA001004CA801005CB001006CB801007CEE
:40D24000C001000EC801001ED001002ED801003EE001004EE801005EF001006EF801007E08024010100240201802403020024040280240503002406038024070480240128C
:40D2800050024022580240326002404268024052700240627802407280024004880240149002402498024034A0024044A8024054B0024064B8024074C0024006C8024016D6
:40D2C000D0024026D8024036E0024046E8024056F0024066F802407600034008080340181003402818034038200340482803405830034068380340784003400A4803401A4C
:40D300005003402A5803403A6003404A6803405A7003406A7803407A8003400C8803401C9003402C9803403CA003404CA803405CB003406CB803407CC003400EC803401EC5
:40D34000D003402ED803403EE003404EE803405EF003406EF803407E08048010100480201804803020048040280480503004806038048070480480125004802258048032A1
:40D3800060048042680480527004806278048072880480149004802498048034A0048044A8048054B0048064B8048074C0048006C8048016D0048026D8048036E00480460B
:40D3C000E8048056F0048066F804807600058008080580181005802818058038200580482805805830058068380580784005800A4805801A5005802A5805803A6005804A9C
:40D400006805805A7005806A7805807A8005800C8805801C9005802C9805803CA005804CA805805CB005806CB805807CC005800EC805801ED005802ED805803EE005804E18
:40D44000E805805EF005806EF805807E0806C0101006C0201806C0302006C0402806C0503006C0603806C0704806C0125006C0225806C0326006C0426806C0527006C062D1
:40D480007806C0728806C0149006C0249806C034A006C044A806C054B006C064B806C074C806C016D006C026D806C036E006C046E806C056F006C066F806C0760007C008D3
:40D4C0000807C0181007C0281807C0382007C0482807C0583007C0683807C0784007C00A4807C01A5007C02A5807C03A6007C04A6807C05A7007C06A7807C07A8007C00C68
:40D500008807C01C9007C02C9807C03CA007C04CA807C05CB007C06CB807C07CC007C00EC807C01ED007C02ED807C03EE007C04EE807C05EF007C06EF807C07E080800119D
:40D540001008002118080031200800412808005130080061380800714808001350080023580800336008004368080053700800637808007388080015900800259808003509
:40D58000A0080045A8080055B0080065B8080075C8080017D0080027D8080037E0080047E8080057F0080067F808007708090019100900291809003920090049280900591C
:40D5C00030090069380900794009000B4809001B5009002B5809003B6009004B6809005B7009006B7809007B8009000D8809001D9009002D9809003DA009004DA809005DA3
:40D60000B009006DB809007DC009000FC809001FD009002FD809003FE009004FE809005FF009006FF809007F080A4011100A4021180A4031200A4041280A4051300A40616C
:40D64000380A4071480A4013500A4023580A4033600A4043680A4053700A4063780A4073880A4015900A4025980A4035A00A4045A80A4055B00A4065B80A4075C80A4017CA
:40D68000D00A4027D80A4037E00A4047E80A4057F00A4067F80A4077080B4019100B4029180B4039200B4049280B4059300B4069380B4079480B401B500B402B580B403B3E
:40D6C000600B404B680B405B700B406B780B407B800B400D880B401D900B402D980B403DA00B404DA80B405DB00B406DB80B407DC00B400FC80B401FD00B402FD80B403F6A
:40D70000E00B404FE80B405FF00B406FF80B407F080C8011100C8021180C8031200C8041280C8051300C8061380C8071480C8013500C8023580C8033600C8043680C805383
:40D74000700C8063780C8073880C8015900C8025980C8035A00C8045A80C8055B00C8065B80C8075C80C8017D00C8027D80C8037E00C8047E80C8057F00C8067F80C8077D7
:40D78000080D8019100D8029180D8039200D8049280D8059300D8069380D8079480D801B500D802B580D803B600D804B680D805B700D806B780D807B880D801D900D802DAB
:40D7C000980D803DA00D804DA80D805DB00D806DB80D807DC00D800FC80D801FD00D802FD80D803FE00D804FE80D805FF00D806FF80D807F080EC011100EC021180EC031D2
:40D80000200EC041280EC051300EC061380EC071480EC013500EC023580EC033600EC043680EC053700EC063780EC073880EC015900EC025980EC035A00EC045A80EC0557E
:40D84000B00EC065B80EC075C80EC017D00EC027D80EC037E00EC047E80EC057F00EC067F80EC077080FC019100FC029180FC039200FC049280FC059300FC069380FC0798F
:40D88000480FC01B500FC02B580FC03B600FC04B680FC05B700FC06B780FC07B880FC01D900FC02D980FC03DA00FC04DA80FC05DB00FC06DB80FC07DC80FC01FD00FC02F6A
:40D8C000D80FC03FE00FC04FE80FC05FF00FC06FF80FC07F101008201810083020100840281008503010086038100870481008125010082258100832601008426810085278
:40D900007010086278100872881008149010082498100834A0100844A8100854B0100864B8100874C8100816D0100826D8100836E0100846E8100856F0100866F810087665
:40D94000081108181011082818110838201108482811085830110868381108784811081A5011082A5811083A6011084A6811085A7011086A7811087A8811081C9011082C39
:40D980009811083CA011084CA811085CB011086CB811087CC811081ED011082ED811083EE011084EE811085EF011086EF811087E101248201812483020124840281248502D
:40D9C0003012486038124870501248225812483260124842681248527012486278124872881248149012482498124834A0124844A8124854B0124864B8124874C812481621
:40DA0000D0124826D8124836E0124846E8124856F0124866F8124876081348181013482818134838201348482813485830134868381348784813481A5013482A5813483ACA
:40DA40006013484A6813485A7013486A7813487A8813481C9013482C9813483CA013484CA813485CB013486CB813487CC813481ED013482ED813483EE013484EE813485EDC
:40DA8000F013486EF813487E101488201814883020148840281488503014886038148870501488225814883260148842681488527014886278148872901488249814883438
:40DAC000A0148844A8148854B0148864B8148874C8148816D0148826D8148836E0148846E8148856F0148866F81488760815881810158828181588382015884828158858A7
:40DB000030158868381588784815881A5015882A5815883A6015884A6815885A7015886A7815887A8815881C9015882C9815883CA015884CA815885CB015886CB815887CB3
:40DB4000C815881ED015882ED815883EE015884EE815885EF015886EF815887E1016C8201816C8302016C8402816C8503016C8603816C8705016C8225816C8326016C84224
:40DB80006816C8527016C8627816C8729016C8249816C834A016C844A816C854B016C864B816C874D016C826D816C836E016C846E816C856F016C866F816C8760817C81822
:40DBC0001017C8281817C8382017C8482817C8583017C8683817C8784817C81A5017C82A5817C83A6017C84A6817C85A7017C86A7817C87A8817C81C9017C82C9817C83CA3
:40DC0000A017C84CA817C85CB017C86CB817C87CC817C81ED017C82ED817C83EE017C84EE817C85EF017C86EF817C87E101808211818083120180841281808513018086148
:40DC4000381808715018082358180833601808436818085370180863781808739018082598180835A0180845A8180855B0180865B8180875D0180827D8180837E01808470E
:40DC8000E8180857F0180867F81808771019082918190839201908492819085930190869381908794819081B5019082B5819083B6019084B6819085B7019086B7819087BE7
:40DCC0008819081D9019082D9819083DA019084DA819085DB019086DB819087DC819081FD019082FD819083FE019084FE819085FF019086FF819087F101A4821181A483154
:40DD0000201A4841281A4851301A4861381A4871501A4823581A4833601A4843681A4853701A4863781A4873901A4825981A4835A01A4845A81A4855B01A4865B81A4875EF
:40DD4000D01A4827D81A4837E01A4847E81A4857F01A4867F81A4877101B4829181B4839201B4849281B4859301B4869381B4879501B482B581B483B601B484B681B485B0D
:40DD8000701B486B781B487B881B481D901B482D981B483DA01B484DA81B485DB01B486DB81B487DC81B481FD01B482FD81B483FE01B484FE81B485FF01B486FF81B487FA1
:40DDC000101C8821181C8831201C8841281C8851301C8861381C8871501C8823581C8833601C8843681C8853701C8863781C8873901C8825981C8835A01C8845A81C8855D7
:40DE0000B01C8865B81C8875D01C8827D81C8837E01C8847E81C8857F01C8867F81C8877101D8829181D8839201D8849281D8859301D8869381D8879501D882B581D883B5A
:40DE4000601D884B681D885B701D886B781D887B901D882D981D883DA01D884DA81D885DB01D886DB81D887DC81D881FD01D882FD81D883FE01D884FE81D885FF01D886F6E
:40DE8000F81D887F101EC821181EC831201EC841281EC851301EC861381EC871501EC823581EC833601EC843681EC853701EC863781EC873901EC825981EC835A01EC845BD
:40DEC000A81EC855B01EC865B81EC875D01EC827D81EC837E01EC847E81EC857F01EC867F81EC877101FC829181FC839201FC849281FC859301FC869381FC879501FC82B11
:40DF0000581FC83B601FC84B681FC85B701FC86B781FC87B901FC82D981FC83DA01FC84DA81FC85DB01FC86DB81FC87DD01FC82FD81FC83FE01FC84FE81FC85FF01FC86FE1
:40DF4000F81FC87F18201030202010402820105030201060382010705020102258201032602010426820105270201062782010729020102498201034A0201044A8201054A7
:40DF8000B0201064B8201074D0201026D8201036E0201046E8201056F0201066F82010761021102818211038202110482821105830211068382110785021102A5821103A29
:40DFC0006021104A6821105A7021106A7821107A9021102C9821103CA021104CA821105CB021106CB821107CD021102ED821103EE021104EE821105EF021106EF821107EAD
:40E00000182250302022504028225050302250603822507058225032602250426822505270225062782250729022502498225034A0225044A8225054B0225064B822507426
:40E04000D0225026D8225036E0225046E8225056F0225066F82250761023502818235038202350482823505830235068382350785023502A5823503A6023504A6823505A1A
:40E080007023506A7823507A9023502C9823503CA023504CA823505CB023506CB823507CD023502ED823503EE023504EE823505EF023506EF823507E18249030202490400E
:40E0C000282490503024906038249070582490326024904268249052702490627824907298249034A0249044A8249054B0249064B8249074D0249026D8249036E024904678
:40E10000E8249056F0249066F82490761025902818259038202590482825905830259068382590785025902A5825903A6025904A6825905A7025906A7825907A9025902CD8
:40E140009825903CA025904CA825905CB025906CB825907CD025902ED825903EE025904EE825905EF025906EF825907E1826D0302026D0402826D0503026D0603826D07042
:40E180005826D0326026D0426826D0527026D0627826D0729826D034A026D044A826D054B026D064B826D074D826D036E026D046E826D056F026D066F826D0761027D02802
:40E1C0001827D0382027D0482827D0583027D0683827D0785027D02A5827D03A6027D04A6827D05A7027D06A7827D07A9027D02C9827D03CA027D04CA827D05CB027D06C4F
:40E20000B827D07CD027D02ED827D03EE027D04EE827D05EF027D06EF827D07E1828103120281041282810513028106138281071582810336028104368281053702810637C
:40E240007828107398281035A0281045A8281055B0281065B8281075D8281037E0281047E8281057F0281067F828107718291039202910492829105930291069382910797D
:40E280005029102B5829103B6029104B6829105B7029106B7829107B9029102D9829103DA029104DA829105DB029106DB829107DD029102FD829103FE029104FE829105F22
:40E2C000F029106FF829107F182A5031202A5041282A5051302A5061382A5071582A5033602A5043682A5053702A5063782A5073982A5035A02A5045A82A5055B02A506562
:40E30000B82A5075D82A5037E02A5047E82A5057F02A5067F82A5077182B5039202B5049282B5059302B5069382B5079582B503B602B504B682B505B702B506B782B507B77
:40E34000902B502D982B503DA02B504DA82B505DB02B506DB82B507DD02B502FD82B503FE02B504FE82B505FF02B506FF82B507F182C9031202C9041282C9051302C9061FD
:40E38000382C9071582C9033602C9043682C9053702C9063782C9073982C9035A02C9045A82C9055B02C9065B82C9075D82C9037E02C9047E82C9057F02C9067F82C907721
:40E3C000182D9039202D9049282D9059302D9069382D9079582D903B602D904B682D905B702D906B782D907B982D903DA02D904DA82D905DB02D906DB82D907DD02D902FE1
:40E40000D82D903FE02D904FE82D905FF02D906FF82D907F182ED031202ED041282ED051302ED061382ED071582ED033602ED043682ED053702ED063782ED073982ED0350D
:40E44000A02ED045A82ED055B02ED065B82ED075D82ED037E02ED047E82ED057F02ED067F82ED077182FD039202FD049282FD059302FD069382FD079582FD03B602FD04B93
:40E48000682FD05B702FD06B782FD07B982FD03DA02FD04DA82FD05DB02FD06DB82FD07DD82FD03FE02FD04FE82FD05FF02FD06FF82FD07F2030184028301850303018601C
:40E4C00038301870583018326030184268301852703018627830187298301834A0301844A8301854B0301864B8301874D8301836E0301846E8301856F0301866F830187630
:40E5000018311838203118482831185830311868383118785831183A6031184A6831185A7031186A7831187A9831183CA031184CA831185CB031186CB831187CD831183ED7
:40E54000E031184EE831185EF031186EF831187E203258402832585030325860383258706032584268325852703258627832587298325834A0325844A8325854B0325864CF
:40E58000B8325874D8325836E0325846E8325856F0325866F832587618335838203358482833585830335868383358785833583A6033584A6833585A7033586A7833587A05
:40E5C0009833583CA033584CA833585CB033586CB833587CD833583EE033584EE833585EF033586EF833587E20349840283498503034986038349870603498426834985207
:40E600007034986278349872A0349844A8349854B0349864B8349874D8349836E0349846E8349856F0349866F8349876183598382035984828359858303598683835987883
:40E640005835983A6035984A6835985A7035986A7835987A9835983CA035984CA835985CB035986CB835987CD835983EE035984EE835985EF035986EF835987E2036D840ED
:40E680002836D8503036D8603836D8706036D8426836D8527036D8627836D872A036D844A836D854B036D864B836D874E036D846E836D856F036D866F836D8761837D83819
:40E6C0002037D8482837D8583037D8683837D8785837D83A6037D84A6837D85A7037D86A7837D87A9837D83CA037D84CA837D85CB037D86CB837D87CD837D83EE037D84ED8
:40E70000E837D85EF037D86EF837D87E2038184128381851303818613838187160381843683818537038186378381873A0381845A8381855B0381865B8381875E038184707
:40E74000E8381857F0381867F8381877203918492839185930391869383918795839183B6039184B6839185B7039186B7839187B9839183DA039184DA839185DB039186DA0
:40E78000B839187DD839183FE039184FE839185FF039186FF839187F203A5841283A5851303A5861383A5871603A5843683A5853703A5863783A5873A03A5845A83A585515
:40E7C000B03A5865B83A5875E03A5847E83A5857F03A5867F83A5877203B5849283B5859303B5869383B5879603B584B683B585B703B586B783B587B983B583DA03B584D4F
:40E80000A83B585DB03B586DB83B587DD83B583FE03B584FE83B585FF03B586FF83B587F203C9841283C9851303C9861383C9871603C9843683C9853703C9863783C9873B6
:40E84000A03C9845A83C9855B03C9865B83C9875E03C9847E83C9857F03C9867F83C9877203D9849283D9859303D9869383D9879603D984B683D985B703D986B783D987B90
:40E88000A03D984DA83D985DB03D986DB83D987DD83D983FE03D984FE83D985FF03D986FF83D987F203ED841283ED851303ED861383ED871603ED843683ED853703ED86355
:40E8C000783ED873A03ED845A83ED855B03ED865B83ED875E03ED847E83ED857F03ED867F83ED877203FD849283FD859303FD869383FD879603FD84B683FD85B703FD86BF9
:40E90000783FD87BA03FD84DA83FD85DB03FD86DB83FD87DE03FD84FE83FD85FF03FD86FF83FD87F284020503040206038402070604020426840205270402062784020721D
:40E94000A0402044A8402054B0402064B8402074E0402046E8402056F0402066F8402076204120482841205830412068384120786041204A6841205A7041206A7841207ADF
:40E98000A041204CA841205CB041206CB841207CE041204EE841205EF041206EF841207E284260503042606038426070684260527042606278426072A0426044A8426054B1
:40E9C000B0426064B8426074E0426046E8426056F0426066F8426076204360482843605830436068384360786043604A6843605A7043606A7843607AA043604CA843605C2D
:40EA0000B043606CB843607CE043604EE843605EF043606EF843607E2844A0503044A0603844A0706844A0527044A0627844A072A844A054B044A064B844A074E044A046FC
:40EA4000E844A056F044A066F844A0762045A0482845A0583045A0683845A0786045A04A6845A05A7045A06A7845A07AA045A04CA845A05CB045A06CB845A07CE045A04E71
:40EA8000E845A05EF045A06EF845A07E2846E0503046E0603846E0706846E0527046E0627846E072A846E054B046E064B846E074E846E056F046E066F846E0762047E048D2
:40EAC0002847E0583047E0683847E0786047E04A6847E05A7047E06A7847E07AA047E04CA847E05CB047E06CB847E07CE047E04EE847E05EF047E06EF847E07E2848205164
:40EB00003048206138482071684820537048206378482073A8482055B0482065B8482075E8482057F0482067F84820772849205930492069384920796049204B6849205B20
:40EB40007049206B7849207BA049204DA849205DB049206DB849207DE049204FE849205FF049206FF849207F284A6051304A6061384A6071684A6053704A6063784A6073F5
:40EB8000A84A6055B04A6065B84A6075E84A6057F04A6067F84A6077284B6059304B6069384B6079684B605B704B606B784B607BA04B604DA84B605DB04B606DB84B607DC7
:40EBC000E04B604FE84B605FF04B606FF84B607F284CA051304CA061384CA071684CA053704CA063784CA073A84CA055B04CA065B84CA075E84CA057F04CA067F84CA0779D
:40EC0000284DA059304DA069384DA079684DA05B704DA06B784DA07BA84DA05DB04DA06DB84DA07DE04DA04FE84DA05FF04DA06FF84DA07F284EE051304EE061384EE0718F
:40EC4000684EE053704EE063784EE073A84EE055B04EE065B84EE075E84EE057F04EE067F84EE077284FE059304FE069384FE079684FE05B704FE06B784FE07BA84FE05D8F
:40EC8000B04FE06DB84FE07DE84FE05FF04FE06FF84FE07F3050286038502870685028527050286278502872A8502854B0502864B8502874E8502856F0502866F8502876E6
:40ECC0002851285830512868385128786851285A7051286A7851287AA851285CB051286CB851287CE851285EF051286EF851287E30526860385268707052686278526872C8
:40ED0000A8526854B0526864B8526874E8526856F0526866F85268762853685830536868385368786853685A7053686A7853687AA853685CB053686CB853687CE853685EFB
:40ED4000F053686EF853687E3054A8603854A8707054A8627854A872B054A864B854A874E854A856F054A866F854A8762855A8583055A8683855A8786855A85A7055A86AE2
:40ED80007855A87AA855A85CB055A86CB855A87CE855A85EF055A86EF855A87E3056E8603856E8707056E8627856E872B056E864B856E874F056E866F856E8762857E85861
:40EDC0003057E8683857E8786857E85A7057E86A7857E87AA857E85CB057E86CB857E87CE857E85EF057E86EF857E87E30582861385828717058286378582873B05828658D
:40EE0000B8582875F0582867F858287730592869385928796859285B7059286B7859287BA859285DB059286DB859287DE859285FF059286FF859287F305A6861385A6871C7
:40EE4000705A6863785A6873B05A6865B85A6875F05A6867F85A6877305B6869385B6879705B686B785B687BA85B685DB05B686DB85B687DE85B685FF05B686FF85B687F16
:40EE8000305CA861385CA871705CA863785CA873B05CA865B85CA875F05CA867F85CA877305DA869385DA879705DA86B785DA87BB05DA86DB85DA87DE85DA85FF05DA86FFA
:40EEC000F85DA87F305EE861385EE871705EE863785EE873B05EE865B85EE875F05EE867F85EE877305FE869385FE879705FE86B785FE87BB05FE86DB85FE87DF05FE86FAC
:40EF0000F85FE87F386030707060306278603072B0603064B8603074F0603066F860307630613068386130787061306A7861307AB061306CB861307CF061306EF861307EFB
:40EF40003862707078627072B0627064B8627074F0627066F862707630637068386370787063706A7863707AB063706CB863707CF063706EF863707E3864B0707864B07285
:40EF8000B864B074F064B066F864B0763065B0683865B0787065B06A7865B07AB065B06CB865B07CF065B06EF865B07E3866F0707866F072B866F074F866F0763067F068D2
:40EFC0003867F0787067F06A7867F07AB067F06CB867F07CF067F06EF867F07E3868307178683073B8683075F8683077386930797069306B7869307BB069306DB869307DB2
:40F00000F069306FF869307F386A7071786A7073B86A7075F86A7077386B7079786B707BB06B706DB86B707DF06B706FF86B707F386CB071786CB073B86CB075F86CB077A2
:40F04000386DB079786DB07BB86DB07DF06DB06FF86DB07F386EF071786EF073B86EF075F86EF077386FF079786FF07BB86FF07DF86FF07F78703872B8703874F870387660
:40F08000387138787871387AB871387CF871387EB8727874F8727876387378787873787AB873787CF873787EF874B8763875B8787875B87AB875B87CF875B87E3877F87841
:40F0C0007877F87AB877F87CF877F87E7879387BB879387DF879387FB87B787DF87B787FF87DB87F080000101000002018000030200000022800001230000022380000328F
:40F10000400000044800001450000024580000346000000668000016700000267800003680000008880000189000002898000038A000000AA800001AB000002AB800003A1F
:40F14000C000000CC800001CD000002CD800003CE000000EE800001EF000002EF800003E000100040801401010014020180140302001400228014012300140223801403213
:40F18000400140044801401450014024580140346001400668014016700140267801403680014008880140189001402898014038A001400AA801401AB001402AB801403A8F
:40F1C000C001400CC801401CD001402CD801403CE001400EE801401EF001402EF801403E0002000808028010100280201802803020028002280280123002802238028032BF
:40F20000400280044802801450028024580280346002800668028016700280267802803680028008880280189002802898028038A002800AA802801AB002802AB802803AFE
:40F24000C002800CC802801CD002802CD802803CE002800EE802801EF002802EF802803E0003000C0803C0101003C0201803C0302003800C2803C0123003C0223803C032A0
:40F280004003C0044803C0145003C0245803C0346003C0066803C0167003C0267803C0368003C0088803C0189003C0289803C038A003C00AA803C01AB003C02AB803C03A6E
:40F2C000C003C00CC803C01CD003C02CD803C03CE003C00EE803C01EF003C02EF803C03E0804001110040021180400312004000C28040013300400233804003340040005D1
:40F300004804001550040025580400356004000768040017700400277804003780040009880400199004002998040039A004000BA804001BB004002BB804003BC004000D45
:40F34000C804001DD004002DD804003DE004000FE804001FF004002FF804003F0805401110054021180540312005000D280540133005402338054033480540155005402576
:40F38000580540356005400768054017700540277805403780054009880540199005402998054039A005400BA805401BB005402BB805403BC005400DC805401DD005402DA5
:40F3C000D805403DE005400FE805401FF005402FF805403F000640080806801110068021180680312006C008280680133006802338068033400640094806801550068025FA
:40F40000580680356006800768068017700680277806803780068009880680199006802998068039A006800BA806801BB006802BB806803BC006800DC806801DD006802D14
:40F44000D806803DE006800FE806801FF006802FF806803F0007400C0807C0111007C0211807C0312007C00C2807C0133007C0233807C0334007400D4807C0155007C0251D
:40F480005807C0356007C0076807C0177007C0277807C0378007C0098807C0199007C0299807C039A007C00BA807C01BB007C02BB807C03BC007C00DC807C01DD007C02D84
:40F4C000D807C03DE007C00FE807C01FF007C02FF807C03F0008001008080810100808201808083020088010280808123008082238080832400800114808081450080824C9
:40F50000580808346008801168080816700808267808083680080810880808189008082898080838A008080AA808081AB008082AB808083AC008080CC808081CD008082CF8
:40F54000D808083CE008080EE808081EF008082EF808083E0009001408094810100948201809483020098014280948123009482238094832400900154809481450094824C9
:40F58000580948346009801568094816700948267809483680090814880948189009482898094838A009480AA809481AB009482AB809483AC009480CC809481CD009482CE0
:40F5C000D809483CE009480EE809481EF009482EF809483E000A0018080A8810100A8820180A8830200A8018280A8812300A8822380A8832400A0019480A8814500A8824ED
:40F60000580A8834600A8019680A8816700A8826780A8836800A0818880A8818900A8828980A8838A00A8818A80A881AB00A882AB80A883AC00A880CC80A881CD00A882CB9
:40F64000D80A883CE00A880EE80A881EF00A882EF80A883E000B001C080BC810100BC820180BC830200B801C280BC812300BC822380BC832400B001D480BC814500BC82410
:40F68000580BC834600B801D680BC816700BC826780BC836800B081C880BC818900BC828980BC838A00B881CA80BC81AB00BC82AB80BC83AC00BC80CC80BC81CD00BC82CDD
:40F6C000D80BC83CE00BC80EE80BC81EF00BC82EF80BC83E000C4010080C0811100C0821180C0831200CC010280C0813300C0823380C0833400C4011480C0815500C08259C
:40F70000580C0835600CC011680C0817700C0827780C0837800C4810880C0819900C0829980C0839A00CC810A80C081BB00C082BB80C083BC00C080DC80C081DD00C082D63
:40F74000D80C083DE00C080FE80C081FF00C082FF80C083F000D4014080D4811100D4821180D4831200DC014280D4813300D4823380D4833400D4015480D4815500D4825BA
:40F78000580D4835600DC015680D4817700D4827780D4837800D4814880D4819900D4829980D4839A00DC814A80D481BB00D482BB80D483BC00D4815C80D481DD00D482D7F
:40F7C000D80D483DE00D480FE80D481FF00D482FF80D483F000E4018080E8811100E8821180E8831200EC018280E8813300E8823380E8833400E4019480E8815500E8825DE
:40F80000580E8835600EC019680E8817700E8827780E8837800E4818880E8819900E8829980E8839A00EC818A80E881BB00E882BB80E883BC00E4819C80E881DD00E882DDE
:40F84000D80E883DE00E880FE80E881FF00E882FF80E883F000F401C080FC811100FC821180FC831200FC01C280FC813300FC823380FC833400F401D480FC815500FC82501
:40F88000580FC835600FC01D680FC817700FC827780FC837800F481C880FC819900FC829980FC839A00FC81CA80FC81BB00FC82BB80FC83BC00F481DC80FC81DD00FC82D3E
:40F8C000D80FC83DE00FC81DE80FC81FF00FC82FF80FC83F00100020081010101010102018101030201080202810101230101022381010324010002148101014501010249F
:40F90000581010346010802168101016701010267810103680100820881010189010102898101038A0108820A810101AB010102AB810103AC0100821C810101CD010102C49
:40F94000D810103CE0108821E810101EF010102EF810103E00110024081110241011502018115030201180242811501230115022381150324011002548115014501150244E
:40F98000581150346011802568115016701150267811503680110824881150189011502898115038A0118824A811501AB011502AB811503AC0110825C811501CD011502CA9
:40F9C000D811503CE0118825E811501EF011502EF811503E0012002808121028101290201812903020128028281290123012902238129032401200294812901450129024EA
:40FA0000581290346012802968129016701290267812903680120828881290189012902898129038A0128828A812901AB012902AB812903AC0120829C812901CD012902C08
:40FA4000D812903CE0128829E812901EF012902EF812903E0013002C0813102C1013D0201813D0302013802C2813902C3013D0223813D0324013002D4813D0145013D024AB
:40FA80005813D0346013802D6813D0167013D0267813D0368013082C8813D0189013D0289813D038A013882CA813D01AB013D02AB813D03AC013082DC813D01CD013D02C68
:40FAC000D813D03CE013882DE813D01EF013D02EF813D03E001440200814502010141021181410312014C0202814D02030141023381410334014402148141015501410258D
:40FB0000581410356014C02168141017701410277814103780144820881410199014102998141039A014C820A814101BB014102BB814103BC0144821C814101DD014102DFB
:40FB4000D814103DE014C821E814101FF014102FF814103F001540240815502410155021181550312015C0242815D024301550233815503340154025481550155015502530
:40FB8000581550356015C02568155017701550277815503780154824881550199015502998155039A015C824A815501BB015502BB815503BC0154825C815501DD015502D5B
:40FBC000D815503DE015C825E815501FF015502FF815503F001640280816502810169021181690312016C0282816D028301690233816903340164029481650295016902534
:40FC0000581690356016C02968169017701690277816903780164828881690199016902998169039A016C828A816901BB016902BB816903BC0164829C816901DD016902DBA
:40FC4000D816903DE016C829E816901FF016902FF816903F0017402C0817502C1017D0211817D0312017C02C2817D02C3017D0233817D0334017402D4817502D5017D02547
:40FC80005817D0356017C02D6817D0177017D0277817D0378017482C8817D0199017D0299817D039A017C82CA817D01BB017D02BB817D03BC017482DC817D01DD017D02D1A
:40FCC000D817D03DE017C82DE817D01FF017D02FF817D03F0018003008181030101818201818183020188030281890303018182238181832401800314818103150181824B8
:40FD0000581818346018803168189031701818267818183680180830881818309018182898181838A0188830A818181AB018182AB818183AC0180831C818181CD018182C7A
:40FD4000D818183CE0188831E818181EF018182EF818183E0019003408191034101958201819583020198034281990343019582238195832401900354819103550195824EF
:40FD8000581958346019803568199035701958267819583680190834881918349019582898195838A0198834A819581AB019582AB819583AC0190835C819581CD019582C52
:40FDC000D819583CE0198835E819581EF019582EF819583E001A0038081A1038101A9820181A9830201A8038281A9038301A9822381A9832401A0039481A1039501A982403
:40FE0000581A9834601A8039681A9039701A9826781A9836801A0838881A1838901A9828981A9838A01A8838A81A9838B01A982AB81A983AC01A0839C81A981CD01A982C0B
:40FE4000D81A983CE01A8839E81A981EF01A982EF81A983E001B003C081B103C101BD820181BD830201B803C281B903C301BD822381BD832401B003D481B103D501BD82416
:40FE8000581BD834601B803D681B903D701BD826781BD836801B083C881B183C901BD828981BD838A01B883CA81B983CB01BD82AB81BD83AC01B083DC81BD81CD01BD82C1F
:40FEC000D81BD83CE01B883DE81BD81EF01BD82EF81BD83E001C4030081C5030101C1821181C1831201CC030281CD030301C1823381C1833401C4031481C5031501C182505
:40FF0000581C1835601CC031681CD031701C1827781C1837801C4830881C5830901C1829981C1839A01CC830A81CD830B01C182BB81C183BC01C4831C81C181DD01C182DD9
:40FF4000D81C183DE01CC831E81C181FF01C182FF81C183F001D4034081D5034101D5821181D5831201DC034281DD034301D5823381D5833401D4035481D5035501D5825E4
:40FF8000581D5835601DC035681DD035701D5827781D5837801D4834881D5834901D5829981D5839A01DC834A81DD834B01D582BB81D583BC01D4835C81D5835D01D582DD5
:40FFC000D81D583DE01DC835E81D581FF01D582FF81D583F001E4038081E5038101E9821181E9831201EC038281ED038301E9823381E9833401E4039481E5039501E9825F8
:020000041003E7
:40000000581E9835601EC039681ED039701E9827781E9837801E4838881E5838901E9829981E9839A01EC838A81ED838B01E982BB81E983BC01E4839C81E5839D01E982D24
:40004000D81E983DE01EC839E81E981FF01E982FF81E983F001F403C081F503C101FD821181FD831201FC03C281FD03C301FD823381FD833401F403D481F503D501FD8250B
:40008000581FD835601FC03D681FD03D701FD827781FD837801F483C881F583C901FD829981FD839A01FC83CA81FD83CB01FD82BB81FD83BC01F483DC81F583DD01FD82D74
:4000C000D81FD83DE01FC83DE81FD83DF01FD82FF81FD83F082080201020202018202030282080283020202238202032402000214820C020502020245820203460201024A7
:400100006820C0287020202678202036882080309020202898202038A0200830A8208038B020202AB820203AC0200821C820C030D020202CD820203CE0200831E820C038BD
:40014000F020202EF820203E0021002408218021102110241821603020212024282180293021602238216032402100254821C0215021602458216034602150246821C02900
:40018000702160267821603680210824882180319021602898216038A0210834A8218039B021602AB821603AC0210825C821C031D021602CD821603CE0210835E821C039C1
:4001C000F021602EF821603E0022003008228030102208301822A03020221030282288283022A0223822A032402240304822C0305022A0245822A034602250306822C82821
:400200007022A0267822A03680222030882288309022A0289822A038A0221830A8228838B022A02AB822A03AC0226030C822C830D022A02CD822A03CE0221831E822C83875
:40024000F022A02EF822A03E0023003108238031102308311823E0302023103128238829302318313823E032402340314823C0315023E0245823E034602350316823C82980
:400280007023E0267823E03680231824882388319023E0289823E038A0231834A8238839B023E02AB823E03AC0231825C823C831D023E02CD823E03CE0231835E823C83940
:4002C000F023E02EF823E03E0824802410242024182420312824802C3024103138242033402400254824C0245024202558242035602410256824C02C702420277824203731
:40030000882480349024202998242039A0244830A824803CB024202BB824203BC0240825C824C034D024202DD824203DE0244831E824C03CF024202FF824203F0825802571
:4003400010252025182560312825802D30255031382560334825C02550256025582560356825C02D7025602778256037882580359025602998256039A0254834A825803D8C
:40038000B025602BB825603BC825C035D025602DD825603DE0254835E825C03DF025602FF825603F0026003408268034102608341826A031202610342826882C3026183490
:4003C0003826A033402640344826C034502648345826A035602650346826C82C7026A0277826A03780262034882688349026A0299826A039A0265830A826883CB026A02BF2
:40040000B826A03BC0266034C826C834D026A02DD826A03DE0265831E826C83CF026A02FF826A03F0027003508278035102708351827E031202710352827882D3027183546
:400440003827E033402740354827C035502748355827E035602750356827C82D7027E0277827E03780272035882788359027E0299827E039A0275834A827883DB027E02B95
:40048000B827E03BC0276035C827C835D027E02DD827E03DE0275835E827C83DF027E02FF827E03F0828202810288028182828302828902830288828382828324028002C60
:4004C0004828202C5028802C582828346028082C6828D0287028882C782828368828903098282838A0282830A8289038B028282AB828283AC028102CC828D030D028282C9E
:40050000D828283CE028182CE828D038F028282EF828283E0029002C0829082C1029102C182968302029202C282990293029D030382968324029402C4829602C5029C02CCD
:40054000582968346029482C6829D0297029C82C782968368029802C882990319029282C98296838A0292834A8299039B029682AB829683AC029502CC829D031D029682C45
:40058000D829683CE029582CE829D039F029682EF829683E002A0038082A2038102A8038182AA830202A0838282A2838302A8838382AA832402A003C482A203C502A803C45
:4005C000582AA834602A083C682A283C702A883C782AA836802A1038882A9830902A9038982AA838A02A1838A82A9838B02A9838B82AA83AC02A103CC82AD830D02AA82C43
:40060000D82AA83CE02A183CE82AD838F02AA82EF82AA83E002B4038082B6038102BC038182BE830202B4838282B6838302BC838382BE832402B403C482B603C502BC03C5D
:40064000582BE834602B483C682B683C702BC83C782BE836802B5038882B9831902BD038982BE838A02B5838A82B9839B02BD838B82BE83AC02B503CC82BD831D02BE82C6F
:40068000D82BE83CE02B583CE82BD839F02BE82EF82BE83E082C202C102C802C182C2831282C902C302C9031382C2833402C002D482C202D502C802D582C2835602C082DC0
:4006C000682CD02C702C882D782C2837882C9034982C2839A02C6830A82C903CB02C6838B82C283BC02C102DC82CD034D02C282DD82C283DE02C182DE82CD03CF02C282FF3
:40070000F82C283F082D202D102D802D182D6831282D902D302DD031382D6833482D602D502DC02D582D6835682DD02D702DC82D782D6837882D9035982D6839A02D683435
:40074000A82D903DB02D683CB82D683BC82DD035D82D683DE02D6835E82DD03DF02D682FF82D683F002E0039082E2039102E8039182EA831202E0839282E2839302E88396D
:40078000382EA833402E003D482E203D502E803D582EA835602E083D682E283D702E883D782EA837802E1039882E9834902E9039982EA839A02E1839A82E983CB02E983907
:4007C000B82EA83BC02E103DC82ED834D02E903DD82EA83DE02E183DE82ED83CF02EA82FF82EA83F002F4039082F6039102FC039182FE831202F4839282F6839302FC83976
:40080000382FE833402F403D482F603D502FC03D582FE835602F483D682F683D702FC83D782FE837802F5039882F9835902FD039982FE839A02F5839A82F983DB02FD839F4
:40084000B82FE83BC02F503DC82FD835D02FD03DD82FE83DE02F583DE82FD83DF02FD83DF82FE83F1830303038303032403000314830083150301031583030346030203112
:400880006830283170301834783030368830A03098303038A830A038B0308838B830303AC0308031C830E030D0309031D830303CE0308831E830E038F0308839F830303EA5
:4008C0000031003408310834103110341831183420312034283128343031303438317032403100354831083550311035583170346031203568312835703158347831703633
:40090000803180348831A0319031903498317038A0318834A831A039B031883CB831703AC0318035C831E031D0319035D831703CE0318835E831E039F031883DF831703E73
:40094000003200380832803810320838183288382032103828329038303218383832B032403240384832C038503248385832B034603250386832D038703258387832B0368B
:40098000803220388832A038903228389832B038A0323038A832A838B0329838B832B03AC0326038C832E038D0326838D832B03CE0327038E832E838F0329839F832B03E1A
:4009C0000033003908338039103308391833883920331039283390393033183938339839403340394833C039503348395833F034603350396833D039703358397833F0367F
:400A0000803320398833A039903328399833F038A0339834A833A839B033983CB833F03AC0336039C833E039D0336839D833F03CE0339835E833E839F033983DF833F03EF0
:400A4000183430343834183940340035483408355034103558343035603420356834283570341835783430378834A03498343039A834A03CB034C838B834303BC0348035A6
:400A8000C834E034D0349035D834303DE0348835E834E03CF034C839F834303F183530353835583958357035783570378835A03598357039A835A03DB035C83CB835703BA2
:400AC000C835E035D835703DE835E03DF035C83DF835703F0036003C0836803C1036083C1836883C2036103C2836903C3036183C3836983C4036403C4836C03C5036483CA4
:400B00005836C83C6036503C6836D03C7036583C7836B0378036203C8836A03C9036283C9836B039A036303CA836A83CB036D838B836B03BC036603CC836E03CD036683CD2
:400B4000D836B03DE036703CE836E83CF036D839F836B03F0037003D0837803D1037083D1837883D2037103D2837903D3037183D3837983D4037403D4837C03D5037483DC6
:400B80005837C83D6037503D6837D03D7037583D7837F0378037203D8837A03D9037283D9837F039A037303DA837A83DB037D83CB837F03BC037603DC837E03DD037683D72
:400BC000D837F03DE037703DE837E83DF037D83DF837F03F38389838403800394838083950381039583818396038203968382839703830397838983CA838B038B838383A02
:400C0000C0388039C8388839D0389039D838383CE038A039E838F038F838383EF038A8390039003C0839083C1039103C1839183C2039203C2839283C3039303C3839383C9D
:400C40004039003D4839083D5039103D5839183D6039203D6839283D7039303D7839D83C8039803C8839883C9039903C9839983CA039A03CA839B039B839783AB039A83C42
:400C8000C039803DC839883DD039903DD839783CE039A03DE839F039F839783EF039A83D083A103A103A203A183A303A203A803A283A903A303AA03A383AB03A403A003B67
:400CC000483A103B503A203B583A303B603A803B683A903B703AA03B783AB03B883AA03A983AB03AA83AB03AC03A083BC83A183BD03A283BD83AB83CE03A883BE83A983B66
:400D0000F03AA83BF83AB83E003B003E083B103E103B203E183B303E203B803E283B903E303BA03E383BB03E403B003F483B103F503B203F583B303F603B803F683B903FD2
:400D4000703BA03F783BB03F803B083E883B183E903B283E983B383EA03B883EA83B983EB03BA83EB83BB83EC03B083FC83B183FD03B283FD83BF83CE03B883FE83B983F6E
:400D8000F03BA83FF83BF83E383C983C403C003D483C083D503C103D583C183D603C203D683C283D703C303D783C983DA83CB03CB83CB03EC03C803DC83C883DD03C903D7B
:400DC000D83C383DE03CA03DE83CF03CF03CA83DF83C383F383D983D783DD83DA83DB03DB83DB03FE83DF03D083E803EF83D783F103E803E183E883E203E803E283E903EE1
:400E0000303E883E383E983E403E003F483E203F503E803F583EA03F603E083F683E283F703E883F783EA83F883EA03E983EA83EC03E103FA83EB03EC83E303FD03E903FF7
:400E4000D83EB03FE03E183FE83E383FF03E983F083F803FF83EB83F103F803F183F883F203F803F283F903F303F883F383F983F483F503F503F603F583F703F603FC03FF7
:400E8000683FD03F703FE03F783FF03F883FA03F983FA83FA83FB03FD83FF03FC83FE03FE83FF03F0800001010000002180000122000000428000014300000063800001694
:400EC00040000008480000185000000A5800001A6000000C6800001C7000000E7800001E80000008880040109000400298004012A0004004A8004014B0004006B80040167A
:400F0000C0004008C8004018D000400AD800401AE000400CE800401CF000400EF800401E000100080801801010018002180180122001800428018014300180063801801671
:400F400040018008480180185001800A5801801A6001800C6801801C7001800E7801801E800140088801C0109001C0029801C012A001C004A801C014B001C006B801C01629
:400F8000C001C008C801C018D001C00AD801C01AE001C00CE801C01CF001C00EF801C01E00020008080200111002000318020013200200052802001530020007380200175A
:400FC00040020009480200195002000B5802001B6002000D6802001D7002000F7802001F80028008880240119002400398024013A0024005A8024015B0024007B8024017CA
:40100000C0024009C8024019D002400BD802401BE002400DE802401DF002400FF802401F000340080803801110038003180380132003800528038015300380073803801701
:4010400040038009480380195003800B5803801B6003800D6803801D7003800F7803801F8003C0088803C0119003C0039803C013A003C005A803C015B003C007B803C01779
:40108000C003C009C803C019D003C00BD803C01BE003C00DE803C01DF003C00FF803C01F0004001008040810100400111804081220040810280408143004080638040816E5
:4010C00040040808480408185004080A5804081A6004080C6804081C7004080E7804081E80040018880448109004001998044812A0040818A8044814B0044806B80448160D
:40110000C0044808C8044818D004480AD804481AE004480CE804481CF004480EF804481E0005401008058810100540111805881220054810280588143005880638058816DC
:4011400040058808480588185005880A5805881A6005880C6805881C7005880E7805881E800540188805C810900540199805C812A0054818A805C814B005C806B805C8163C
:40118000C005C808C805C818D005C80AD805C81AE005C80CE805C81CF005C80EF805C81E000680100806081110068011180608132006881028060815300608073806081707
:4011C00040060809480608195006080B5806081B6006080D6806081D7006080F7806081F80068018880648119006801998064813A0068818A8064815B0064807B80648175F
:40120000C0064809C8064819D006480BD806481BE006480DE806481DF006480FF806481F0007C010080788111007C011180788132007C8102807881530078807380788172E
:4012400040078809480788195007880B5807881B6007880D6807881D7007880F7807881F8007C0188807C8119007C0199807C813A007C818A807C815B007C807B807C8178E
:40128000C007C809C807C819D007C80BD807C81BE007C80DE807C81DF007C80FF807C81F080810101008400818081012200800112808101430088011380810164808101830
:4012C0005008100A5808101A6008100C6808101C7008100E7808101E8008000A880850109008000B98085012A008080AA8085014B008080BB8085016C008100AC80850188E
:40130000D008500AD808501AE008500CE808501CF008500EF808501E080990101009800918099012200900192809901430098019380990164009000B480990185009900AA7
:401340005809901A6009900C6809901C7009900E7809901E8009400A8809D0109009400B9809D012A009480AA809D014B009480BB809D016C009500AC809D018D009D00A7D
:40138000D809D01AE009D00CE809D01CF009D00EF809D01E080A1011180A1013200A4011280A1015300AC011380A1017480A1019500A100B580A101B600A100D680A101D99
:4013C000700A100F780A101F880A5011900A800B980A5013A00A5011A80A5015B00A880BB80A5017C00A800BC80A5019D00A500BD80A501BE00A500DE80A501DF00A500FDD
:40140000F80A501F080B9011180B9013200B4019280B9015300BC019380B9017480B9019500B900B580B901B600B900D680B901D700B900F780B901F880BD011900BC00B19
:40144000980BD013A00B5019A80BD015B00BC80BB80BD017C80BD019D80BD01BE00BD00DE80BD01DF00BD00FF80BD01F000C0012080C1810100C0013180C1812200C0812E7
:40148000280C1814300C0813380C1816400C1012480C1818500C1013580C181A600C1812680C181C700C180E780C181E800C001A880C5810900C001B980C5812A00C081A2D
:4014C000A80C5814B00C081BB80C5816C00C101AC80C5818D00C101BD80C581AE00C181AE80C581CF00C580EF80C581E000D4012080D9810100D4013180D9812200D4812E0
:40150000280D9814300D4813380D9816400D5012480D9818500D5013580D981A600D5812680D981C700D980E780D981E800D401A880DD810900D401B980DD812A00D481A5C
:40154000A80DD814B00D481BB80DD816C00D501AC80DD818D00D501BD80DD81AE00D581AE80DD81CF00DD80EF80DD81E000E8012080E1811100E8013180E1813200E88120D
:40158000280E1815300E8813380E1817400E9012480E1819500E9013580E181B600E9812680E181D700E180F780E181F800E801A880E5811900E801B980E5813A00E881A83
:4015C000A80E5815B00E881BB80E5817C00E901AC80E5819D00E901BD80E581BE00E981AE80E581DF00E580FF80E581F000FC012080F9811100FC013180F9813200FC81236
:40160000280F9815300FC813380F9817400FD012480F9819500FD013580F981B600FD812680F981D700F980F780F981F800FC01A880FD811900FC01B980FD813A00FC81AB2
:40164000A80FD815B00FC81BB80FD817C00FD01AC80FD819D00FD01BD80FD81BE00FD81AE80FD81DF00FD81BF80FD81F081020101010401018102012281020143010881036
:40168000381020164010001148102018501040115810201A601008126810201C701088127810201E80100012881008129010401298106012A0102012A8106014B0106012AA
:4016C000B8106016C0100013C8106018D0104013D810601AE0101812E810601CF0109812F810601E08112012101140111811A012201108182811A014301188183811A01670
:401700004811A0185811A01A6011081A6811A01C7011881A7811A01E8011101288111812901150129811E012A0111818A811E014B0119818B811E016C0111013C811E018AC
:40174000D0115013D811E01AE011181AE811E01CF011981AF811E01E0012001808120818101240181812201320122018281220153012601838122017401200194812201923
:40178000501240195812201B601220196812201D7012C8127812201F8012001A8812081A9012401A98126013A012201AA8126015B012601AB8126017C012001BC8126019E9
:4017C000D012401BD812601BE012201BE812601DF012601BF812601F0013101808131818101350181813A013201348182813A0153013C8183813A017401310194813A01976
:40180000501350195813A01B6013481A6813A01D7013C81A7813A01F8013101A8813181A9013501A9813E013A0135818A813E015B013D818B813E017C013101BC813E019AB
:40184000D013501BD813E01BE013581AE813E01DF013D81AF813E01F08142014101400151814201530140815381428164014001548142818501410155814281A601420151E
:401880006814281C701418157814281E8014001C8814201C9014001D9814201DA014081CA814281CB014081DB8146816C014101CC8146818D014101DD814681AE014181CA5
:4018C000E814681CF014181DF814681E081520151015401518156015201528182815281C301548153815A8164815A8185815A81A6015281A6815A81C7015A81A7815A81EAE
:401900008015401C8815601C9015401D9815601DA015481CA815681CB015481DB815E816C015501CC815E818D015501DD815E81AE015581CE815E81CF015581DF815E81ECC
:401940000016001C0816081C1016401C1816481C2016201C2816281C3016601C381628174016001D481628195016401D5816281B6016201D6816281D7016601D7816281FC8
:401980008016801C8816A01C9016801D9816A01DA016881CA816A81CB016881DB8166817C016901CC8166819D016901DD816681BE016981CE816681DF016981DF816681FF7
:4019C0000017101C0817181C1017501C1817581C201768182817681C3017E8183817A8174017101D4817A8195017501D5817A81B6017681A6817A81D7017E81A7817A81F86
:401A00008017C01C8817E01C9017C01D9817E01DA017C81CA817E81CB017C81DB817E817C017D01CC817E819D017D01DD817E81BE017D81CE817E81DF017D81DF817E81F26
:401A400018186018301848183818601C5818301A6818301C7018181A7818301E8018001A8818081A9018001B98186019A018201AA818281AB018201BB818601DC018101A86
:401A8000C818181AD018101BD818701AE018301AE818701CF018581AF818701E081920191819601A2819081D301988193819881D4819201B5819B01A6019081B6819B01C96
:401AC0007019881B7819B01E8019401A8819481A9019401B9819601BA019601AA819181DB019601BB819981DC019501AC819581AD019501BD819F01AE019181BE819F01C24
:401B0000F019981BF819F01E381A701C581A301B681A301D701A181B781A301F901AC01A981AC81AB01AE01AB81AE81AC01A801BC81A881BD01AC01BD81A701BE01AA01B21
:401B4000E81A701DF01AE01BF81A701F281B481D381BC81D481B601B581BB01B681BB01D701BC81B781BB01F901BC01B981BC81BA81B581DB01BE01BB81BD81DD81BF01B34
:401B8000E81BF01DF81BF01F081C201C181C301C381C681C481C601C581C701C781C381E801C001E881C201E901C001F981C201FA01C081EA81C281EB01C081FB81C281F1D
:401BC000C01C101EC81C301ED01C101FD81C301FE01C181EE81C381EF01C181FF81C781E081D201D181D301D381DA81D481D601D581D701D681D281F781DB81E801D401EBE
:401C0000881D601E901D401F981D601FA01D481EA81D681EB01D481FB81D681FC01D501EC81D701ED01D501FD81D701FE01D581EE81D781EF01D581FF81DF81E081E201E84
:401C4000181E301E481E601E581E701E781E381F881EA01E901E801F981EA01FB01E881FB81EA81FC01E801FC81E881FD01E901FD81EB01FE01EA01FE81EA81FF01E981F18
:401C8000F81E781F081F201F181F301F481F601F581F701F781FB81F881FA01F901FC01F981FE01FB01FC81FB81FE81FC81FE01FD81FF01F080000021000000418000006CB
:401CC000200000082800000A3000000C3800000E480040025000400458004006600040086800400A7000400C7800400E880080029000800498008006A0008008A800800ADA
:401D0000B000800CB800800EC800C002D000C004D800C006E000C008E800C00AF000C00CF800C00E080100031001000518010007200100092801000B3001000D3801000F63
:401D4000480140035001400558014007600140096801400B7001400D7801400F880180039001800598018007A0018009A801800BB001800DB801800FC801C003D001C00575
:401D8000D801C007E001C009E801C00BF001C00DF801C00F1002080418020806200208082802080A3002080C3802080E5002480458024806600248086802480A7002480CDB
:401DC0007802480E9002880498028806A0028808A802880AB002880CB802880ED002C804D802C806E002C808E802C80AF002C80CF802C80E10030805180308072003080901
:401E00002803080B3003080D3803080F5003480558034807600348096803480B7003480D7803480F9003880598038807A0038809A803880BB003880DB803880FD003C8057E
:401E4000D803C807E003C809E803C80BF003C80DF803C80F18041006200410082804100A3004100C3804100E58045006600450086804500A7004500C7804500E980490063E
:401E8000A0049008A804900AB004900CB804900ED804D006E004D008E804D00AF004D00CF804D00E18051007200510092805100B3005100D3805100F58055007600550093E
:401EC0006805500B7005500D7805500F98059007A0059009A805900BB005900DB805900FD805D007E005D009E805D00BF005D00DF805D00F200618082806180A3006180C2C
:401F00003806180E600658086806580A7006580C7806580EA0069808A806980AB006980CB806980EE006D808E806D80AF006D80CF806D80E200718092807180B3007180D4B
:401F40003807180F600758096807580B7007580D7807580FA0079809A807980BB007980DB807980FE007D809E807D80BF007D80DF807D80F2808200A3008200C3808200EBB
:401F80006808600A7008600C7808600EA808A00AB008A00CB808A00EE808E00AF008E00CF808E00E2809200B3009200D3809200F6809600B7009600D7809600FA809A00B5D
:401FC000B009A00DB809A00FE809E00BF009E00DF809E00F300A280C380A280E700A680C780A680EB00AA80CB80AA80EF00AE80CF80AE80E300B280D380B280F700B680DE7
:40200000780B680FB00BA80DB80BA80FF00BE80DF80BE80F380C300E780C700EB80CB00EF80CF00E380D300F780D700FB80DB00FF80DF00F0800000210000004180000067E
:4020400020004000280040023000400438004006400080004800800250008004580080066000C0006800C0027000C0047800C006800000018800000390000005980000076C
:40208000A0004001A8004003B0004005B8004007C0008001C8008003D0008005D8008007E000C001E800C003F000C005F800C0070001000208010802100108041801080606
:4020C0002001800228014802300148043801480640010003480188025001880458018806600180036801C8027001C8047801C80680010802880108039001080598010807EB
:40210000A0018802A8014803B0014805B8014807C0010803C8018803D0018805D8018807E0018803E801C803F001C805F801C8070802100200020004100210041802100676
:402140002002800428025002300250043802500640020005480290025002900458029006600280056802D0027002D0047802D00680020804880210039002100598021007F2
:40218000A0028804A8025003B0025005B8025007C0020805C8029003D0029005D8029007E0028805E802D003F002D005F802D0070003000608031006100318041803180682
:4021C000200380062803900630035804380358064003000748031007500398045803980660038007680390077003D8047803D8068003080688031806900318059803180781
:40220000A0038806A8039806B0035805B8035807C0030807C8031807D0039805D8039807E0038807E8039807F003D805F803D80708048004100420041804200628048005F3
:40224000300460043804600640040006480488045004A0045804A00660041006680488057004E0047804E006880480069004200598042007A0040806A8048007B00460054F
:40228000B8046007C0042006C8048806D004A005D804A007E0041806E8048807F004E005F804E00708052005100580051805280628059005300588053805680640050007F0
:4022C00048052007500580075805A8066005080768059805700588077805E8068805900698052807A0052806A8059007B0052807B8056807C0051007C8059806D0059007CD
:40230000D805A807E0051807E8059807F0059807F805E80718063006380670064006000748068007500608075806B0066006100768069007700618077806F0068806A0069F
:4023400098063007A806A007B0068807B8067007C0062007C806A007D0062807D806B007E0063007E806A807F0069807F806F0074807500738079807500760075807700761
:402380006007C0076807D0077807F0077007E007B807F007A807B007D807F007C807E007E807F00708000002100040001800400220008000280080023000C0003800C0025F
:4023C0004000000148000003500040015800400360008001680080037000C0017800C00380000002880008029000000398004802A0000802A8008802B000C800B800C8028E
:40240000C0000801C8000803D0004801D8004803E0008801E8008803F000C801F800C8030801100210014001180150022001000328019002300148013801D00248011003D4
:402440005801500360019001680190037001D0017801D00380014002880118029001400398015802A0014802A8019802B0014803B801D802C0015002C8011803D00150032F
:40248000D8015803E0015802E8019803F0015803F801D8030802200210024002180260022802A002300260023802E002400200034802200350024003580260036002200308
:4024C0006802A003700260037802E0038802A002900280039802A003B0028803B802E802C0028003C8022803D0029003D8026803E002A003E802A803F0029803F802E803CE
:4025000008032003100340031803600328038803300360033803980348036003580370036803B0037803F0038803A0039003C0039803E003B003C803B803E803C803E0039B
:40254000D803F00308004000100080001800C0002000000128004001300080013800C001500088005800C8006000080168004801700088017800C8019800D000A000100144
:40258000A8005001B0009001B800D001E0001801E8005801F0009801F800D801280160013001A0013801E0017001A8017801E801B801F00108004000100080001800C00078
:4025C0002000400028004800300088003800C80040008000480050005800D000500090006000C0006800D000700098007800D8008800C0009000A000A800D0009800E000DB
:40260000B000D000B800E800D800F000C800E000E800F000080040001800480010004000280050002000400038005800300048005800680048006000680070000000803F5B
:4026400000000000ECFF7F3FD40FC93AB1FF7F3FC70F493B4EFF7F3FC1CB963BC4FE7F3F890FC93B13FE7F3F3053FB3B39FD7F3F59CB163C39FC7F3F02ED2F3C11FB7F3F76
:40268000900E493CC1F97F3F0030623C4AF87F3F4B517B3CACF67F3F38398A3CE6F47F3FB6C9963CF8F27F3F1C5AA33CE3F07F3F69EAAF3CA7EE7F3F9B7ABC3C43EC7F3FC5
:4026C000B00AC93CB8E97F3FA69AD53C05E77F3F7B2AE23C2BE47F3F2DBAEE3C29E17F3FB949FB3C00DE7F3F90EC033DAFDA7F3F2F340A3D37D77F3FB87B103D98D37F3F61
:402700002CC3163DD1CF7F3F880A1D3DE2CB7F3FCC51233DCCC77F3FF698293D8FC37F3F07E02F3D2ABF7F3FFC26363D9EBA7F3FD56D3C3DEAB57F3F91B4423D0FB17F3FD1
:402740002FFB483D0DAC7F3FAF414F3DE3A67F3F0E88553D91A17F3F4CCE5B3D189C7F3F6814623D78967F3F625A683DB1907F3F38A06E3DC28A7F3FE9E5743DAB847F3FF4
:40278000742B7B3D6D7E7F3F6CB8803D08787F3F0ADB833D7B717F3F94FD863DC76A7F3F0A208A3DEC637F3F6A428D3DE95C7F3FB464903DBF557F3FE786933D6D4E7F3F84
:4027C00005A9963DF4467F3F0ACB993D543F7F3FF9EC9C3D8D377F3FCF0EA03D9D2F7F3F8C30A33D87277F3F3052A63D491F7F3FBA73A93DE4167F3F2B95AC3D580E7F3FB5
:4028000080B6AF3DA4057F3FBBD7B23DC9FC7E3FDAF8B53DC7F37E3FDD19B93D9DEA7E3FC33ABC3D4CE17E3F8D5BBF3DD4D77E3F397CC23D34CE7E3FC69CC53D6DC47E3FB0
:4028400036BDC83D7FBA7E3F86DDCB3D69B07E3FB7FDCE3D2DA67E3FC81DD23DC99B7E3FB93DD53D3D917E3F895DD83D8B867E3F377DDB3DB17B7E3FC49CDE3DB0707E3F5C
:402880002EBCE13D88657E3F76DBE43D385A7E3F9AFAE73DC14E7E3F9A19EB3D23437E3F7638EE3D5E377E3F2E57F13D722B7E3FC075F43D5E1F7E3F2C94F73D24137E3F63
:4028C00073B2FA3DC2067E3F92D0FD3D38FA7D3F4577003E88ED7D3F2E06023EB1E07D3F0295033EB2D37D3FC223053E8CC67D3F6EB2063E40B97D3F0541083ECCAB7D3F5A
:4029000086CF093E309E7D3FF35D0B3E6E907D3F4AEC0C3E85827D3F8B7A0E3E74747D3FB708103E3D667D3FCC96113EDE577D3FCA24133E59497D3FB2B2143EAC3A7D3FE3
:402940008340163ED82B7D3F3DCE173EDD1C7D3FE05B193EBC0D7D3F6BE91A3E73FE7C3FDE761C3E03EF7C3F38041E3E6CDF7C3F7B911F3EAECF7C3FA51E213EC9BF7C3F7E
:40298000B6AB223EBDAF7C3FAD38243E8A9F7C3F8CC5253E318F7C3F5152273EB07E7C3FFCDE283E086E7C3F8D6B2A3E3A5D7C3F04F82B3E444C7C3F61842D3E283B7C3FA3
:4029C000A2102F3EE5297C3FC99C303E7A187C3FD428323EE9067C3FC4B4333E31F57B3F9840353E53E37B3F50CC363E4DD17B3FEC57383E20BF7B3F6CE3393ECDAC7B3F02
:402A0000CF6E3B3E539A7B3F15FA3C3EB2877B3F3E853E3EEA747B3F4910403EFC617B3F379B413EE74E7B3F0726433EAB3B7B3FB9B0443E48287B3F4D3B463EBE147B3F3D
:402A4000C2C5473E0E017B3F1850493E37ED7A3F4FDA4A3E3AD97A3F67644C3E16C57A3F60EE4D3ECBB07A3F38784F3E599C7A3FF101513EC1877A3F898B523E02737A3F03
:402A80000115543E1C5E7A3F589E553E10497A3F8F27573EDD337A3FA4B0583E841E7A3F97395A3E04097A3F6AC25B3E5EF3793F1A4B5D3E91DD793FA8D35E3E9DC7793FF2
:402AC000135C603E83B1793F5CE4613E439B793F836C633EDC84793F86F4643E4E6E793F667C663E9A57793F2204683EC040793FBA8B693EBF29793F2F136B3E9812793FA4
:402B00007F9A6C3E4AFB783FAB216E3ED6E3783FB2A86F3E3BCC783F942F713E7BB4783F51B6723E939C783FE83C743E8684783F5AC3753E526C783FA649773EF853783FB2
:402B4000CCCF783E773B783FCB557A3ED122783FA4DB7B3E040A783F56617D3E10F1773FE1E67E3EF7D7773F2236803EB7BE773FC0F8803E51A5773F4ABB813EC58B773FBF
:402B8000C07D823E1372773F2240833E3A58773F7002843E3C3E773FAAC4843E1724773FCE86853ECC09773FDF48863E5BEF763FDA0A873EC4D4763FC1CC873E07BA763FA3
:402BC000938E883E249F763F5050893E1B84763FF8118A3EEC68763F8AD38A3E974D763F07958B3E1B32763F6E568C3E7A16763FC0178D3EB3FA753FFCD88D3EC6DE753FEF
:402C0000229A8E3EB3C2753F325B8F3E7BA6753F2C1C903E1C8A753F10DD903E976D753FDD9D913EED50753F945E923E1D34753F351F933E2717753FBFDF933E0BFA743F92
:402C400031A0943EC9DC743F8D60953E62BF743FD220963ED5A1743F00E1963E2284743F17A1973E4966743F1661983E4B48743FFE20993E272A743FCEE0993EDD0B743F2D
:402C800086A09A3E6EED733F27609B3ED9CE733FAF1F9C3E1FB0733F20DF9C3E3F91733F789E9D3E3972733FB85D9E3E0E53733FDF1C9F3EBE33733FEEDB9F3E4714733F4C
:402CC000E59AA03EACF4723FC259A13EEBD4723F8718A23E04B5723F33D7A23EF894723FC595A33EC774723F3F54A43E7054723F9F12A53EF433723FE5D0A53E5213723F81
:402D0000128FA63E8CF2713F254DA73E9FD1713F1F0BA83E8EB0713FFEC8A83E578F713FC486A93EFB6D713F6F44AA3E7A4C713F0102AB3ED42A713F77BFAB3E0809713F55
:402D4000D47CAC3E17E7703F153AAD3E02C5703F3CF7AD3EC6A2703F49B4AE3E6680703F3A71AF3EE15D703F102EB03E373B703FCBEAB03E6718703F6BA7B13E73F56F3F4F
:402D8000EF63B23E5AD26F3F5820B33E1BAF6F3FA5DCB33EB88B6F3FD698B43E30686F3FEC54B53E83446F3FE610B63EB0206F3FC3CCB63EBAFC6E3F8488B73E9ED86E3FF3
:402DC0002A44B83E5DB46E3FB2FFB83EF88F6E3F1EBBB93E6D6B6E3F6E76BA3EBE466E3FA031BB3EEB216E3FB6ECBB3EF2FC6D3FAFA7BC3ED5D76D3F8B62BD3E93B26D3FBB
:402E00004A1DBE3E2D8D6D3FEBD7BE3EA1676D3F6F92BF3EF2416D3FD54CC03E1D1C6D3F1E07C13E24F66C3F48C1C13E07D06C3F557BC23EC5A96C3F4435C33E5E836C3F14
:402E400015EFC33ED45C6C3FC8A8C43E24366C3F5C62C53E500F6C3FD21BC63E58E86B3F29D5C63E3BC16B3F628EC73EFB996B3F7C47C83E95726B3F7700C93E0C4B6B3F81
:402E800053B9C93E5E236B3F1072CA3E8CFB6A3FAE2ACB3E95D36A3F2CE3CB3E7BAB6A3F8B9BCC3E3C836A3FCA53CD3ED95A6A3FEA0BCE3E52326A3FEAC3CE3EA7096A3F65
:402EC000CA7BCF3ED7E0693F8A33D03EE4B7693F2AEBD03ECC8E693FAAA2D13E9165693F095AD23E323C693F4811D33EAE12693F67C8D33E07E9683F647FD43E3CBF683F2C
:402F00004136D53E4C95683FFDECD53E396B683F99A3D63E0341683F135AD73EA816683F6B10D83E2AEC673FA3C6D83E87C1673FB97CD93EC196673FAD32DA3ED86B673F33
:402F400080E8DA3ECA40673F319EDB3E9915673FC153DC3E45EA663F2E09DD3ECCBE663F79BEDD3E3093663FA273DE3E7167663FA928DF3E8E3B663F8DDDDF3E880F663FDB
:402F80004F92E03E5EE3653FEE46E13E10B7653F6AFBE13EA08A653FC4AFE23E0B5E653FFA63E33E5431653F0E18E43E7904653FFECBE43E7BD7643FCB7FE53E59AA643F7A
:402FC0007533E63E147D643FFBE6E63EAC4F643F5D9AE73E2122643F9C4DE83E73F4633FB700E93EA1C6633FAEB3E93EAC98633F8166EA3E956A633F3019EB3E5A3C633F65
:40300000BBCBEB3EFC0D633F217EEC3E7BDF623F6330ED3ED7B0623F80E2ED3E1082623F7994EE3E2653623F4C46EF3E1A24623FFBF7EF3EEAF4613F85A9F03E98C5613FE5
:40304000EA5AF13E2296613F290CF23E8A66613F43BDF23ED036613F386EF33EF206613F071FF43EF2D6603FB1CFF43ECFA6603F3580F53E8976603F9330F63E2146603F43
:40308000CBE0F63E9615603FDC90F73EE9E45F3FC840F83E19B45F3F8EF0F83E27835F3F2DA0F93E12525F3FA54FFA3EDB205F3FF7FEFA3E81EF5E3F22AEFB3E05BE5E3FC8
:4030C000275DFC3E678C5E3F040CFD3EA65A5E3FBBBAFD3EC3285E3F4A69FE3EBEF65D3FB217FF3E97C45D3FF3C5FF3E4D925D3F063A003FE15F5D3FFF90003F532D5D3F71
:40310000E4E7003FA3FA5C3FB53E013FD1C75C3F7395013FDD945C3F1CEC013FC7615C3FB142023F8E2E5C3F3299023F34FB5B3F9FEF023FB8C75B3FF845033F1A945B3F79
:403140003D9C033F5A605B3F6DF2033F792C5B3F8948043F75F85A3F919E043F50C45A3F84F4043F09905A3F624A053FA05B5A3F2CA0053F16275A3FE2F5053F6AF2593F61
:40318000824B063F9CBD593F0EA1063FAD88593F86F6063F9C53593FE84B073F6A1E593F36A1073F17E9583F6FF6073FA1B3583F924B083F0B7E583FA1A0083F5348583F22
:4031C0009BF5083F7912583F7F4A093F7FDC573F4E9F093F63A6573F09F4093F2670573FAD480A3FC739573F3D9D0A3F4803573FB7F10A3FA7CC563F1C460B3FE595563F03
:403200006B9A0B3F025F563FA5EE0B3FFE27563FC9420C3FD9F0553FD7960C3F93B9553FD0EA0C3F2C82553FB33E0D3FA44A553F81920D3FFB12553F38E60D3F31DB543F58
:40324000DA390E3F47A3543F658D0E3F3B6B543FDBE00E3F0F33543F3B340F3FC3FA533F84870F3F55C2533FB8DA0F3FC789533FD52D103F1851533FDC80103F4918533F62
:40328000CDD3103F59DF523FA726113F49A6523F6B79113F186D523F19CC113FC633523FB01E123F54FA513F3071123FC2C0513F9AC3123F1087513FEE15133F3D4D513F6B
:4032C0002A68133F4A13513F50BA133F37D9503F5F0C143F039F503F585E143FAF64503F39B0143F3B2A503F0402153FA8EF4F3FB753153FF4B44F3F54A5153F1F7A4F3FB1
:40330000D9F6153F2B3F4F3F4748163F17044F3F9F99163FE4C84E3FDFEA163F908D4E3F073C173F1C524E3F188D173F89164E3F12DE173FD5DA4D3FF52E183F029F4D3F74
:40334000C07F183F10634D3F73D0183FFD264D3F0F21193FCBEA4C3F9471193F79AE4C3F00C2193F08724C3F55121A3F78354C3F93621A3FC7F84B3FB8B21A3FF8BB4B3FEA
:40338000C6021B3F097F4B3FBB521B3FFA414B3F99A21B3FCC044B3F5FF21B3F7FC74A3F0C421C3F138A4A3FA2911C3F874C4A3F1FE11C3FDC0E4A3F84301D3F12D1493F42
:4033C000D17F1D3F2993493F06CF1D3F2155493F221E1E3FFA16493F266D1E3FB3D8483F12BC1E3F4E9A483FE50A1F3FCA5B483F9F591F3F271D483F41A81F3F65DE473FB3
:40340000CBF61F3F849F473F3B45203F8560473F9393203F6721473FD2E1203F2AE2463FF92F213FCEA2463F067E213F5463463FFBCB213FBB23463FD719223F03E4453F62
:403440009967223F2DA4453F43B5223F3964453FD302233F2624453F4B50233FF5E3443FA99D233FA5A3443FEEEA233F3763443F1A38243FAB22443F2C85243F00E2433F78
:4034800025D2243F38A1433F041F253F5160433FCB6B253F4C1F433F77B8253F29DE423F0A05263FE89C423F8451263F895B423FE39D263F0B1A423F2AEA263F70D8413F17
:4034C0005636273FB796413F6882273FE154413F61CE273FEC12413F401A283FDAD0403F0566283FA98E403FB0B1283F5C4C403F41FD283FF009403FB848293F67C73F3F63
:403500001594293FC0843F3F57DF293FFC413F3F802A2A3F1BFF3E3F8E752A3F1BBC3E3F82C02A3FFF783E3F5B0B2B3FC5353E3F1B562B3F6EF23D3FBFA02B3FF9AE3D3F6C
:403540004AEB2B3F676B3D3FB9352C3FB8273D3F0F802C3FECE33C3F49CA2C3F03A03C3F69142D3FFC5B3C3F6F5E2D3FD9173C3F59A82D3F98D33B3F29F22D3F3B8F3B3F4E
:40358000DE3B2E3FC14A3B3F78852E3F29063B3FF7CE2E3F75C13A3F5B182F3FA47C3A3FA5612F3FB7373A3FD3AA2F3FACF2393FE6F32F3F85AD393FDE3C303F4268393F1A
:4035C000BB85303FE122393F7CCE303F65DD383F2217313FCB97383FAD5F313F1652383F1DA8313F430C383F71F0313F55C6373FAA38323F4A80373FC780323F233A373FD7
:40360000C9C8323FDFF3363FAF10333F7FAD363F7A58333F0467363F29A0333F6C20363FBCE7333FB8D9353F342F343FE792353F8F76343FFB4B353FCFBD343FF304353F96
:40364000F304353FCFBD343FFB4B353F8F76343FE792353F342F343FB8D9353FBCE7333F6C20363F29A0333F0467363F7A58333F7FAD363FAF10333FDFF3363FC9C8323F56
:40368000233A373FC780323F4A80373FAA38323F55C6373F71F0313F430C383F1DA8313F1652383FAD5F313FCB97383F2217313F65DD383F7CCE303FE122393FBB85303F16
:4036C0004268393FDE3C303F85AD393FE6F32F3FACF2393FD3AA2F3FB7373A3FA5612F3FA47C3A3F5B182F3F75C13A3FF7CE2E3F29063B3F78852E3FC14A3B3FDE3B2E3FD9
:403700003B8F3B3F29F22D3F98D33B3F59A82D3FD9173C3F6F5E2D3FFC5B3C3F69142D3F03A03C3F49CA2C3FECE33C3F0F802C3FB8273D3FB9352C3F676B3D3F4AEB2B3F8C
:40374000F9AE3D3FBFA02B3F6EF23D3F1B562B3FC5353E3F5B0B2B3FFF783E3F82C02A3F1BBC3E3F8E752A3F1BFF3E3F802A2A3FFC413F3F57DF293FC0843F3F1594293F2A
:4037800067C73F3FB848293FF009403F41FD283F5C4C403FB0B1283FA98E403F0566283FDAD0403F401A283FEC12413F61CE273FE154413F6882273FB796413F5636273FA0
:4037C00070D8413F2AEA263F0B1A423FE39D263F895B423F8451263FE89C423F0A05263F29DE423F77B8253F4C1F433FCB6B253F5160433F041F253F38A1433F25D2243FD4
:4038000000E2433F2C85243FAB22443F1A38243F3763443FEEEA233FA5A3443FA99D233FF5E3443F4B50233F2624453FD302233F3964453F43B5223F2DA4453F9967223FB4
:4038400003E4453FD719223FBB23463FFBCB213F5463463F067E213FCEA2463FF92F213F2AE2463FD2E1203F6721473F9393203F8560473F3B45203F849F473FCBF61F3F1E
:4038800065DE473F41A81F3F271D483F9F591F3FCA5B483FE50A1F3F4E9A483F12BC1E3FB3D8483F266D1E3FFA16493F221E1E3F2155493F06CF1D3F2993493FD17F1D3FEE
:4038C00012D1493F84301D3FDC0E4A3F1FE11C3F874C4A3FA2911C3F138A4A3F0C421C3F7FC74A3F5FF21B3FCC044B3F99A21B3FFA414B3FBB521B3F097F4B3FC6021B3FFD
:40390000F8BB4B3FB8B21A3FC7F84B3F93621A3F78354C3F55121A3F08724C3F00C2193F79AE4C3F9471193FCBEA4C3F0F21193FFD264D3F73D0183F10634D3FC07F183F24
:40394000029F4D3FF52E183FD5DA4D3F12DE173F89164E3F188D173F1C524E3F073C173F908D4E3FDFEA163FE4C84E3F9F99163F17044F3F4748163F2B3F4F3FD9F6153F2E
:403980001F7A4F3F54A5153FF4B44F3FB753153FA8EF4F3F0402153F3B2A503F39B0143FAF64503F585E143F039F503F5F0C143F37D9503F50BA133F4A13513F2A68133FEA
:4039C0003D4D513FEE15133F1087513F9AC3123FC2C0513F3071123F54FA513FB01E123FC633523F19CC113F186D523F6B79113F49A6523FA726113F59DF523FCDD3103F24
:403A00004918533FDC80103F1851533FD52D103FC789533FB8DA0F3F55C2533F84870F3FC3FA533F3B340F3F0F33543FDBE00E3F3B6B543F658D0E3F47A3543FDA390E3F9A
:403A400031DB543F38E60D3FFB12553F81920D3FA44A553FB33E0D3F2C82553FD0EA0C3F93B9553FD7960C3FD9F0553FC9420C3FFE27563FA5EE0B3F025F563F6B9A0B3F10
:403A8000E595563F1C460B3FA7CC563FB7F10A3F4803573F3D9D0A3FC739573FAD480A3F2670573F09F4093F63A6573F4E9F093F7FDC573F7F4A093F7912583F9BF5083F3A
:403AC0005348583FA1A0083F0B7E583F924B083FA1B3583F6FF6073F17E9583F36A1073F6A1E593FE84B073F9C53593F86F6063FAD88593F0EA1063F9CBD593F824B063FD9
:403B00006AF2593FE2F5053F16275A3F2CA0053FA05B5A3F624A053F09905A3F84F4043F50C45A3F919E043F75F85A3F8948043F792C5B3F6DF2033F5A605B3F3D9C033F97
:403B40001A945B3FF845033FB8C75B3F9FEF023F34FB5B3F3299023F8E2E5C3FB142023FC7615C3F1CEC013FDD945C3F7395013FD1C75C3FB53E013FA3FA5C3FE4E7003F2F
:403B8000532D5D3FFF90003FE15F5D3F063A003F4D925D3FF3C5FF3E97C45D3FB217FF3EBEF65D3F4A69FE3EC3285E3FBBBAFD3EA65A5E3F040CFD3E678C5E3F275DFC3EA6
:403BC00005BE5E3F22AEFB3E81EF5E3FF7FEFA3EDB205F3FA54FFA3E12525F3F2DA0F93E27835F3F8EF0F83E19B45F3FC840F83EE9E45F3FDC90F73E9615603FCBE0F63E7D
:403C00002146603F9330F63E8976603F3580F53ECFA6603FB1CFF43EF2D6603F071FF43EF206613F386EF33ED036613F43BDF23E8A66613F290CF23E2296613FEA5AF13E77
:403C400098C5613F85A9F03EEAF4613FFBF7EF3E1A24623F4C46EF3E2653623F7994EE3E1082623F80E2ED3ED7B0623F6330ED3E7BDF623F217EEC3EFC0D633FBBCBEB3E99
:403C80005A3C633F3019EB3E956A633F8166EA3EAC98633FAEB3E93EA1C6633FB700E93E73F4633F9C4DE83E2122643F5D9AE73EAC4F643FFBE6E63E147D643F7533E63E98
:403CC00059AA643FCB7FE53E7BD7643FFECBE43E7904653F0E18E43E5431653FFA63E33E0B5E653FC4AFE23EA08A653F6AFBE13E10B7653FEE46E13E5EE3653F4F92E03E2D
:403D0000880F663F8DDDDF3E8E3B663FA928DF3E7167663FA273DE3E3093663F79BEDD3ECCBE663F2E09DD3E45EA663FC153DC3E9915673F319EDB3ECA40673F80E8DA3E0D
:403D4000D86B673FAD32DA3EC196673FB97CD93E87C1673FA3C6D83E2AEC673F6B10D83EA816683F135AD73E0341683F99A3D63E396B683FFDECD53E4C95683F4136D53EE5
:403D80003CBF683F647FD43E07E9683F67C8D33EAE12693F4811D33E323C693F095AD23E9165693FAAA2D13ECC8E693F2AEBD03EE4B7693F8A33D03ED7E0693FCA7BCF3E5D
:403DC000A7096A3FEAC3CE3E52326A3FEA0BCE3ED95A6A3FCA53CD3E3C836A3F8B9BCC3E7BAB6A3F2CE3CB3E95D36A3FAE2ACB3E8CFB6A3F1072CA3E5E236B3F53B9C93E16
:403E00000C4B6B3F7700C93E95726B3F7C47C83EFB996B3F628EC73E3BC16B3F29D5C63E58E86B3FD21BC63E500F6C3F5C62C53E24366C3FC8A8C43ED45C6C3F15EFC33EB1
:403E40005E836C3F4435C33EC5A96C3F557BC23E07D06C3F48C1C13E24F66C3F1E07C13E1D1C6D3FD54CC03EF2416D3F6F92BF3EA1676D3FEBD7BE3E2D8D6D3F4A1DBE3EC4
:403E800093B26D3F8B62BD3ED5D76D3FAFA7BC3EF2FC6D3FB6ECBB3EEB216E3FA031BB3EBE466E3F6E76BA3E6D6B6E3F1EBBB93EF88F6E3FB2FFB83E5DB46E3F2A44B83EEA
:403EC0009ED86E3F8488B73EBAFC6E3FC3CCB63EB0206F3FE610B63E83446F3FEC54B53E30686F3FD698B43EB88B6F3FA5DCB33E1BAF6F3F5820B33E5AD26F3FEF63B23EA2
:403F000073F56F3F6BA7B13E6718703FCBEAB03E373B703F102EB03EE15D703F3A71AF3E6680703F49B4AE3EC6A2703F3CF7AD3E02C5703F153AAD3E17E7703FD47CAC3E7D
:403F40000809713F77BFAB3ED42A713F0102AB3E7A4C713F6F44AA3EFB6D713FC486A93E578F713FFEC8A83E8EB0713F1F0BA83E9FD1713F254DA73E8CF2713F128FA63E03
:403F80005213723FE5D0A53EF433723F9F12A53E7054723F3F54A43EC774723FC595A33EF894723F33D7A23E04B5723F8718A23EEBD4723FC259A13EACF4723FE59AA03EAE
:403FC0004714733FEEDB9F3EBE33733FDF1C9F3E0E53733FB85D9E3E3972733F789E9D3E3F91733F20DF9C3E1FB0733FAF1F9C3ED9CE733F27609B3E6EED733F86A09A3EF9
:40400000DD0B743FCEE0993E272A743FFE20993E4B48743F1661983E4966743F17A1973E2284743F00E1963ED5A1743FD220963E62BF743F8D60953EC9DC743F31A0943E59
:404040000BFA743FBFDF933E2717753F351F933E1D34753F945E923EED50753FDD9D913E976D753F10DD903E1C8A753F2C1C903E7BA6753F325B8F3EB3C2753F229A8E3E3E
:40408000C6DE753FFCD88D3EB3FA753FC0178D3E7A16763F6E568C3E1B32763F07958B3E974D763F8AD38A3EEC68763FF8118A3E1B84763F5050893E249F763F938E883E1A
:4040C00007BA763FC1CC873EC4D4763FDA0A873E5BEF763FDF48863ECC09773FCE86853E1724773FAAC4843E3C3E773F7002843E3A58773F2240833E1372773FC07D823E4E
:40410000C58B773F4ABB813E51A5773FC0F8803EB7BE773F2236803EF7D7773FE1E67E3E10F1773F56617D3E040A783FA4DB7B3ED122783FCB557A3E773B783FCCCF783EE9
:40414000F853783FA649773E526C783F5AC3753E8684783FE83C743E939C783F51B6723E7BB4783F942F713E3BCC783FB2A86F3ED6E3783FAB216E3E4AFB783F7F9A6C3E5C
:404180009812793F2F136B3EBF29793FBA8B693EC040793F2204683E9A57793F667C663E4E6E793F86F4643EDC84793F836C633E439B793F5CE4613E83B1793F135C603ECD
:4041C0009DC7793FA8D35E3E91DD793F1A4B5D3E5EF3793F6AC25B3E04097A3F97395A3E841E7A3FA4B0583EDD337A3F8F27573E10497A3F589E553E1C5E7A3F0115543E9B
:4042000002737A3F898B523EC1877A3FF101513E599C7A3F38784F3ECBB07A3F60EE4D3E16C57A3F67644C3E3AD97A3F4FDA4A3E37ED7A3F1850493E0E017B3FC2C5473E2B
:40424000BE147B3F4D3B463E48287B3FB9B0443EAB3B7B3F0726433EE74E7B3F379B413EFC617B3F4910403EEA747B3F3E853E3EB2877B3F15FA3C3E539A7B3FCF6E3B3EE5
:40428000CDAC7B3F6CE3393E20BF7B3FEC57383E4DD17B3F50CC363E53E37B3F9840353E31F57B3FC4B4333EE9067C3FD428323E7A187C3FC99C303EE5297C3FA2102F3E29
:4042C000283B7C3F61842D3E444C7C3F04F82B3E3A5D7C3F8D6B2A3E086E7C3FFCDE283EB07E7C3F5152273E318F7C3F8CC5253E8A9F7C3FAD38243EBDAF7C3FB6AB223E4A
:40430000C9BF7C3FA51E213EAECF7C3F7B911F3E6CDF7C3F38041E3E03EF7C3FDE761C3E73FE7C3F6BE91A3EBC0D7D3FE05B193EDD1C7D3F3DCE173ED82B7D3F8340163EA4
:40434000AC3A7D3FB2B2143E59497D3FCA24133EDE577D3FCC96113E3D667D3FB708103E74747D3F8B7A0E3E85827D3F4AEC0C3E6E907D3FF35D0B3E309E7D3F86CF093E89
:40438000CCAB7D3F0541083E40B97D3F6EB2063E8CC67D3FC223053EB2D37D3F0295033EB1E07D3F2E06023E88ED7D3F4577003E38FA7D3F92D0FD3DC2067E3F73B2FA3D7F
:4043C00024137E3F2C94F73D5E1F7E3FC075F43D722B7E3F2E57F13D5E377E3F7638EE3D23437E3F9A19EB3DC14E7E3F9AFAE73D385A7E3F76DBE43D88657E3F2EBCE13D08
:40440000B0707E3FC49CDE3DB17B7E3F377DDB3D8B867E3F895DD83D3D917E3FB93DD53DC99B7E3FC81DD23D2DA67E3FB7FDCE3D69B07E3F86DDCB3D7FBA7E3F36BDC83D80
:404440006DC47E3FC69CC53D34CE7E3F397CC23DD4D77E3F8D5BBF3D4CE17E3FC33ABC3D9DEA7E3FDD19B93DC7F37E3FDAF8B53DC9FC7E3FBBD7B23DA4057F3F80B6AF3D54
:40448000580E7F3F2B95AC3DE4167F3FBA73A93D491F7F3F3052A63D87277F3F8C30A33D9D2F7F3FCF0EA03D8D377F3FF9EC9C3D543F7F3F0ACB993DF4467F3F05A9963DD8
:4044C0006D4E7F3FE786933DBF557F3FB464903DE95C7F3F6A428D3DEC637F3F0A208A3DC76A7F3F94FD863D7B717F3F0ADB833D08787F3F6CB8803D6D7E7F3F742B7B3D27
:40450000AB847F3FE9E5743DC28A7F3F38A06E3DB1907F3F625A683D78967F3F6814623D189C7F3F4CCE5B3D91A17F3F0E88553DE3A67F3FAF414F3D0DAC7F3F2FFB483D16
:404540000FB17F3F91B4423DEAB57F3FD56D3C3D9EBA7F3FFC26363D2ABF7F3F07E02F3D8FC37F3FF698293DCCC77F3FCC51233DE2CB7F3F880A1D3DD1CF7F3F2CC3163D73
:4045800098D37F3FB87B103D37D77F3F2F340A3DAFDA7F3F90EC033D00DE7F3FB949FB3C29E17F3F2DBAEE3C2BE47F3F7B2AE23C05E77F3FA69AD53CB8E97F3FB00AC93C82
:4045C00043EC7F3F9B7ABC3CA7EE7F3F69EAAF3CE3F07F3F1C5AA33CF8F27F3FB6C9963CE6F47F3F38398A3CACF67F3F4B517B3C4AF87F3F0030623CC1F97F3F900E493C66
:4046000011FB7F3F02ED2F3C39FC7F3F59CB163C39FD7F3F3053FB3B13FE7F3F890FC93BC4FE7F3FC1CB963B4EFF7F3FC70F493BB1FF7F3FD40FC93AECFF7F3F0000000096
:404640000000803FD40FC9BAECFF7F3FC70F49BBB1FF7F3FC1CB96BB4EFF7F3F890FC9BBC4FE7F3F3053FBBB13FE7F3F59CB16BC39FD7F3F02ED2FBC39FC7F3F900E49BC3E
:4046800011FB7F3F003062BCC1F97F3F4B517BBC4AF87F3F38398ABCACF67F3FB6C996BCE6F47F3F1C5AA3BCF8F27F3F69EAAFBCE3F07F3F9B7ABCBCA7EE7F3FB00AC9BC2C
:4046C00043EC7F3FA69AD5BCB8E97F3F7B2AE2BC05E77F3F2DBAEEBC2BE47F3FB949FBBC29E17F3F90EC03BD00DE7F3F2F340ABDAFDA7F3FB87B10BD37D77F3F2CC316BDFA
:4047000098D37F3F880A1DBDD1CF7F3FCC5123BDE2CB7F3FF69829BDCCC77F3F07E02FBD8FC37F3FFC2636BD2ABF7F3FD56D3CBD9EBA7F3F91B442BDEAB57F3F2FFB48BD99
:404740000FB17F3FAF414FBD0DAC7F3F0E8855BDE3A67F3F4CCE5BBD91A17F3F681462BD189C7F3F625A68BD78967F3F38A06EBDB1907F3FE9E574BDC28A7F3F742B7BBD9B
:40478000AB847F3F6CB880BD6D7E7F3F0ADB83BD08787F3F94FD86BD7B717F3F0A208ABDC76A7F3F6A428DBDEC637F3FB46490BDE95C7F3FE78693BDBF557F3F05A996BDC6
:4047C0006D4E7F3F0ACB99BDF4467F3FF9EC9CBD543F7F3FCF0EA0BD8D377F3F8C30A3BD9D2F7F3F3052A6BD87277F3FBA73A9BD491F7F3F2B95ACBDE4167F3F80B6AFBD9F
:40480000580E7F3FBBD7B2BDA4057F3FDAF8B5BDC9FC7E3FDD19B9BDC7F37E3FC33ABCBD9DEA7E3F8D5BBFBD4CE17E3F397CC2BDD4D77E3FC69CC5BD34CE7E3F36BDC8BD84
:404840006DC47E3F86DDCBBD7FBA7E3FB7FDCEBD69B07E3FC81DD2BD2DA67E3FB93DD5BDC99B7E3F895DD8BD3D917E3F377DDBBD8B867E3FC49CDEBDB17B7E3F2EBCE1BD1B
:40488000B0707E3F76DBE4BD88657E3F9AFAE7BD385A7E3F9A19EBBDC14E7E3F7638EEBD23437E3F2E57F1BD5E377E3FC075F4BD722B7E3F2C94F7BD5E1F7E3F73B2FABD06
:4048C00024137E3F92D0FDBDC2067E3F457700BE38FA7D3F2E0602BE88ED7D3F029503BEB1E07D3FC22305BEB2D37D3F6EB206BE8CC67D3F054108BE40B97D3F86CF09BE39
:40490000CCAB7D3FF35D0BBE309E7D3F4AEC0CBE6E907D3F8B7A0EBE85827D3FB70810BE74747D3FCC9611BE3D667D3FCA2413BEDE577D3FB2B214BE59497D3F834016BEB7
:40494000AC3A7D3F3DCE17BED82B7D3FE05B19BEDD1C7D3F6BE91ABEBC0D7D3FDE761CBE73FE7C3F38041EBE03EF7C3F7B911FBE6CDF7C3FA51E21BEAECF7C3FB6AB22BE55
:40498000C9BF7C3FAD3824BEBDAF7C3F8CC525BE8A9F7C3F515227BE318F7C3FFCDE28BEB07E7C3F8D6B2ABE086E7C3F04F82BBE3A5D7C3F61842DBE444C7C3FA2102FBE00
:4049C000283B7C3FC99C30BEE5297C3FD42832BE7A187C3FC4B433BEE9067C3F984035BE31F57B3F50CC36BE53E37B3FEC5738BE4DD17B3F6CE339BE20BF7B3FCF6E3BBE60
:404A0000CDAC7B3F15FA3CBE539A7B3F3E853EBEB2877B3F491040BEEA747B3F379B41BEFC617B3F072643BEE74E7B3FB9B044BEAB3B7B3F4D3B46BE48287B3FC2C547BE20
:404A4000BE147B3F185049BE0E017B3F4FDA4ABE37ED7A3F67644CBE3AD97A3F60EE4DBE16C57A3F38784FBECBB07A3FF10151BE599C7A3F898B52BEC1877A3F011554BEE9
:404A800002737A3F589E55BE1C5E7A3F8F2757BE10497A3FA4B058BEDD337A3F97395ABE841E7A3F6AC25BBE04097A3F1A4B5DBE5EF3793FA8D35EBE91DD793F135C60BE5B
:404AC0009DC7793F5CE461BE83B1793F836C63BE439B793F86F464BEDC84793F667C66BE4E6E793F220468BE9A57793FBA8B69BEC040793F2F136BBEBF29793F7F9A6CBE14
:404B00009812793FAB216EBE4AFB783FB2A86FBED6E3783F942F71BE3BCC783F51B672BE7BB4783FE83C74BE939C783F5AC375BE8684783FA64977BE526C783FCCCF78BEA4
:404B4000F853783FCB557ABE773B783FA4DB7BBED122783F56617DBE040A783FE1E67EBE10F1773F223680BEF7D7773FC0F880BEB7BE773F4ABB81BE51A5773FC07D82BEF7
:404B8000C58B773F224083BE1372773F700284BE3A58773FAAC484BE3C3E773FCE8685BE1724773FDF4886BECC09773FDA0A87BE5BEF763FC1CC87BEC4D4763F938E88BE09
:404BC00007BA763F505089BE249F763FF8118ABE1B84763F8AD38ABEEC68763F07958BBE974D763F6E568CBE1B32763FC0178DBE7A16763FFCD88DBEB3FA753F229A8EBE10
:404C0000C6DE753F325B8FBEB3C2753F2C1C90BE7BA6753F10DD90BE1C8A753FDD9D91BE976D753F945E92BEED50753F351F93BE1D34753FBFDF93BE2717753F31A094BEB7
:404C40000BFA743F8D6095BEC9DC743FD22096BE62BF743F00E196BED5A1743F17A197BE2284743F166198BE4966743FFE2099BE4B48743FCEE099BE272A743F86A09ABE95
:404C8000DD0B743F27609BBE6EED733FAF1F9CBED9CE733F20DF9CBE1FB0733F789E9DBE3F91733FB85D9EBE3972733FDF1C9FBE0E53733FEEDB9FBEBE33733FE59AA0BE3F
:404CC0004714733FC259A1BEACF4723F8718A2BEEBD4723F33D7A2BE04B5723FC595A3BEF894723F3F54A4BEC774723F9F12A5BE7054723FE5D0A5BEF433723F128FA6BE42
:404D00005213723F254DA7BE8CF2713F1F0BA8BE9FD1713FFEC8A8BE8EB0713FC486A9BE578F713F6F44AABEFB6D713F0102ABBE7A4C713F77BFABBED42A713FD47CACBE2B
:404D40000809713F153AADBE17E7703F3CF7ADBE02C5703F49B4AEBEC6A2703F3A71AFBE6680703F102EB0BEE15D703FCBEAB0BE373B703F6BA7B1BE6718703FEF63B2BE7C
:404D800073F56F3F5820B3BE5AD26F3FA5DCB3BE1BAF6F3FD698B4BEB88B6F3FEC54B5BE30686F3FE610B6BE83446F3FC3CCB6BEB0206F3F8488B7BEBAFC6E3F2A44B8BEBE
:404DC0009ED86E3FB2FFB8BE5DB46E3F1EBBB9BEF88F6E3F6E76BABE6D6B6E3FA031BBBEBE466E3FB6ECBBBEEB216E3FAFA7BCBEF2FC6D3F8B62BDBED5D76D3F4A1DBEBE6A
:404E000093B26D3FEBD7BEBE2D8D6D3F6F92BFBEA1676D3FD54CC0BEF2416D3F1E07C1BE1D1C6D3F48C1C1BE24F66C3F557BC2BE07D06C3F4435C3BEC5A96C3F15EFC3BEED
:404E40005E836C3FC8A8C4BED45C6C3F5C62C5BE24366C3FD21BC6BE500F6C3F29D5C6BE58E86B3F628EC7BE3BC16B3F7C47C8BEFB996B3F7700C9BE95726B3F53B9C9BEC8
:404E80000C4B6B3F1072CABE5E236B3FAE2ACBBE8CFB6A3F2CE3CBBE95D36A3F8B9BCCBE7BAB6A3FCA53CDBE3C836A3FEA0BCEBED95A6A3FEAC3CEBE52326A3FCA7BCFBE5E
:404EC000A7096A3F8A33D0BED7E0693F2AEBD0BEE4B7693FAAA2D1BECC8E693F095AD2BE9165693F4811D3BE323C693F67C8D3BEAE12693F647FD4BE07E9683F4136D5BE1D
:404F00003CBF683FFDECD5BE4C95683F99A3D6BE396B683F135AD7BE0341683F6B10D8BEA816683FA3C6D8BE2AEC673FB97CD9BE87C1673FAD32DABEC196673F80E8DABE64
:404F4000D86B673F319EDBBECA40673FC153DCBE9915673F2E09DDBE45EA663F79BEDDBECCBE663FA273DEBE3093663FA928DFBE7167663F8DDDDFBE8E3B663F4F92E0BE8F
:404F8000880F663FEE46E1BE5EE3653F6AFBE1BE10B7653FC4AFE2BEA08A653FFA63E3BE0B5E653F0E18E4BE5431653FFECBE4BE7904653FCB7FE5BE7BD7643F7533E6BEF7
:404FC00059AA643FFBE6E6BE147D643F5D9AE7BEAC4F643F9C4DE8BE2122643FB700E9BE73F4633FAEB3E9BEA1C6633F8166EABEAC98633F3019EBBE956A633FBBCBEBBEF4
:405000005A3C633F217EECBEFC0D633F6330EDBE7BDF623F80E2EDBED7B0623F7994EEBE1082623F4C46EFBE2653623FFBF7EFBE1A24623F85A9F0BEEAF4613FEA5AF1BEC6
:4050400098C5613F290CF2BE2296613F43BDF2BE8A66613F386EF3BED036613F071FF4BEF206613FB1CFF4BEF2D6603F3580F5BECFA6603F9330F6BE8976603FCBE0F6BEC0
:405080002146603FDC90F7BE9615603FC840F8BEE9E45F3F8EF0F8BE19B45F3F2DA0F9BE27835F3FA54FFABE12525F3FF7FEFABEDB205F3F22AEFBBE81EF5E3F275DFCBE23
:4050C00005BE5E3F040CFDBE678C5E3FBBBAFDBEA65A5E3F4A69FEBEC3285E3FB217FFBEBEF65D3FF3C5FFBE97C45D3F063A00BF4D925D3FFF9000BFE15F5D3FE4E700BFC1
:40510000532D5D3FB53E01BFA3FA5C3F739501BFD1C75C3F1CEC01BFDD945C3FB14202BFC7615C3F329902BF8E2E5C3F9FEF02BF34FB5B3FF84503BFB8C75B3F3D9C03BF74
:405140001A945B3F6DF203BF5A605B3F894804BF792C5B3F919E04BF75F85A3F84F404BF50C45A3F624A05BF09905A3F2CA005BFA05B5A3FE2F505BF16275A3F824B06BFF6
:405180006AF2593F0EA106BF9CBD593F86F606BFAD88593FE84B07BF9C53593F36A107BF6A1E593F6FF607BF17E9583F924B08BFA1B3583FA1A008BF0B7E583F9BF508BF7B
:4051C0005348583F7F4A09BF7912583F4E9F09BF7FDC573F09F409BF63A6573FAD480ABF2670573F3D9D0ABFC739573FB7F10ABF4803573F1C460BBFA7CC563F6B9A0BBF48
:40520000E595563FA5EE0BBF025F563FC9420CBFFE27563FD7960CBFD9F0553FD0EA0CBF93B9553FB33E0DBF2C82553F81920DBFA44A553F38E60DBFFB12553FDA390EBFB7
:4052400031DB543F658D0EBF47A3543FDBE00EBF3B6B543F3B340FBF0F33543F84870FBFC3FA533FB8DA0FBF55C2533FD52D10BFC789533FDC8010BF1851533FCDD310BF07
:405280004918533FA72611BF59DF523F6B7911BF49A6523F19CC11BF186D523FB01E12BFC633523F307112BF54FA513F9AC312BFC2C0513FEE1513BF1087513F2A6813BF7D
:4052C0003D4D513F50BA13BF4A13513F5F0C14BF37D9503F585E14BF039F503F39B014BFAF64503F040215BF3B2A503FB75315BFA8EF4F3F54A515BFF4B44F3FD9F615BF5F
:405300001F7A4F3F474816BF2B3F4F3F9F9916BF17044F3FDFEA16BFE4C84E3F073C17BF908D4E3F188D17BF1C524E3F12DE17BF89164E3FF52E18BFD5DA4D3FC07F18BFE7
:40534000029F4D3F73D018BF10634D3F0F2119BFFD264D3F947119BFCBEA4C3F00C219BF79AE4C3F55121ABF08724C3F93621ABF78354C3FB8B21ABFC7F84B3FC6021BBF4E
:40538000F8BB4B3FBB521BBF097F4B3F99A21BBFFA414B3F5FF21BBFCC044B3F0C421CBF7FC74A3FA2911CBF138A4A3F1FE11CBF874C4A3F84301DBFDC0E4A3FD17F1DBFC6
:4053C00012D1493F06CF1DBF2993493F221E1EBF2155493F266D1EBFFA16493F12BC1EBFB3D8483FE50A1FBF4E9A483F9F591FBFCA5B483F41A81FBF271D483FCBF61FBF7E
:4054000065DE473F3B4520BF849F473F939320BF8560473FD2E120BF6721473FF92F21BF2AE2463F067E21BFCEA2463FFBCB21BF5463463FD71922BFBB23463F996722BFA2
:4054400003E4453F43B522BF2DA4453FD30223BF3964453F4B5023BF2624453FA99D23BFF5E3443FEEEA23BFA5A3443F1A3824BF3763443F2C8524BFAB22443F25D224BF58
:4054800000E2433F041F25BF38A1433FCB6B25BF5160433F77B825BF4C1F433F0A0526BF29DE423F845126BFE89C423FE39D26BF895B423F2AEA26BF0B1A423F563627BFC3
:4054C00070D8413F688227BFB796413F61CE27BFE154413F401A28BFEC12413F056628BFDAD0403FB0B128BFA98E403F41FD28BF5C4C403FB84829BFF009403F159429BF08
:4055000067C73F3F57DF29BFC0843F3F802A2ABFFC413F3F8E752ABF1BFF3E3F82C02ABF1BBC3E3F5B0B2BBFFF783E3F1B562BBFC5353E3FBFA02BBF6EF23D3F4AEB2BBF35
:40554000F9AE3D3FB9352CBF676B3D3F0F802CBFB8273D3F49CA2CBFECE33C3F69142DBF03A03C3F6F5E2DBFFC5B3C3F59A82DBFD9173C3F29F22DBF98D33B3FDE3B2EBF68
:405580003B8F3B3F78852EBFC14A3B3FF7CE2EBF29063B3F5B182FBF75C13A3FA5612FBFA47C3A3FD3AA2FBFB7373A3FE6F32FBFACF2393FDE3C30BF85AD393FBB8530BFAF
:4055C0004268393F7CCE30BFE122393F221731BF65DD383FAD5F31BFCB97383F1DA831BF1652383F71F031BF430C383FAA3832BF55C6373FC78032BF4A80373FC9C832BF15
:40560000233A373FAF1033BFDFF3363F7A5833BF7FAD363F29A033BF0467363FBCE733BF6C20363F342F34BFB8D9353F8F7634BFE792353FCFBD34BFFB4B353FF30435BFA5
:40564000F304353FFB4B35BFCFBD343FE79235BF8F76343FB8D935BF342F343F6C2036BFBCE7333F046736BF29A0333F7FAD36BF7A58333FDFF336BFAF10333F233A37BF65
:40568000C9C8323F4A8037BFC780323F55C637BFAA38323F430C38BF71F0313F165238BF1DA8313FCB9738BFAD5F313F65DD38BF2217313FE12239BF7CCE303F426839BF54
:4056C000BB85303F85AD39BFDE3C303FACF239BFE6F32F3FB7373ABFD3AA2F3FA47C3ABFA5612F3F75C13ABF5B182F3F29063BBFF7CE2E3FC14A3BBF78852E3F3B8F3BBF6E
:40570000DE3B2E3F98D33BBF29F22D3FD9173CBF59A82D3FFC5B3CBF6F5E2D3F03A03CBF69142D3FECE33CBF49CA2C3FB8273DBF0F802C3F676B3DBFB9352C3FF9AE3DBFA6
:405740004AEB2B3F6EF23DBFBFA02B3FC5353EBF1B562B3FFF783EBF5B0B2B3F1BBC3EBF82C02A3F1BFF3EBF8E752A3FFC413FBF802A2A3FC0843FBF57DF293F67C73FBFF3
:405780001594293FF00940BFB848293F5C4C40BF41FD283FA98E40BFB0B1283FDAD040BF0566283FEC1241BF401A283FE15441BF61CE273FB79641BF6882273F70D841BF45
:4057C0005636273F0B1A42BF2AEA263F895B42BFE39D263FE89C42BF8451263F29DE42BF0A05263F4C1F43BF77B8253F516043BFCB6B253F38A143BF041F253F00E243BF80
:4058000025D2243FAB2244BF2C85243F376344BF1A38243FA5A344BFEEEA233FF5E344BFA99D233F262445BF4B50233F396445BFD302233F2DA445BF43B5223F03E445BF94
:405840009967223FBB2346BFD719223F546346BFFBCB213FCEA246BF067E213F2AE246BFF92F213F672147BFD2E1203F856047BF9393203F849F47BF3B45203F65DE47BF5E
:40588000CBF61F3F271D48BF41A81F3FCA5B48BF9F591F3F4E9A48BFE50A1F3FB3D848BF12BC1E3FFA1649BF266D1E3F215549BF221E1E3F299349BF06CF1D3F12D149BFB9
:4058C000D17F1D3FDC0E4ABF84301D3F874C4ABF1FE11C3F138A4ABFA2911C3F7FC74ABF0C421C3FCC044BBF5FF21B3FFA414BBF99A21B3F097F4BBFBB521B3FF8BB4BBF81
:40590000C6021B3FC7F84BBFB8B21A3F78354CBF93621A3F08724CBF55121A3F79AE4CBF00C2193FCBEA4CBF9471193FFD264DBF0F21193F10634DBF73D0183F029F4DBF88
:40594000C07F183FD5DA4DBFF52E183F89164EBF12DE173F1C524EBF188D173F908D4EBF073C173FE4C84EBFDFEA163F17044FBF9F99163F2B3F4FBF4748163F1F7A4FBFA1
:40598000D9F6153FF4B44FBF54A5153FA8EF4FBFB753153F3B2A50BF0402153FAF6450BF39B0143F039F50BF585E143F37D950BF5F0C143F4A1351BF50BA133F3D4D51BF98
:4059C0002A68133F108751BFEE15133FC2C051BF9AC3123F54FA51BF3071123FC63352BFB01E123F186D52BF19CC113F49A652BF6B79113F59DF52BFA726113F491853BF36
:405A0000CDD3103F185153BFDC80103FC78953BFD52D103F55C253BFB8DA0F3FC3FA53BF84870F3F0F3354BF3B340F3F3B6B54BFDBE00E3F47A354BF658D0E3F31DB54BF3F
:405A4000DA390E3FFB1255BF38E60D3FA44A55BF81920D3F2C8255BFB33E0D3F93B955BFD0EA0C3FD9F055BFD7960C3FFE2756BFC9420C3F025F56BFA5EE0B3FE59556BF6F
:405A80006B9A0B3FA7CC56BF1C460B3F480357BFB7F10A3FC73957BF3D9D0A3F267057BFAD480A3F63A657BF09F4093F7FDC57BF4E9F093F791258BF7F4A093F534858BF7F
:405AC0009BF5083F0B7E58BFA1A0083FA1B358BF924B083F17E958BF6FF6073F6A1E59BF36A1073F9C5359BFE84B073FAD8859BF86F6063F9CBD59BF0EA1063F6AF259BF32
:405B0000824B063F16275ABFE2F5053FA05B5ABF2CA0053F09905ABF624A053F50C45ABF84F4043F75F85ABF919E043F792C5BBF8948043F5A605BBF6DF2033F1A945BBF2C
:405B40003D9C033FB8C75BBFF845033F34FB5BBF9FEF023F8E2E5CBF3299023FC7615CBFB142023FDD945CBF1CEC013FD1C75CBF7395013FA3FA5CBFB53E013F532D5DBF2A
:405B8000E4E7003FE15F5DBFFF90003F4D925DBF063A003F97C45DBFF3C5FF3EBEF65DBFB217FF3EC3285EBF4A69FE3EA65A5EBFBBBAFD3E678C5EBF040CFD3E05BE5EBFF6
:405BC000275DFC3E81EF5EBF22AEFB3EDB205FBFF7FEFA3E12525FBFA54FFA3E27835FBF2DA0F93E19B45FBF8EF0F83EE9E45FBFC840F83E961560BFDC90F73E214660BFD8
:405C0000CBE0F63E897660BF9330F63ECFA660BF3580F53EF2D660BFB1CFF43EF20661BF071FF43ED03661BF386EF33E8A6661BF43BDF23E229661BF290CF23E98C561BFF4
:405C4000EA5AF13EEAF461BF85A9F03E1A2462BFFBF7EF3E265362BF4C46EF3E108262BF7994EE3ED7B062BF80E2ED3E7BDF62BF6330ED3EFC0D63BF217EEC3E5A3C63BF7A
:405C8000BBCBEB3E956A63BF3019EB3EAC9863BF8166EA3EA1C663BFAEB3E93E73F463BFB700E93E212264BF9C4DE83EAC4F64BF5D9AE73E147D64BFFBE6E63E59AA64BF27
:405CC0007533E63E7BD764BFCB7FE53E790465BFFECBE43E543165BF0E18E43E0B5E65BFFA63E33EA08A65BFC4AFE23E10B765BF6AFBE13E5EE365BFEE46E13E880F66BFAA
:405D00004F92E03E8E3B66BF8DDDDF3E716766BFA928DF3E309366BFA273DE3ECCBE66BF79BEDD3E45EA66BF2E09DD3E991567BFC153DC3ECA4067BF319EDB3ED86B67BFC1
:405D400080E8DA3EC19667BFAD32DA3E87C167BFB97CD93E2AEC67BFA3C6D83EA81668BF6B10D83E034168BF135AD73E396B68BF99A3D63E4C9568BFFDECD53E3CBF68BF16
:405D80004136D53E07E968BF647FD43EAE1269BF67C8D33E323C69BF4811D33E916569BF095AD23ECC8E69BFAAA2D13EE4B769BF2AEBD03ED7E069BF8A33D03EA7096ABF4E
:405DC000CA7BCF3E52326ABFEAC3CE3ED95A6ABFEA0BCE3E3C836ABFCA53CD3E7BAB6ABF8B9BCC3E95D36ABF2CE3CB3E8CFB6ABFAE2ACB3E5E236BBF1072CA3E0C4B6BBF0F
:405E000053B9C93E95726BBF7700C93EFB996BBF7C47C83E3BC16BBF628EC73E58E86BBF29D5C63E500F6CBFD21BC63E24366CBF5C62C53ED45C6CBFC8A8C43E5E836CBFF8
:405E400015EFC33EC5A96CBF4435C33E07D06CBF557BC23E24F66CBF48C1C13E1D1C6DBF1E07C13EF2416DBFD54CC03EA1676DBF6F92BF3E2D8D6DBFEBD7BE3E93B26DBF9D
:405E80004A1DBE3ED5D76DBF8B62BD3EF2FC6DBFAFA7BC3EEB216EBFB6ECBB3EBE466EBFA031BB3E6D6B6EBF6E76BA3EF88F6EBF1EBBB93E5DB46EBFB2FFB83E9ED86EBF99
:405EC0002A44B83EBAFC6EBF8488B73EB0206FBFC3CCB63E83446FBFE610B63E30686FBFEC54B53EB88B6FBFD698B43E1BAF6FBFA5DCB33E5AD26FBF5820B33E73F56FBF6D
:405F0000EF63B23E671870BF6BA7B13E373B70BFCBEAB03EE15D70BF102EB03E668070BF3A71AF3EC6A270BF49B4AE3E02C570BF3CF7AD3E17E770BF153AAD3E080971BFAA
:405F4000D47CAC3ED42A71BF77BFAB3E7A4C71BF0102AB3EFB6D71BF6F44AA3E578F71BFC486A93E8EB071BFFEC8A83E9FD171BF1F0BA83E8CF271BF254DA73E521372BFD9
:405F8000128FA63EF43372BFE5D0A53E705472BF9F12A53EC77472BF3F54A43EF89472BFC595A33E04B572BF33D7A23EEBD472BF8718A23EACF472BFC259A13E471473BF6F
:405FC000E59AA03EBE3373BFEEDB9F3E0E5373BFDF1C9F3E397273BFB85D9E3E3F9173BF789E9D3E1FB073BF20DF9C3ED9CE73BFAF1F9C3E6EED73BF27609B3EDD0B74BFEC
:4060000086A09A3E272A74BFCEE0993E4B4874BFFE20993E496674BF1661983E228474BF17A1973ED5A174BF00E1963E62BF74BFD220963EC9DC74BF8D60953E0BFA74BFC1
:4060400031A0943E271775BFBFDF933E1D3475BF351F933EED5075BF945E923E976D75BFDD9D913E1C8A75BF10DD903E7BA675BF2C1C903EB3C275BF325B8F3EC6DE75BF63
:40608000229A8E3EB3FA75BFFCD88D3E7A1676BFC0178D3E1B3276BF6E568C3E974D76BF07958B3EEC6876BF8AD38A3E1B8476BFF8118A3E249F76BF5050893E07BA76BF3B
:4060C000938E883EC4D476BFC1CC873E5BEF76BFDA0A873ECC0977BFDF48863E172477BFCE86853E3C3E77BFAAC4843E3A5877BF7002843E137277BF2240833EC58B77BFB4
:40610000C07D823E51A577BF4ABB813EB7BE77BFC0F8803EF7D777BF2236803E10F177BFE1E67E3E040A78BF56617D3ED12278BFA4DB7B3E773B78BFCB557A3EF85378BF21
:40614000CCCF783E526C78BFA649773E868478BF5AC3753E939C78BFE83C743E7BB478BF51B6723E3BCC78BF942F713ED6E378BFB2A86F3E4AFB78BFAB216E3E981279BF4E
:406180007F9A6C3EBF2979BF2F136B3EC04079BFBA8B693E9A5779BF2204683E4E6E79BF667C663EDC8479BF86F4643E439B79BF836C633E83B179BF5CE4613E9DC779BF3D
:4061C000135C603E91DD79BFA8D35E3E5EF379BF1A4B5D3E04097ABF6AC25B3E841E7ABF97395A3EDD337ABFA4B0583E10497ABF8F27573E1C5E7ABF589E553E02737ABF04
:406200000115543EC1877ABF898B523E599C7ABFF101513ECBB07ABF38784F3E16C57ABF60EE4D3E3AD97ABF67644C3E37ED7ABF4FDA4A3E0E017BBF1850493EBE147BBF11
:40624000C2C5473E48287BBF4D3B463EAB3B7BBFB9B0443EE74E7BBF0726433EFC617BBF379B413EEA747BBF4910403EB2877BBF3E853E3E539A7BBF15FA3C3ECDAC7BBFC8
:40628000CF6E3B3E20BF7BBF6CE3393E4DD17BBFEC57383E53E37BBF50CC363E31F57BBF9840353EE9067CBFC4B4333E7A187CBFD428323EE5297CBFC99C303E283B7CBF87
:4062C000A2102F3E444C7CBF61842D3E3A5D7CBF04F82B3E086E7CBF8D6B2A3EB07E7CBFFCDE283E318F7CBF5152273E8A9F7CBF8CC5253EBDAF7CBFAD38243EC9BF7CBFA7
:40630000B6AB223EAECF7CBFA51E213E6CDF7CBF7B911F3E03EF7CBF38041E3E73FE7CBFDE761C3EBC0D7DBF6BE91A3EDD1C7DBFE05B193ED82B7DBF3DCE173EAC3A7DBF7B
:406340008340163E59497DBFB2B2143EDE577DBFCA24133E3D667DBFCC96113E74747DBFB708103E85827DBF8B7A0E3E6E907DBF4AEC0C3E309E7DBFF35D0B3ECCAB7DBF5D
:4063800086CF093E40B97DBF0541083E8CC67DBF6EB2063EB2D37DBFC223053EB1E07DBF0295033E88ED7DBF2E06023E38FA7DBF4577003EC2067EBF92D0FD3D24137EBF5E
:4063C00073B2FA3D5E1F7EBF2C94F73D722B7EBFC075F43D5E377EBF2E57F13D23437EBF7638EE3DC14E7EBF9A19EB3D385A7EBF9AFAE73D88657EBF76DBE43DB0707EBFAB
:406400002EBCE13DB17B7EBFC49CDE3D8B867EBF377DDB3D3D917EBF895DD83DC99B7EBFB93DD53D2DA67EBFC81DD23D69B07EBFB7FDCE3D7FBA7EBF86DDCB3D6DC47EBF3F
:4064400036BDC83D34CE7EBFC69CC53DD4D77EBF397CC23D4CE17EBF8D5BBF3D9DEA7EBFC33ABC3DC7F37EBFDD19B93DC9FC7EBFDAF8B53DA4057FBFBBD7B23D580E7FBF28
:4064800080B6AF3DE4167FBF2B95AC3D491F7FBFBA73A93D87277FBF3052A63D9D2F7FBF8C30A33D8D377FBFCF0EA03D543F7FBFF9EC9C3DF4467FBF0ACB993D6D4E7FBFC2
:4064C00005A9963DBF557FBFE786933DE95C7FBFB464903DEC637FBF6A428D3DC76A7FBF0A208A3D7B717FBF94FD863D08787FBF0ADB833D6D7E7FBF6CB8803DAB847FBF69
:40650000742B7B3DC28A7FBFE9E5743DB1907FBF38A06E3D78967FBF625A683D189C7FBF6814623D91A17FBF4CCE5B3DE3A67FBF0E88553D0DAC7FBFAF414F3D0FB17FBFBD
:406540002FFB483DEAB57FBF91B4423D9EBA7FBFD56D3C3D2ABF7FBFFC26363D8FC37FBF07E02F3DCCC77FBFF698293DE2CB7FBFCC51233DD1CF7FBF880A1D3D98D37FBF3B
:406580002CC3163D37D77FBFB87B103DAFDA7FBF2F340A3D00DE7FBF90EC033D29E17FBFB949FB3C2BE47FBF2DBAEE3C05E77FBF7B2AE23CB8E97FBFA69AD53C43EC7FBF1B
:4065C000B00AC93CA7EE7FBF9B7ABC3CE3F07FBF69EAAF3CF8F27FBF1C5AA33CE6F47FBFB6C9963CACF67FBF38398A3C4AF87FBF4B517B3CC1F97FBF0030623C11FB7FBFCD
:40660000900E493C39FC7FBF02ED2F3C39FD7FBF59CB163C13FE7FBF3053FB3BC4FE7FBF890FC93B4EFF7FBFC1CB963BB1FF7FBFC70F493BECFF7FBFD40FC93A000080BF5E
:4066400000000000ECFF7FBFD40FC9BAB1FF7FBFC70F49BB4EFF7FBFC1CB96BBC4FE7FBF890FC9BB13FE7FBF3053FBBB39FD7FBF59CB16BC39FC7FBF02ED2FBC11FB7FBFB6
:40668000900E49BCC1F97FBF003062BC4AF87FBF4B517BBCACF67FBF38398ABCE6F47FBFB6C996BCF8F27FBF1C5AA3BCE3F07FBF69EAAFBCA7EE7FBF9B7ABCBC43EC7FBF85
:4066C000B00AC9BCB8E97FBFA69AD5BC05E77FBF7B2AE2BC2BE47FBF2DBAEEBC29E17FBFB949FBBC00DE7FBF90EC03BDAFDA7FBF2F340ABD37D77FBFB87B10BD98D37FBF21
:406700002CC316BDD1CF7FBF880A1DBDE2CB7FBFCC5123BDCCC77FBFF69829BD8FC37FBF07E02FBD2ABF7FBFFC2636BD9EBA7FBFD56D3CBDEAB57FBF91B442BD0FB17FBF91
:406740002FFB48BD0DAC7FBFAF414FBDE3A67FBF0E8855BD91A17FBF4CCE5BBD189C7FBF681462BD78967FBF625A68BDB1907FBF38A06EBDC28A7FBFE9E574BDAB847FBFB4
:40678000742B7BBD6D7E7FBF6CB880BD08787FBF0ADB83BD7B717FBF94FD86BDC76A7FBF0A208ABDEC637FBF6A428DBDE95C7FBFB46490BDBF557FBFE78693BD6D4E7FBF44
:4067C00005A996BDF4467FBF0ACB99BD543F7FBFF9EC9CBD8D377FBFCF0EA0BD9D2F7FBF8C30A3BD87277FBF3052A6BD491F7FBFBA73A9BDE4167FBF2B95ACBD580E7FBF75
:4068000080B6AFBDA4057FBFBBD7B2BDC9FC7EBFDAF8B5BDC7F37EBFDD19B9BD9DEA7EBFC33ABCBD4CE17EBF8D5BBFBDD4D77EBF397CC2BD34CE7EBFC69CC5BD6DC47EBF70
:4068400036BDC8BD7FBA7EBF86DDCBBD69B07EBFB7FDCEBD2DA67EBFC81DD2BDC99B7EBFB93DD5BD3D917EBF895DD8BD8B867EBF377DDBBDB17B7EBFC49CDEBDB0707EBF1C
:406880002EBCE1BD88657EBF76DBE4BD385A7EBF9AFAE7BDC14E7EBF9A19EBBD23437EBF7638EEBD5E377EBF2E57F1BD722B7EBFC075F4BD5E1F7EBF2C94F7BD24137EBF23
:4068C00073B2FABDC2067EBF92D0FDBD38FA7DBF457700BE88ED7DBF2E0602BEB1E07DBF029503BEB2D37DBFC22305BE8CC67DBF6EB206BE40B97DBF054108BECCAB7DBF1A
:4069000086CF09BE309E7DBFF35D0BBE6E907DBF4AEC0CBE85827DBF8B7A0EBE74747DBFB70810BE3D667DBFCC9611BEDE577DBFCA2413BE59497DBFB2B214BEAC3A7DBFA3
:40694000834016BED82B7DBF3DCE17BEDD1C7DBFE05B19BEBC0D7DBF6BE91ABE73FE7CBFDE761CBE03EF7CBF38041EBE6CDF7CBF7B911FBEAECF7CBFA51E21BEC9BF7CBF3E
:40698000B6AB22BEBDAF7CBFAD3824BE8A9F7CBF8CC525BE318F7CBF515227BEB07E7CBFFCDE28BE086E7CBF8D6B2ABE3A5D7CBF04F82BBE444C7CBF61842DBE283B7CBF63
:4069C000A2102FBEE5297CBFC99C30BE7A187CBFD42832BEE9067CBFC4B433BE31F57BBF984035BE53E37BBF50CC36BE4DD17BBFEC5738BE20BF7BBF6CE339BECDAC7BBFC2
:406A0000CF6E3BBE539A7BBF15FA3CBEB2877BBF3E853EBEEA747BBF491040BEFC617BBF379B41BEE74E7BBF072643BEAB3B7BBFB9B044BE48287BBF4D3B46BEBE147BBFFD
:406A4000C2C547BE0E017BBF185049BE37ED7ABF4FDA4ABE3AD97ABF67644CBE16C57ABF60EE4DBECBB07ABF38784FBE599C7ABFF10151BEC1877ABF898B52BE02737ABFC3
:406A8000011554BE1C5E7ABF589E55BE10497ABF8F2757BEDD337ABFA4B058BE841E7ABF97395ABE04097ABF6AC25BBE5EF379BF1A4B5DBE91DD79BFA8D35EBE9DC779BFB2
:406AC000135C60BE83B179BF5CE461BE439B79BF836C63BEDC8479BF86F464BE4E6E79BF667C66BE9A5779BF220468BEC04079BFBA8B69BEBF2979BF2F136BBE981279BF64
:406B00007F9A6CBE4AFB78BFAB216EBED6E378BFB2A86FBE3BCC78BF942F71BE7BB478BF51B672BE939C78BFE83C74BE868478BF5AC375BE526C78BFA64977BEF85378BF72
:406B4000CCCF78BE773B78BFCB557ABED12278BFA4DB7BBE040A78BF56617DBE10F177BFE1E67EBEF7D777BF223680BEB7BE77BFC0F880BE51A577BF4ABB81BEC58B77BF7F
:406B8000C07D82BE137277BF224083BE3A5877BF700284BE3C3E77BFAAC484BE172477BFCE8685BECC0977BFDF4886BE5BEF76BFDA0A87BEC4D476BFC1CC87BE07BA76BF63
:406BC000938E88BE249F76BF505089BE1B8476BFF8118ABEEC6876BF8AD38ABE974D76BF07958BBE1B3276BF6E568CBE7A1676BFC0178DBEB3FA75BFFCD88DBEC6DE75BFAF
:406C0000229A8EBEB3C275BF325B8FBE7BA675BF2C1C90BE1C8A75BF10DD90BE976D75BFDD9D91BEED5075BF945E92BE1D3475BF351F93BE271775BFBFDF93BE0BFA74BF52
:406C400031A094BEC9DC74BF8D6095BE62BF74BFD22096BED5A174BF00E196BE228474BF17A197BE496674BF166198BE4B4874BFFE2099BE272A74BFCEE099BEDD0B74BFED
:406C800086A09ABE6EED73BF27609BBED9CE73BFAF1F9CBE1FB073BF20DF9CBE3F9173BF789E9DBE397273BFB85D9EBE0E5373BFDF1C9FBEBE3373BFEEDB9FBE471473BF0C
:406CC000E59AA0BEACF472BFC259A1BEEBD472BF8718A2BE04B572BF33D7A2BEF89472BFC595A3BEC77472BF3F54A4BE705472BF9F12A5BEF43372BFE5D0A5BE521372BF41
:406D0000128FA6BE8CF271BF254DA7BE9FD171BF1F0BA8BE8EB071BFFEC8A8BE578F71BFC486A9BEFB6D71BF6F44AABE7A4C71BF0102ABBED42A71BF77BFABBE080971BF15
:406D4000D47CACBE17E770BF153AADBE02C570BF3CF7ADBEC6A270BF49B4AEBE668070BF3A71AFBEE15D70BF102EB0BE373B70BFCBEAB0BE671870BF6BA7B1BE73F56FBF0F
:406D8000EF63B2BE5AD26FBF5820B3BE1BAF6FBFA5DCB3BEB88B6FBFD698B4BE30686FBFEC54B5BE83446FBFE610B6BEB0206FBFC3CCB6BEBAFC6EBF8488B7BE9ED86EBFB3
:406DC0002A44B8BE5DB46EBFB2FFB8BEF88F6EBF1EBBB9BE6D6B6EBF6E76BABEBE466EBFA031BBBEEB216EBFB6ECBBBEF2FC6DBFAFA7BCBED5D76DBF8B62BDBE93B26DBF7B
:406E00004A1DBEBE2D8D6DBFEBD7BEBEA1676DBF6F92BFBEF2416DBFD54CC0BE1D1C6DBF1E07C1BE24F66CBF48C1C1BE07D06CBF557BC2BEC5A96CBF4435C3BE5E836CBFD4
:406E400015EFC3BED45C6CBFC8A8C4BE24366CBF5C62C5BE500F6CBFD21BC6BE58E86BBF29D5C6BE3BC16BBF628EC7BEFB996BBF7C47C8BE95726BBF7700C9BE0C4B6BBF41
:406E800053B9C9BE5E236BBF1072CABE8CFB6ABFAE2ACBBE95D36ABF2CE3CBBE7BAB6ABF8B9BCCBE3C836ABFCA53CDBED95A6ABFEA0BCEBE52326ABFEAC3CEBEA7096ABF25
:406EC000CA7BCFBED7E069BF8A33D0BEE4B769BF2AEBD0BECC8E69BFAAA2D1BE916569BF095AD2BE323C69BF4811D3BEAE1269BF67C8D3BE07E968BF647FD4BE3CBF68BFEC
:406F00004136D5BE4C9568BFFDECD5BE396B68BF99A3D6BE034168BF135AD7BEA81668BF6B10D8BE2AEC67BFA3C6D8BE87C167BFB97CD9BEC19667BFAD32DABED86B67BFF3
:406F400080E8DABECA4067BF319EDBBE991567BFC153DCBE45EA66BF2E09DDBECCBE66BF79BEDDBE309366BFA273DEBE716766BFA928DFBE8E3B66BF8DDDDFBE880F66BF9B
:406F80004F92E0BE5EE365BFEE46E1BE10B765BF6AFBE1BEA08A65BFC4AFE2BE0B5E65BFFA63E3BE543165BF0E18E4BE790465BFFECBE4BE7BD764BFCB7FE5BE59AA64BF3A
:406FC0007533E6BE147D64BFFBE6E6BEAC4F64BF5D9AE7BE212264BF9C4DE8BE73F463BFB700E9BEA1C663BFAEB3E9BEAC9863BF8166EABE956A63BF3019EBBE5A3C63BF25
:40700000BBCBEBBEFC0D63BF217EECBE7BDF62BF6330EDBED7B062BF80E2EDBE108262BF7994EEBE265362BF4C46EFBE1A2462BFFBF7EFBEEAF461BF85A9F0BE98C561BFA5
:40704000EA5AF1BE229661BF290CF2BE8A6661BF43BDF2BED03661BF386EF3BEF20661BF071FF4BEF2D660BFB1CFF4BECFA660BF3580F5BE897660BF9330F6BE214660BF03
:40708000CBE0F6BE961560BFDC90F7BEE9E45FBFC840F8BE19B45FBF8EF0F8BE27835FBF2DA0F9BE12525FBFA54FFABEDB205FBFF7FEFABE81EF5EBF22AEFBBE05BE5EBF88
:4070C000275DFCBE678C5EBF040CFDBEA65A5EBFBBBAFDBEC3285EBF4A69FEBEBEF65DBFB217FFBE97C45DBFF3C5FFBE4D925DBF063A00BFE15F5DBFFF9000BF532D5DBF31
:40710000E4E700BFA3FA5CBFB53E01BFD1C75CBF739501BFDD945CBF1CEC01BFC7615CBFB14202BF8E2E5CBF329902BF34FB5BBF9FEF02BFB8C75BBFF84503BF1A945BBF39
:407140003D9C03BF5A605BBF6DF203BF792C5BBF894804BF75F85ABF919E04BF50C45ABF84F404BF09905ABF624A05BFA05B5ABF2CA005BF16275ABFE2F505BF6AF259BF21
:40718000824B06BF9CBD59BF0EA106BFAD8859BF86F606BF9C5359BFE84B07BF6A1E59BF36A107BF17E958BF6FF607BFA1B358BF924B08BF0B7E58BFA1A008BF534858BFE2
:4071C0009BF508BF791258BF7F4A09BF7FDC57BF4E9F09BF63A657BF09F409BF267057BFAD480ABFC73957BF3D9D0ABF480357BFB7F10ABFA7CC56BF1C460BBFE59556BFC3
:407200006B9A0BBF025F56BFA5EE0BBFFE2756BFC9420CBFD9F055BFD7960CBF93B955BFD0EA0CBF2C8255BFB33E0DBFA44A55BF81920DBFFB1255BF38E60DBF31DB54BF18
:40724000DA390EBF47A354BF658D0EBF3B6B54BFDBE00EBF0F3354BF3B340FBFC3FA53BF84870FBF55C253BFB8DA0FBFC78953BFD52D10BF185153BFDC8010BF491853BF22
:40728000CDD310BF59DF52BFA72611BF49A652BF6B7911BF186D52BF19CC11BFC63352BFB01E12BF54FA51BF307112BFC2C051BF9AC312BF108751BFEE1513BF3D4D51BF2B
:4072C0002A6813BF4A1351BF50BA13BF37D950BF5F0C14BF039F50BF585E14BFAF6450BF39B014BF3B2A50BF040215BFA8EF4FBFB75315BFF4B44FBF54A515BF1F7A4FBF71
:40730000D9F615BF2B3F4FBF474816BF17044FBF9F9916BFE4C84EBFDFEA16BF908D4EBF073C17BF1C524EBF188D17BF89164EBF12DE17BFD5DA4DBFF52E18BF029F4DBF34
:40734000C07F18BF10634DBF73D018BFFD264DBF0F2119BFCBEA4CBF947119BF79AE4CBF00C219BF08724CBF55121ABF78354CBF93621ABFC7F84BBFB8B21ABFF8BB4BBFAA
:40738000C6021BBF097F4BBFBB521BBFFA414BBF99A21BBFCC044BBF5FF21BBF7FC74ABF0C421CBF138A4ABFA2911CBF874C4ABF1FE11CBFDC0E4ABF84301DBF12D149BF02
:4073C000D17F1DBF299349BF06CF1DBF215549BF221E1EBFFA1649BF266D1EBFB3D848BF12BC1EBF4E9A48BFE50A1FBFCA5B48BF9F591FBF271D48BF41A81FBF65DE47BF73
:40740000CBF61FBF849F47BF3B4520BF856047BF939320BF672147BFD2E120BF2AE246BFF92F21BFCEA246BF067E21BF546346BFFBCB21BFBB2346BFD71922BF03E445BF22
:40744000996722BF2DA445BF43B522BF396445BFD30223BF262445BF4B5023BFF5E344BFA99D23BFA5A344BFEEEA23BF376344BF1A3824BFAB2244BF2C8524BF00E243BF38
:4074800025D224BF38A143BF041F25BF516043BFCB6B25BF4C1F43BF77B825BF29DE42BF0A0526BFE89C42BF845126BF895B42BFE39D26BF0B1A42BF2AEA26BF70D841BFD7
:4074C000563627BFB79641BF688227BFE15441BF61CE27BFEC1241BF401A28BFDAD040BF056628BFA98E40BFB0B128BF5C4C40BF41FD28BFF00940BFB84829BF67C73FBF23
:40750000159429BFC0843FBF57DF29BFFC413FBF802A2ABF1BFF3EBF8E752ABF1BBC3EBF82C02ABFFF783EBF5B0B2BBFC5353EBF1B562BBF6EF23DBFBFA02BBFF9AE3DBF2C
:407540004AEB2BBF676B3DBFB9352CBFB8273DBF0F802CBFECE33CBF49CA2CBF03A03CBF69142DBFFC5B3CBF6F5E2DBFD9173CBF59A82DBF98D33BBF29F22DBF3B8F3BBF0E
:40758000DE3B2EBFC14A3BBF78852EBF29063BBFF7CE2EBF75C13ABF5B182FBFA47C3ABFA5612FBFB7373ABFD3AA2FBFACF239BFE6F32FBF85AD39BFDE3C30BF426839BFDA
:4075C000BB8530BFE12239BF7CCE30BF65DD38BF221731BFCB9738BFAD5F31BF165238BF1DA831BF430C38BF71F031BF55C637BFAA3832BF4A8037BFC78032BF233A37BF97
:40760000C9C832BFDFF336BFAF1033BF7FAD36BF7A5833BF046736BF29A033BF6C2036BFBCE733BFB8D935BF342F34BFE79235BF8F7634BFFB4B35BFCFBD34BFF30435BF56
:40764000F30435BFCFBD34BFFB4B35BF8F7634BFE79235BF342F34BFB8D935BFBCE733BF6C2036BF29A033BF046736BF7A5833BF7FAD36BFAF1033BFDFF336BFC9C832BF16
:40768000233A37BFC78032BF4A8037BFAA3832BF55C637BF71F031BF430C38BF1DA831BF165238BFAD5F31BFCB9738BF221731BF65DD38BF7CCE30BFE12239BFBB8530BFD6
:4076C000426839BFDE3C30BF85AD39BFE6F32FBFACF239BFD3AA2FBFB7373ABFA5612FBFA47C3ABF5B182FBF75C13ABFF7CE2EBF29063BBF78852EBFC14A3BBFDE3B2EBF99
:407700003B8F3BBF29F22DBF98D33BBF59A82DBFD9173CBF6F5E2DBFFC5B3CBF69142DBF03A03CBF49CA2CBFECE33CBF0F802CBFB8273DBFB9352CBF676B3DBF4AEB2BBF4C
:40774000F9AE3DBFBFA02BBF6EF23DBF1B562BBFC5353EBF5B0B2BBFFF783EBF82C02ABF1BBC3EBF8E752ABF1BFF3EBF802A2ABFFC413FBF57DF29BFC0843FBF159429BFEA
:4077800067C73FBFB84829BFF00940BF41FD28BF5C4C40BFB0B128BFA98E40BF056628BFDAD040BF401A28BFEC1241BF61CE27BFE15441BF688227BFB79641BF563627BF60
:4077C00070D841BF2AEA26BF0B1A42BFE39D26BF895B42BF845126BFE89C42BF0A0526BF29DE42BF77B825BF4C1F43BFCB6B25BF516043BF041F25BF38A143BF25D224BF94
:4078000000E243BF2C8524BFAB2244BF1A3824BF376344BFEEEA23BFA5A344BFA99D23BFF5E344BF4B5023BF262445BFD30223BF396445BF43B522BF2DA445BF996722BF74
:4078400003E445BFD71922BFBB2346BFFBCB21BF546346BF067E21BFCEA246BFF92F21BF2AE246BFD2E120BF672147BF939320BF856047BF3B4520BF849F47BFCBF61FBFDE
:4078800065DE47BF41A81FBF271D48BF9F591FBFCA5B48BFE50A1FBF4E9A48BF12BC1EBFB3D848BF266D1EBFFA1649BF221E1EBF215549BF06CF1DBF299349BFD17F1DBFAE
:4078C00012D149BF84301DBFDC0E4ABF1FE11CBF874C4ABFA2911CBF138A4ABF0C421CBF7FC74ABF5FF21BBFCC044BBF99A21BBFFA414BBFBB521BBF097F4BBFC6021BBFBD
:40790000F8BB4BBFB8B21ABFC7F84BBF93621ABF78354CBF55121ABF08724CBF00C219BF79AE4CBF947119BFCBEA4CBF0F2119BFFD264DBF73D018BF10634DBFC07F18BFE4
:40794000029F4DBFF52E18BFD5DA4DBF12DE17BF89164EBF188D17BF1C524EBF073C17BF908D4EBFDFEA16BFE4C84EBF9F9916BF17044FBF474816BF2B3F4FBFD9F615BFEE
:407980001F7A4FBF54A515BFF4B44FBFB75315BFA8EF4FBF040215BF3B2A50BF39B014BFAF6450BF585E14BF039F50BF5F0C14BF37D950BF50BA13BF4A1351BF2A6813BFAA
:4079C0003D4D51BFEE1513BF108751BF9AC312BFC2C051BF307112BF54FA51BFB01E12BFC63352BF19CC11BF186D52BF6B7911BF49A652BFA72611BF59DF52BFCDD310BFE4
:407A0000491853BFDC8010BF185153BFD52D10BFC78953BFB8DA0FBF55C253BF84870FBFC3FA53BF3B340FBF0F3354BFDBE00EBF3B6B54BF658D0EBF47A354BFDA390EBF5A
:407A400031DB54BF38E60DBFFB1255BF81920DBFA44A55BFB33E0DBF2C8255BFD0EA0CBF93B955BFD7960CBFD9F055BFC9420CBFFE2756BFA5EE0BBF025F56BF6B9A0BBFD0
:407A8000E59556BF1C460BBFA7CC56BFB7F10ABF480357BF3D9D0ABFC73957BFAD480ABF267057BF09F409BF63A657BF4E9F09BF7FDC57BF7F4A09BF791258BF9BF508BFFA
:407AC000534858BFA1A008BF0B7E58BF924B08BFA1B358BF6FF607BF17E958BF36A107BF6A1E59BFE84B07BF9C5359BF86F606BFAD8859BF0EA106BF9CBD59BF824B06BF99
:407B00006AF259BFE2F505BF16275ABF2CA005BFA05B5ABF624A05BF09905ABF84F404BF50C45ABF919E04BF75F85ABF894804BF792C5BBF6DF203BF5A605BBF3D9C03BF57
:407B40001A945BBFF84503BFB8C75BBF9FEF02BF34FB5BBF329902BF8E2E5CBFB14202BFC7615CBF1CEC01BFDD945CBF739501BFD1C75CBFB53E01BFA3FA5CBFE4E700BFEF
:407B8000532D5DBFFF9000BFE15F5DBF063A00BF4D925DBFF3C5FFBE97C45DBFB217FFBEBEF65DBF4A69FEBEC3285EBFBBBAFDBEA65A5EBF040CFDBE678C5EBF275DFCBE66
:407BC00005BE5EBF22AEFBBE81EF5EBFF7FEFABEDB205FBFA54FFABE12525FBF2DA0F9BE27835FBF8EF0F8BE19B45FBFC840F8BEE9E45FBFDC90F7BE961560BFCBE0F6BE3D
:407C0000214660BF9330F6BE897660BF3580F5BECFA660BFB1CFF4BEF2D660BF071FF4BEF20661BF386EF3BED03661BF43BDF2BE8A6661BF290CF2BE229661BFEA5AF1BE37
:407C400098C561BF85A9F0BEEAF461BFFBF7EFBE1A2462BF4C46EFBE265362BF7994EEBE108262BF80E2EDBED7B062BF6330EDBE7BDF62BF217EECBEFC0D63BFBBCBEBBE59
:407C80005A3C63BF3019EBBE956A63BF8166EABEAC9863BFAEB3E9BEA1C663BFB700E9BE73F463BF9C4DE8BE212264BF5D9AE7BEAC4F64BFFBE6E6BE147D64BF7533E6BE58
:407CC00059AA64BFCB7FE5BE7BD764BFFECBE4BE790465BF0E18E4BE543165BFFA63E3BE0B5E65BFC4AFE2BEA08A65BF6AFBE1BE10B765BFEE46E1BE5EE365BF4F92E0BEED
:407D0000880F66BF8DDDDFBE8E3B66BFA928DFBE716766BFA273DEBE309366BF79BEDDBECCBE66BF2E09DDBE45EA66BFC153DCBE991567BF319EDBBECA4067BF80E8DABECD
:407D4000D86B67BFAD32DABEC19667BFB97CD9BE87C167BFA3C6D8BE2AEC67BF6B10D8BEA81668BF135AD7BE034168BF99A3D6BE396B68BFFDECD5BE4C9568BF4136D5BEA5
:407D80003CBF68BF647FD4BE07E968BF67C8D3BEAE1269BF4811D3BE323C69BF095AD2BE916569BFAAA2D1BECC8E69BF2AEBD0BEE4B769BF8A33D0BED7E069BFCA7BCFBE1D
:407DC000A7096ABFEAC3CEBE52326ABFEA0BCEBED95A6ABFCA53CDBE3C836ABF8B9BCCBE7BAB6ABF2CE3CBBE95D36ABFAE2ACBBE8CFB6ABF1072CABE5E236BBF53B9C9BED6
:407E00000C4B6BBF7700C9BE95726BBF7C47C8BEFB996BBF628EC7BE3BC16BBF29D5C6BE58E86BBFD21BC6BE500F6CBF5C62C5BE24366CBFC8A8C4BED45C6CBF15EFC3BE71
:407E40005E836CBF4435C3BEC5A96CBF557BC2BE07D06CBF48C1C1BE24F66CBF1E07C1BE1D1C6DBFD54CC0BEF2416DBF6F92BFBEA1676DBFEBD7BEBE2D8D6DBF4A1DBEBE84
:407E800093B26DBF8B62BDBED5D76DBFAFA7BCBEF2FC6DBFB6ECBBBEEB216EBFA031BBBEBE466EBF6E76BABE6D6B6EBF1EBBB9BEF88F6EBFB2FFB8BE5DB46EBF2A44B8BEAA
:407EC0009ED86EBF8488B7BEBAFC6EBFC3CCB6BEB0206FBFE610B6BE83446FBFEC54B5BE30686FBFD698B4BEB88B6FBFA5DCB3BE1BAF6FBF5820B3BE5AD26FBFEF63B2BE62
:407F000073F56FBF6BA7B1BE671870BFCBEAB0BE373B70BF102EB0BEE15D70BF3A71AFBE668070BF49B4AEBEC6A270BF3CF7ADBE02C570BF153AADBE17E770BFD47CACBE3D
:407F4000080971BF77BFABBED42A71BF0102ABBE7A4C71BF6F44AABEFB6D71BFC486A9BE578F71BFFEC8A8BE8EB071BF1F0BA8BE9FD171BF254DA7BE8CF271BF128FA6BEC3
:407F8000521372BFE5D0A5BEF43372BF9F12A5BE705472BF3F54A4BEC77472BFC595A3BEF89472BF33D7A2BE04B572BF8718A2BEEBD472BFC259A1BEACF472BFE59AA0BE6E
:407FC000471473BFEEDB9FBEBE3373BFDF1C9FBE0E5373BFB85D9EBE397273BF789E9DBE3F9173BF20DF9CBE1FB073BFAF1F9CBED9CE73BF27609BBE6EED73BF86A09ABEB9
:40800000DD0B74BFCEE099BE272A74BFFE2099BE4B4874BF166198BE496674BF17A197BE228474BF00E196BED5A174BFD22096BE62BF74BF8D6095BEC9DC74BF31A094BE19
:408040000BFA74BFBFDF93BE271775BF351F93BE1D3475BF945E92BEED5075BFDD9D91BE976D75BF10DD90BE1C8A75BF2C1C90BE7BA675BF325B8FBEB3C275BF229A8EBEFE
:40808000C6DE75BFFCD88DBEB3FA75BFC0178DBE7A1676BF6E568CBE1B3276BF07958BBE974D76BF8AD38ABEEC6876BFF8118ABE1B8476BF505089BE249F76BF938E88BEDA
:4080C00007BA76BFC1CC87BEC4D476BFDA0A87BE5BEF76BFDF4886BECC0977BFCE8685BE172477BFAAC484BE3C3E77BF700284BE3A5877BF224083BE137277BFC07D82BE0E
:40810000C58B77BF4ABB81BE51A577BFC0F880BEB7BE77BF223680BEF7D777BFE1E67EBE10F177BF56617DBE040A78BFA4DB7BBED12278BFCB557ABE773B78BFCCCF78BEA9
:40814000F85378BFA64977BE526C78BF5AC375BE868478BFE83C74BE939C78BF51B672BE7BB478BF942F71BE3BCC78BFB2A86FBED6E378BFAB216EBE4AFB78BF7F9A6CBE1C
:40818000981279BF2F136BBEBF2979BFBA8B69BEC04079BF220468BE9A5779BF667C66BE4E6E79BF86F464BEDC8479BF836C63BE439B79BF5CE461BE83B179BF135C60BE8D
:4081C0009DC779BFA8D35EBE91DD79BF1A4B5DBE5EF379BF6AC25BBE04097ABF97395ABE841E7ABFA4B058BEDD337ABF8F2757BE10497ABF589E55BE1C5E7ABF011554BE5B
:4082000002737ABF898B52BEC1877ABFF10151BE599C7ABF38784FBECBB07ABF60EE4DBE16C57ABF67644CBE3AD97ABF4FDA4ABE37ED7ABF185049BE0E017BBFC2C547BEEB
:40824000BE147BBF4D3B46BE48287BBFB9B044BEAB3B7BBF072643BEE74E7BBF379B41BEFC617BBF491040BEEA747BBF3E853EBEB2877BBF15FA3CBE539A7BBFCF6E3BBEA5
:40828000CDAC7BBF6CE339BE20BF7BBFEC5738BE4DD17BBF50CC36BE53E37BBF984035BE31F57BBFC4B433BEE9067CBFD42832BE7A187CBFC99C30BEE5297CBFA2102FBEE9
:4082C000283B7CBF61842DBE444C7CBF04F82BBE3A5D7CBF8D6B2ABE086E7CBFFCDE28BEB07E7CBF515227BE318F7CBF8CC525BE8A9F7CBFAD3824BEBDAF7CBFB6AB22BE0A
:40830000C9BF7CBFA51E21BEAECF7CBF7B911FBE6CDF7CBF38041EBE03EF7CBFDE761CBE73FE7CBF6BE91ABEBC0D7DBFE05B19BEDD1C7DBF3DCE17BED82B7DBF834016BE64
:40834000AC3A7DBFB2B214BE59497DBFCA2413BEDE577DBFCC9611BE3D667DBFB70810BE74747DBF8B7A0EBE85827DBF4AEC0CBE6E907DBFF35D0BBE309E7DBF86CF09BE49
:40838000CCAB7DBF054108BE40B97DBF6EB206BE8CC67DBFC22305BEB2D37DBF029503BEB1E07DBF2E0602BE88ED7DBF457700BE38FA7DBF92D0FDBDC2067EBF73B2FABD3F
:4083C00024137EBF2C94F7BD5E1F7EBFC075F4BD722B7EBF2E57F1BD5E377EBF7638EEBD23437EBF9A19EBBDC14E7EBF9AFAE7BD385A7EBF76DBE4BD88657EBF2EBCE1BDC8
:40840000B0707EBFC49CDEBDB17B7EBF377DDBBD8B867EBF895DD8BD3D917EBFB93DD5BDC99B7EBFC81DD2BD2DA67EBFB7FDCEBD69B07EBF86DDCBBD7FBA7EBF36BDC8BD40
:408440006DC47EBFC69CC5BD34CE7EBF397CC2BDD4D77EBF8D5BBFBD4CE17EBFC33ABCBD9DEA7EBFDD19B9BDC7F37EBFDAF8B5BDC9FC7EBFBBD7B2BDA4057FBF80B6AFBD14
:40848000580E7FBF2B95ACBDE4167FBFBA73A9BD491F7FBF3052A6BD87277FBF8C30A3BD9D2F7FBFCF0EA0BD8D377FBFF9EC9CBD543F7FBF0ACB99BDF4467FBF05A996BD98
:4084C0006D4E7FBFE78693BDBF557FBFB46490BDE95C7FBF6A428DBDEC637FBF0A208ABDC76A7FBF94FD86BD7B717FBF0ADB83BD08787FBF6CB880BD6D7E7FBF742B7BBDE7
:40850000AB847FBFE9E574BDC28A7FBF38A06EBDB1907FBF625A68BD78967FBF681462BD189C7FBF4CCE5BBD91A17FBF0E8855BDE3A67FBFAF414FBD0DAC7FBF2FFB48BDD6
:408540000FB17FBF91B442BDEAB57FBFD56D3CBD9EBA7FBFFC2636BD2ABF7FBF07E02FBD8FC37FBFF69829BDCCC77FBFCC5123BDE2CB7FBF880A1DBDD1CF7FBF2CC316BD33
:4085800098D37FBFB87B10BD37D77FBF2F340ABDAFDA7FBF90EC03BD00DE7FBFB949FBBC29E17FBF2DBAEEBC2BE47FBF7B2AE2BC05E77FBFA69AD5BCB8E97FBFB00AC9BC42
:4085C00043EC7FBF9B7ABCBCA7EE7FBF69EAAFBCE3F07FBF1C5AA3BCF8F27FBFB6C996BCE6F47FBF38398ABCACF67FBF4B517BBC4AF87FBF003062BCC1F97FBF900E49BC26
:4086000011FB7FBF02ED2FBC39FC7FBF59CB16BC39FD7FBF3053FBBB13FE7FBF890FC9BBC4FE7FBFC1CB96BB4EFF7FBFC70F49BBB1FF7FBFD40FC9BAECFF7FBF0000008056
:40864000000080BFD40FC93AECFF7FBFC70F493BB1FF7FBFC1CB963B4EFF7FBF890FC93BC4FE7FBF3053FB3B13FE7FBF59CB163C39FD7FBF02ED2F3C39FC7FBF900E493CFE
:4086800011FB7FBF0030623CC1F97FBF4B517B3C4AF87FBF38398A3CACF67FBFB6C9963CE6F47FBF1C5AA33CF8F27FBF69EAAF3CE3F07FBF9B7ABC3CA7EE7FBFB00AC93CEC
:4086C00043EC7FBFA69AD53CB8E97FBF7B2AE23C05E77FBF2DBAEE3C2BE47FBFB949FB3C29E17FBF90EC033D00DE7FBF2F340A3DAFDA7FBFB87B103D37D77FBF2CC3163DBA
:4087000098D37FBF880A1D3DD1CF7FBFCC51233DE2CB7FBFF698293DCCC77FBF07E02F3D8FC37FBFFC26363D2ABF7FBFD56D3C3D9EBA7FBF91B4423DEAB57FBF2FFB483D59
:408740000FB17FBFAF414F3D0DAC7FBF0E88553DE3A67FBF4CCE5B3D91A17FBF6814623D189C7FBF625A683D78967FBF38A06E3DB1907FBFE9E5743DC28A7FBF742B7B3D5B
:40878000AB847FBF6CB8803D6D7E7FBF0ADB833D08787FBF94FD863D7B717FBF0A208A3DC76A7FBF6A428D3DEC637FBFB464903DE95C7FBFE786933DBF557FBF05A9963D86
:4087C0006D4E7FBF0ACB993DF4467FBFF9EC9C3D543F7FBFCF0EA03D8D377FBF8C30A33D9D2F7FBF3052A63D87277FBFBA73A93D491F7FBF2B95AC3DE4167FBF80B6AF3D5F
:40880000580E7FBFBBD7B23DA4057FBFDAF8B53DC9FC7EBFDD19B93DC7F37EBFC33ABC3D9DEA7EBF8D5BBF3D4CE17EBF397CC23DD4D77EBFC69CC53D34CE7EBF36BDC83D44
:408840006DC47EBF86DDCB3D7FBA7EBFB7FDCE3D69B07EBFC81DD23D2DA67EBFB93DD53DC99B7EBF895DD83D3D917EBF377DDB3D8B867EBFC49CDE3DB17B7EBF2EBCE13DDB
:40888000B0707EBF76DBE43D88657EBF9AFAE73D385A7EBF9A19EB3DC14E7EBF7638EE3D23437EBF2E57F13D5E377EBFC075F43D722B7EBF2C94F73D5E1F7EBF73B2FA3DC6
:4088C00024137EBF92D0FD3DC2067EBF4577003E38FA7DBF2E06023E88ED7DBF0295033EB1E07DBFC223053EB2D37DBF6EB2063E8CC67DBF0541083E40B97DBF86CF093EF9
:40890000CCAB7DBFF35D0B3E309E7DBF4AEC0C3E6E907DBF8B7A0E3E85827DBFB708103E74747DBFCC96113E3D667DBFCA24133EDE577DBFB2B2143E59497DBF8340163E77
:40894000AC3A7DBF3DCE173ED82B7DBFE05B193EDD1C7DBF6BE91A3EBC0D7DBFDE761C3E73FE7CBF38041E3E03EF7CBF7B911F3E6CDF7CBFA51E213EAECF7CBFB6AB223E15
:40898000C9BF7CBFAD38243EBDAF7CBF8CC5253E8A9F7CBF5152273E318F7CBFFCDE283EB07E7CBF8D6B2A3E086E7CBF04F82B3E3A5D7CBF61842D3E444C7CBFA2102F3EC0
:4089C000283B7CBFC99C303EE5297CBFD428323E7A187CBFC4B4333EE9067CBF9840353E31F57BBF50CC363E53E37BBFEC57383E4DD17BBF6CE3393E20BF7BBFCF6E3B3E20
:408A0000CDAC7BBF15FA3C3E539A7BBF3E853E3EB2877BBF4910403EEA747BBF379B413EFC617BBF0726433EE74E7BBFB9B0443EAB3B7BBF4D3B463E48287BBFC2C5473EE0
:408A4000BE147BBF1850493E0E017BBF4FDA4A3E37ED7ABF67644C3E3AD97ABF60EE4D3E16C57ABF38784F3ECBB07ABFF101513E599C7ABF898B523EC1877ABF0115543EA9
:408A800002737ABF589E553E1C5E7ABF8F27573E10497ABFA4B0583EDD337ABF97395A3E841E7ABF6AC25B3E04097ABF1A4B5D3E5EF379BFA8D35E3E91DD79BF135C603E1B
:408AC0009DC779BF5CE4613E83B179BF836C633E439B79BF86F4643EDC8479BF667C663E4E6E79BF2204683E9A5779BFBA8B693EC04079BF2F136B3EBF2979BF7F9A6C3ED4
:408B0000981279BFAB216E3E4AFB78BFB2A86F3ED6E378BF942F713E3BCC78BF51B6723E7BB478BFE83C743E939C78BF5AC3753E868478BFA649773E526C78BFCCCF783E64
:408B4000F85378BFCB557A3E773B78BFA4DB7B3ED12278BF56617D3E040A78BFE1E67E3E10F177BF2236803EF7D777BFC0F8803EB7BE77BF4ABB813E51A577BFC07D823EB7
:408B8000C58B77BF2240833E137277BF7002843E3A5877BFAAC4843E3C3E77BFCE86853E172477BFDF48863ECC0977BFDA0A873E5BEF76BFC1CC873EC4D476BF938E883EC9
:408BC00007BA76BF5050893E249F76BFF8118A3E1B8476BF8AD38A3EEC6876BF07958B3E974D76BF6E568C3E1B3276BFC0178D3E7A1676BFFCD88D3EB3FA75BF229A8E3ED0
:408C0000C6DE75BF325B8F3EB3C275BF2C1C903E7BA675BF10DD903E1C8A75BFDD9D913E976D75BF945E923EED5075BF351F933E1D3475BFBFDF933E271775BF31A0943E77
:408C40000BFA74BF8D60953EC9DC74BFD220963E62BF74BF00E1963ED5A174BF17A1973E228474BF1661983E496674BFFE20993E4B4874BFCEE0993E272A74BF86A09A3E55
:408C8000DD0B74BF27609B3E6EED73BFAF1F9C3ED9CE73BF20DF9C3E1FB073BF789E9D3E3F9173BFB85D9E3E397273BFDF1C9F3E0E5373BFEEDB9F3EBE3373BFE59AA03EFF
:408CC000471473BFC259A13EACF472BF8718A23EEBD472BF33D7A23E04B572BFC595A33EF89472BF3F54A43EC77472BF9F12A53E705472BFE5D0A53EF43372BF128FA63E02
:408D0000521372BF254DA73E8CF271BF1F0BA83E9FD171BFFEC8A83E8EB071BFC486A93E578F71BF6F44AA3EFB6D71BF0102AB3E7A4C71BF77BFAB3ED42A71BFD47CAC3EEB
:408D4000080971BF153AAD3E17E770BF3CF7AD3E02C570BF49B4AE3EC6A270BF3A71AF3E668070BF102EB03EE15D70BFCBEAB03E373B70BF6BA7B13E671870BFEF63B23E3C
:408D800073F56FBF5820B33E5AD26FBFA5DCB33E1BAF6FBFD698B43EB88B6FBFEC54B53E30686FBFE610B63E83446FBFC3CCB63EB0206FBF8488B73EBAFC6EBF2A44B83E7E
:408DC0009ED86EBFB2FFB83E5DB46EBF1EBBB93EF88F6EBF6E76BA3E6D6B6EBFA031BB3EBE466EBFB6ECBB3EEB216EBFAFA7BC3EF2FC6DBF8B62BD3ED5D76DBF4A1DBE3E2A
:408E000093B26DBFEBD7BE3E2D8D6DBF6F92BF3EA1676DBFD54CC03EF2416DBF1E07C13E1D1C6DBF48C1C13E24F66CBF557BC23E07D06CBF4435C33EC5A96CBF15EFC33EAD
:408E40005E836CBFC8A8C43ED45C6CBF5C62C53E24366CBFD21BC63E500F6CBF29D5C63E58E86BBF628EC73E3BC16BBF7C47C83EFB996BBF7700C93E95726BBF53B9C93E88
:408E80000C4B6BBF1072CA3E5E236BBFAE2ACB3E8CFB6ABF2CE3CB3E95D36ABF8B9BCC3E7BAB6ABFCA53CD3E3C836ABFEA0BCE3ED95A6ABFEAC3CE3E52326ABFCA7BCF3E1E
:408EC000A7096ABF8A33D03ED7E069BF2AEBD03EE4B769BFAAA2D13ECC8E69BF095AD23E916569BF4811D33E323C69BF67C8D33EAE1269BF647FD43E07E968BF4136D53EDD
:408F00003CBF68BFFDECD53E4C9568BF99A3D63E396B68BF135AD73E034168BF6B10D83EA81668BFA3C6D83E2AEC67BFB97CD93E87C167BFAD32DA3EC19667BF80E8DA3E24
:408F4000D86B67BF319EDB3ECA4067BFC153DC3E991567BF2E09DD3E45EA66BF79BEDD3ECCBE66BFA273DE3E309366BFA928DF3E716766BF8DDDDF3E8E3B66BF4F92E03E4F
:408F8000880F66BFEE46E13E5EE365BF6AFBE13E10B765BFC4AFE23EA08A65BFFA63E33E0B5E65BF0E18E43E543165BFFECBE43E790465BFCB7FE53E7BD764BF7533E63EB7
:408FC00059AA64BFFBE6E63E147D64BF5D9AE73EAC4F64BF9C4DE83E212264BFB700E93E73F463BFAEB3E93EA1C663BF8166EA3EAC9863BF3019EB3E956A63BFBBCBEB3EB4
:409000005A3C63BF217EEC3EFC0D63BF6330ED3E7BDF62BF80E2ED3ED7B062BF7994EE3E108262BF4C46EF3E265362BFFBF7EF3E1A2462BF85A9F03EEAF461BFEA5AF13E86
:4090400098C561BF290CF23E229661BF43BDF23E8A6661BF386EF33ED03661BF071FF43EF20661BFB1CFF43EF2D660BF3580F53ECFA660BF9330F63E897660BFCBE0F63E80
:40908000214660BFDC90F73E961560BFC840F83EE9E45FBF8EF0F83E19B45FBF2DA0F93E27835FBFA54FFA3E12525FBFF7FEFA3EDB205FBF22AEFB3E81EF5EBF275DFC3EE3
:4090C00005BE5EBF040CFD3E678C5EBFBBBAFD3EA65A5EBF4A69FE3EC3285EBFB217FF3EBEF65DBFF3C5FF3E97C45DBF063A003F4D925DBFFF90003FE15F5DBFE4E7003F81
:40910000532D5DBFB53E013FA3FA5CBF7395013FD1C75CBF1CEC013FDD945CBFB142023FC7615CBF3299023F8E2E5CBF9FEF023F34FB5BBFF845033FB8C75BBF3D9C033F34
:409140001A945BBF6DF2033F5A605BBF8948043F792C5BBF919E043F75F85ABF84F4043F50C45ABF624A053F09905ABF2CA0053FA05B5ABFE2F5053F16275ABF824B063FB6
:409180006AF259BF0EA1063F9CBD59BF86F6063FAD8859BFE84B073F9C5359BF36A1073F6A1E59BF6FF6073F17E958BF924B083FA1B358BFA1A0083F0B7E58BF9BF5083F3B
:4091C000534858BF7F4A093F791258BF4E9F093F7FDC57BF09F4093F63A657BFAD480A3F267057BF3D9D0A3FC73957BFB7F10A3F480357BF1C460B3FA7CC56BF6B9A0B3F08
:40920000E59556BFA5EE0B3F025F56BFC9420C3FFE2756BFD7960C3FD9F055BFD0EA0C3F93B955BFB33E0D3F2C8255BF81920D3FA44A55BF38E60D3FFB1255BFDA390E3F77
:4092400031DB54BF658D0E3F47A354BFDBE00E3F3B6B54BF3B340F3F0F3354BF84870F3FC3FA53BFB8DA0F3F55C253BFD52D103FC78953BFDC80103F185153BFCDD3103FC7
:40928000491853BFA726113F59DF52BF6B79113F49A652BF19CC113F186D52BFB01E123FC63352BF3071123F54FA51BF9AC3123FC2C051BFEE15133F108751BF2A68133F3D
:4092C0003D4D51BF50BA133F4A1351BF5F0C143F37D950BF585E143F039F50BF39B0143FAF6450BF0402153F3B2A50BFB753153FA8EF4FBF54A5153FF4B44FBFD9F6153F1F
:409300001F7A4FBF4748163F2B3F4FBF9F99163F17044FBFDFEA163FE4C84EBF073C173F908D4EBF188D173F1C524EBF12DE173F89164EBFF52E183FD5DA4DBFC07F183FA7
:40934000029F4DBF73D0183F10634DBF0F21193FFD264DBF9471193FCBEA4CBF00C2193F79AE4CBF55121A3F08724CBF93621A3F78354CBFB8B21A3FC7F84BBFC6021B3F0E
:40938000F8BB4BBFBB521B3F097F4BBF99A21B3FFA414BBF5FF21B3FCC044BBF0C421C3F7FC74ABFA2911C3F138A4ABF1FE11C3F874C4ABF84301D3FDC0E4ABFD17F1D3F86
:4093C00012D149BF06CF1D3F299349BF221E1E3F215549BF266D1E3FFA1649BF12BC1E3FB3D848BFE50A1F3F4E9A48BF9F591F3FCA5B48BF41A81F3F271D48BFCBF61F3F3E
:4094000065DE47BF3B45203F849F47BF9393203F856047BFD2E1203F672147BFF92F213F2AE246BF067E213FCEA246BFFBCB213F546346BFD719223FBB2346BF9967223F62
:4094400003E445BF43B5223F2DA445BFD302233F396445BF4B50233F262445BFA99D233FF5E344BFEEEA233FA5A344BF1A38243F376344BF2C85243FAB2244BF25D2243F18
:4094800000E243BF041F253F38A143BFCB6B253F516043BF77B8253F4C1F43BF0A05263F29DE42BF8451263FE89C42BFE39D263F895B42BF2AEA263F0B1A42BF5636273F83
:4094C00070D841BF6882273FB79641BF61CE273FE15441BF401A283FEC1241BF0566283FDAD040BFB0B1283FA98E40BF41FD283F5C4C40BFB848293FF00940BF1594293FC8
:4095000067C73FBF57DF293FC0843FBF802A2A3FFC413FBF8E752A3F1BFF3EBF82C02A3F1BBC3EBF5B0B2B3FFF783EBF1B562B3FC5353EBFBFA02B3F6EF23DBF4AEB2B3FF5
:40954000F9AE3DBFB9352C3F676B3DBF0F802C3FB8273DBF49CA2C3FECE33CBF69142D3F03A03CBF6F5E2D3FFC5B3CBF59A82D3FD9173CBF29F22D3F98D33BBFDE3B2E3F28
:409580003B8F3BBF78852E3FC14A3BBFF7CE2E3F29063BBF5B182F3F75C13ABFA5612F3FA47C3ABFD3AA2F3FB7373ABFE6F32F3FACF239BFDE3C303F85AD39BFBB85303F6F
:4095C000426839BF7CCE303FE12239BF2217313F65DD38BFAD5F313FCB9738BF1DA8313F165238BF71F0313F430C38BFAA38323F55C637BFC780323F4A8037BFC9C8323FD5
:40960000233A37BFAF10333FDFF336BF7A58333F7FAD36BF29A0333F046736BFBCE7333F6C2036BF342F343FB8D935BF8F76343FE79235BFCFBD343FFB4B35BFF304353F65
:40964000F30435BFFB4B353FCFBD34BFE792353F8F7634BFB8D9353F342F34BF6C20363FBCE733BF0467363F29A033BF7FAD363F7A5833BFDFF3363FAF1033BF233A373F25
:40968000C9C832BF4A80373FC78032BF55C6373FAA3832BF430C383F71F031BF1652383F1DA831BFCB97383FAD5F31BF65DD383F221731BFE122393F7CCE30BF4268393F14
:4096C000BB8530BF85AD393FDE3C30BFACF2393FE6F32FBFB7373A3FD3AA2FBFA47C3A3FA5612FBF75C13A3F5B182FBF29063B3FF7CE2EBFC14A3B3F78852EBF3B8F3B3F2E
:40970000DE3B2EBF98D33B3F29F22DBFD9173C3F59A82DBFFC5B3C3F6F5E2DBF03A03C3F69142DBFECE33C3F49CA2CBFB8273D3F0F802CBF676B3D3FB9352CBFF9AE3D3F66
:409740004AEB2BBF6EF23D3FBFA02BBFC5353E3F1B562BBFFF783E3F5B0B2BBF1BBC3E3F82C02ABF1BFF3E3F8E752ABFFC413F3F802A2ABFC0843F3F57DF29BF67C73F3FB3
:40978000159429BFF009403FB84829BF5C4C403F41FD28BFA98E403FB0B128BFDAD0403F056628BFEC12413F401A28BFE154413F61CE27BFB796413F688227BF70D8413F05
:4097C000563627BF0B1A423F2AEA26BF895B423FE39D26BFE89C423F845126BF29DE423F0A0526BF4C1F433F77B825BF5160433FCB6B25BF38A1433F041F25BF00E2433F40
:4098000025D224BFAB22443F2C8524BF3763443F1A3824BFA5A3443FEEEA23BFF5E3443FA99D23BF2624453F4B5023BF3964453FD30223BF2DA4453F43B522BF03E4453F54
:40984000996722BFBB23463FD71922BF5463463FFBCB21BFCEA2463F067E21BF2AE2463FF92F21BF6721473FD2E120BF8560473F939320BF849F473F3B4520BF65DE473F1E
:40988000CBF61FBF271D483F41A81FBFCA5B483F9F591FBF4E9A483FE50A1FBFB3D8483F12BC1EBFFA16493F266D1EBF2155493F221E1EBF2993493F06CF1DBF12D1493F79
:4098C000D17F1DBFDC0E4A3F84301DBF874C4A3F1FE11CBF138A4A3FA2911CBF7FC74A3F0C421CBFCC044B3F5FF21BBFFA414B3F99A21BBF097F4B3FBB521BBFF8BB4B3F41
:40990000C6021BBFC7F84B3FB8B21ABF78354C3F93621ABF08724C3F55121ABF79AE4C3F00C219BFCBEA4C3F947119BFFD264D3F0F2119BF10634D3F73D018BF029F4D3F48
:40994000C07F18BFD5DA4D3FF52E18BF89164E3F12DE17BF1C524E3F188D17BF908D4E3F073C17BFE4C84E3FDFEA16BF17044F3F9F9916BF2B3F4F3F474816BF1F7A4F3F61
:40998000D9F615BFF4B44F3F54A515BFA8EF4F3FB75315BF3B2A503F040215BFAF64503F39B014BF039F503F585E14BF37D9503F5F0C14BF4A13513F50BA13BF3D4D513F58
:4099C0002A6813BF1087513FEE1513BFC2C0513F9AC312BF54FA513F307112BFC633523FB01E12BF186D523F19CC11BF49A6523F6B7911BF59DF523FA72611BF4918533FF6
:409A0000CDD310BF1851533FDC8010BFC789533FD52D10BF55C2533FB8DA0FBFC3FA533F84870FBF0F33543F3B340FBF3B6B543FDBE00EBF47A3543F658D0EBF31DB543FFF
:409A4000DA390EBFFB12553F38E60DBFA44A553F81920DBF2C82553FB33E0DBF93B9553FD0EA0CBFD9F0553FD7960CBFFE27563FC9420CBF025F563FA5EE0BBFE595563F2F
:409A80006B9A0BBFA7CC563F1C460BBF4803573FB7F10ABFC739573F3D9D0ABF2670573FAD480ABF63A6573F09F409BF7FDC573F4E9F09BF7912583F7F4A09BF5348583F3F
:409AC0009BF508BF0B7E583FA1A008BFA1B3583F924B08BF17E9583F6FF607BF6A1E593F36A107BF9C53593FE84B07BFAD88593F86F606BF9CBD593F0EA106BF6AF2593FF2
:409B0000824B06BF16275A3FE2F505BFA05B5A3F2CA005BF09905A3F624A05BF50C45A3F84F404BF75F85A3F919E04BF792C5B3F894804BF5A605B3F6DF203BF1A945B3FEC
:409B40003D9C03BFB8C75B3FF84503BF34FB5B3F9FEF02BF8E2E5C3F329902BFC7615C3FB14202BFDD945C3F1CEC01BFD1C75C3F739501BFA3FA5C3FB53E01BF532D5D3FEA
:409B8000E4E700BFE15F5D3FFF9000BF4D925D3F063A00BF97C45D3FF3C5FFBEBEF65D3FB217FFBEC3285E3F4A69FEBEA65A5E3FBBBAFDBE678C5E3F040CFDBE05BE5E3FB6
:409BC000275DFCBE81EF5E3F22AEFBBEDB205F3FF7FEFABE12525F3FA54FFABE27835F3F2DA0F9BE19B45F3F8EF0F8BEE9E45F3FC840F8BE9615603FDC90F7BE2146603F98
:409C0000CBE0F6BE8976603F9330F6BECFA6603F3580F5BEF2D6603FB1CFF4BEF206613F071FF4BED036613F386EF3BE8A66613F43BDF2BE2296613F290CF2BE98C5613FB4
:409C4000EA5AF1BEEAF4613F85A9F0BE1A24623FFBF7EFBE2653623F4C46EFBE1082623F7994EEBED7B0623F80E2EDBE7BDF623F6330EDBEFC0D633F217EECBE5A3C633F3A
:409C8000BBCBEBBE956A633F3019EBBEAC98633F8166EABEA1C6633FAEB3E9BE73F4633FB700E9BE2122643F9C4DE8BEAC4F643F5D9AE7BE147D643FFBE6E6BE59AA643FE7
:409CC0007533E6BE7BD7643FCB7FE5BE7904653FFECBE4BE5431653F0E18E4BE0B5E653FFA63E3BEA08A653FC4AFE2BE10B7653F6AFBE1BE5EE3653FEE46E1BE880F663F6A
:409D00004F92E0BE8E3B663F8DDDDFBE7167663FA928DFBE3093663FA273DEBECCBE663F79BEDDBE45EA663F2E09DDBE9915673FC153DCBECA40673F319EDBBED86B673F81
:409D400080E8DABEC196673FAD32DABE87C1673FB97CD9BE2AEC673FA3C6D8BEA816683F6B10D8BE0341683F135AD7BE396B683F99A3D6BE4C95683FFDECD5BE3CBF683FD6
:409D80004136D5BE07E9683F647FD4BEAE12693F67C8D3BE323C693F4811D3BE9165693F095AD2BECC8E693FAAA2D1BEE4B7693F2AEBD0BED7E0693F8A33D0BEA7096A3F0E
:409DC000CA7BCFBE52326A3FEAC3CEBED95A6A3FEA0BCEBE3C836A3FCA53CDBE7BAB6A3F8B9BCCBE95D36A3F2CE3CBBE8CFB6A3FAE2ACBBE5E236B3F1072CABE0C4B6B3FCF
:409E000053B9C9BE95726B3F7700C9BEFB996B3F7C47C8BE3BC16B3F628EC7BE58E86B3F29D5C6BE500F6C3FD21BC6BE24366C3F5C62C5BED45C6C3FC8A8C4BE5E836C3FB8
:409E400015EFC3BEC5A96C3F4435C3BE07D06C3F557BC2BE24F66C3F48C1C1BE1D1C6D3F1E07C1BEF2416D3FD54CC0BEA1676D3F6F92BFBE2D8D6D3FEBD7BEBE93B26D3F5D
:409E80004A1DBEBED5D76D3F8B62BDBEF2FC6D3FAFA7BCBEEB216E3FB6ECBBBEBE466E3FA031BBBE6D6B6E3F6E76BABEF88F6E3F1EBBB9BE5DB46E3FB2FFB8BE9ED86E3F59
:409EC0002A44B8BEBAFC6E3F8488B7BEB0206F3FC3CCB6BE83446F3FE610B6BE30686F3FEC54B5BEB88B6F3FD698B4BE1BAF6F3FA5DCB3BE5AD26F3F5820B3BE73F56F3F2D
:409F0000EF63B2BE6718703F6BA7B1BE373B703FCBEAB0BEE15D703F102EB0BE6680703F3A71AFBEC6A2703F49B4AEBE02C5703F3CF7ADBE17E7703F153AADBE0809713F6A
:409F4000D47CACBED42A713F77BFABBE7A4C713F0102ABBEFB6D713F6F44AABE578F713FC486A9BE8EB0713FFEC8A8BE9FD1713F1F0BA8BE8CF2713F254DA7BE5213723F99
:409F8000128FA6BEF433723FE5D0A5BE7054723F9F12A5BEC774723F3F54A4BEF894723FC595A3BE04B5723F33D7A2BEEBD4723F8718A2BEACF4723FC259A1BE4714733F2F
:409FC000E59AA0BEBE33733FEEDB9FBE0E53733FDF1C9FBE3972733FB85D9EBE3F91733F789E9DBE1FB0733F20DF9CBED9CE733FAF1F9CBE6EED733F27609BBEDD0B743FAC
:40A0000086A09ABE272A743FCEE099BE4B48743FFE2099BE4966743F166198BE2284743F17A197BED5A1743F00E196BE62BF743FD22096BEC9DC743F8D6095BE0BFA743F81
:40A0400031A094BE2717753FBFDF93BE1D34753F351F93BEED50753F945E92BE976D753FDD9D91BE1C8A753F10DD90BE7BA6753F2C1C90BEB3C2753F325B8FBEC6DE753F23
:40A08000229A8EBEB3FA753FFCD88DBE7A16763FC0178DBE1B32763F6E568CBE974D763F07958BBEEC68763F8AD38ABE1B84763FF8118ABE249F763F505089BE07BA763FFB
:40A0C000938E88BEC4D4763FC1CC87BE5BEF763FDA0A87BECC09773FDF4886BE1724773FCE8685BE3C3E773FAAC484BE3A58773F700284BE1372773F224083BEC58B773F74
:40A10000C07D82BE51A5773F4ABB81BEB7BE773FC0F880BEF7D7773F223680BE10F1773FE1E67EBE040A783F56617DBED122783FA4DB7BBE773B783FCB557ABEF853783FE1
:40A14000CCCF78BE526C783FA64977BE8684783F5AC375BE939C783FE83C74BE7BB4783F51B672BE3BCC783F942F71BED6E3783FB2A86FBE4AFB783FAB216EBE9812793F0E
:40A180007F9A6CBEBF29793F2F136BBEC040793FBA8B69BE9A57793F220468BE4E6E793F667C66BEDC84793F86F464BE439B793F836C63BE83B1793F5CE461BE9DC7793FFD
:40A1C000135C60BE91DD793FA8D35EBE5EF3793F1A4B5DBE04097A3F6AC25BBE841E7A3F97395ABEDD337A3FA4B058BE10497A3F8F2757BE1C5E7A3F589E55BE02737A3FC4
:40A20000011554BEC1877A3F898B52BE599C7A3FF10151BECBB07A3F38784FBE16C57A3F60EE4DBE3AD97A3F67644CBE37ED7A3F4FDA4ABE0E017B3F185049BEBE147B3FD1
:40A24000C2C547BE48287B3F4D3B46BEAB3B7B3FB9B044BEE74E7B3F072643BEFC617B3F379B41BEEA747B3F491040BEB2877B3F3E853EBE539A7B3F15FA3CBECDAC7B3F88
:40A28000CF6E3BBE20BF7B3F6CE339BE4DD17B3FEC5738BE53E37B3F50CC36BE31F57B3F984035BEE9067C3FC4B433BE7A187C3FD42832BEE5297C3FC99C30BE283B7C3F47
:40A2C000A2102FBE444C7C3F61842DBE3A5D7C3F04F82BBE086E7C3F8D6B2ABEB07E7C3FFCDE28BE318F7C3F515227BE8A9F7C3F8CC525BEBDAF7C3FAD3824BEC9BF7C3F67
:40A30000B6AB22BEAECF7C3FA51E21BE6CDF7C3F7B911FBE03EF7C3F38041EBE73FE7C3FDE761CBEBC0D7D3F6BE91ABEDD1C7D3FE05B19BED82B7D3F3DCE17BEAC3A7D3F3B
:40A34000834016BE59497D3FB2B214BEDE577D3FCA2413BE3D667D3FCC9611BE74747D3FB70810BE85827D3F8B7A0EBE6E907D3F4AEC0CBE309E7D3FF35D0BBECCAB7D3F1D
:40A3800086CF09BE40B97D3F054108BE8CC67D3F6EB206BEB2D37D3FC22305BEB1E07D3F029503BE88ED7D3F2E0602BE38FA7D3F457700BEC2067E3F92D0FDBD24137E3F1E
:40A3C00073B2FABD5E1F7E3F2C94F7BD722B7E3FC075F4BD5E377E3F2E57F1BD23437E3F7638EEBDC14E7E3F9A19EBBD385A7E3F9AFAE7BD88657E3F76DBE4BDB0707E3F6B
:40A400002EBCE1BDB17B7E3FC49CDEBD8B867E3F377DDBBD3D917E3F895DD8BDC99B7E3FB93DD5BD2DA67E3FC81DD2BD69B07E3FB7FDCEBD7FBA7E3F86DDCBBD6DC47E3FFF
:40A4400036BDC8BD34CE7E3FC69CC5BDD4D77E3F397CC2BD4CE17E3F8D5BBFBD9DEA7E3FC33ABCBDC7F37E3FDD19B9BDC9FC7E3FDAF8B5BDA4057F3FBBD7B2BD580E7F3FE8
:40A4800080B6AFBDE4167F3F2B95ACBD491F7F3FBA73A9BD87277F3F3052A6BD9D2F7F3F8C30A3BD8D377F3FCF0EA0BD543F7F3FF9EC9CBDF4467F3F0ACB99BD6D4E7F3F82
:40A4C00005A996BDBF557F3FE78693BDE95C7F3FB46490BDEC637F3F6A428DBDC76A7F3F0A208ABD7B717F3F94FD86BD08787F3F0ADB83BD6D7E7F3F6CB880BDAB847F3F29
:40A50000742B7BBDC28A7F3FE9E574BDB1907F3F38A06EBD78967F3F625A68BD189C7F3F681462BD91A17F3F4CCE5BBDE3A67F3F0E8855BD0DAC7F3FAF414FBD0FB17F3F7D
:40A540002FFB48BDEAB57F3F91B442BD9EBA7F3FD56D3CBD2ABF7F3FFC2636BD8FC37F3F07E02FBDCCC77F3FF69829BDE2CB7F3FCC5123BDD1CF7F3F880A1DBD98D37F3FFB
:40A580002CC316BD37D77F3FB87B10BDAFDA7F3F2F340ABD00DE7F3F90EC03BD29E17F3FB949FBBC2BE47F3F2DBAEEBC05E77F3F7B2AE2BCB8E97F3FA69AD5BC43EC7F3FDB
:40A5C000B00AC9BCA7EE7F3F9B7ABCBCE3F07F3F69EAAFBCF8F27F3F1C5AA3BCE6F47F3FB6C996BCACF67F3F38398ABC4AF87F3F4B517BBCC1F97F3F003062BC11FB7F3F8D
:40A60000900E49BC39FC7F3F02ED2FBC39FD7F3F59CB16BC13FE7F3F3053FBBBC4FE7F3F890FC9BB4EFF7F3FC1CB96BBB1FF7F3FC70F49BBECFF7F3FD40FC9BA0000803F1E
:40A6400000000000B1FF7F3FC70F493BC4FE7F3F890FC93B39FD7F3F59CB163C11FB7F3F900E493C4AF87F3F4B517B3CE6F47F3FB6C9963CE3F07F3F69EAAF3C43EC7F3FA7
:40A68000B00AC93C05E77F3F7B2AE23C29E17F3FB949FB3CAFDA7F3F2F340A3D98D37F3F2CC3163DE2CB7F3FCC51233D8FC37F3F07E02F3D9EBA7F3FD56D3C3D0FB17F3F77
:40A6C0002FFB483DE3A67F3F0E88553D189C7F3F6814623DB1907F3F38A06E3DAB847F3F742B7B3D08787F3F0ADB833DC76A7F3F0A208A3DE95C7F3FB464903D6D4E7F3FC5
:40A7000005A9963D543F7F3FF9EC9C3D9D2F7F3F8C30A33D491F7F3FBA73A93D580E7F3F80B6AF3DC9FC7E3FDAF8B53D9DEA7E3FC33ABC3DD4D77E3F397CC23D6DC47E3F5A
:40A7400036BDC83D69B07E3FB7FDCE3DC99B7E3FB93DD53D8B867E3F377DDB3DB0707E3F2EBCE13D385A7E3F9AFAE73D23437E3F7638EE3D722B7E3FC075F43D24137E3FED
:40A7800073B2FA3D38FA7D3F4577003EB1E07D3F0295033E8CC67D3F6EB2063ECCAB7D3F86CF093E6E907D3F4AEC0C3E74747D3FB708103EDE577D3FCA24133EAC3A7D3F32
:40A7C0008340163EDD1C7D3FE05B193E73FE7C3FDE761C3E6CDF7C3F7B911F3EC9BF7C3FB6AB223E8A9F7C3F8CC5253EB07E7C3FFCDE283E3A5D7C3F04F82B3E283B7C3F18
:40A80000A2102F3E7A187C3FD428323E31F57B3F9840353E4DD17B3FEC57383ECDAC7B3FCF6E3B3EB2877B3F3E853E3EFC617B3F379B413EAB3B7B3FB9B0443EBE147B3FEA
:40A84000C2C5473E37ED7A3F4FDA4A3E16C57A3F60EE4D3E599C7A3FF101513E02737A3F0115543E10497A3F8F27573E841E7A3F97395A3E5EF3793F1A4B5D3E9DC7793F87
:40A88000135C603E439B793F836C633E4E6E793F667C663EC040793FBA8B693E9812793F7F9A6C3ED6E3783FB2A86F3E7BB4783F51B6723E8684783F5AC3753EF853783FFB
:40A8C000CCCF783ED122783FA4DB7B3E10F1773FE1E67E3EB7BE773FC0F8803EC58B773FC07D823E3A58773F7002843E1724773FCE86853E5BEF763FDA0A873E07BA763FA5
:40A90000938E883E1B84763FF8118A3E974D763F07958B3E7A16763FC0178D3EC6DE753F229A8E3E7BA6753F2C1C903E976D753FDD9D913E1D34753F351F933E0BFA743F78
:40A9400031A0943E62BF743FD220963E2284743F17A1973E4B48743FFE20993EDD0B743F86A09A3ED9CE733FAF1F9C3E3F91733F789E9D3E0E53733FDF1C9F3E4714733F74
:40A98000E59AA03EEBD4723F8718A23EF894723FC595A33E7054723F9F12A53E5213723F128FA63E9FD1713F1F0BA83E578F713FC486A93E7A4C713F0102AB3E0809713F15
:40A9C000D47CAC3E02C5703F3CF7AD3E6680703F3A71AF3E373B703FCBEAB03E73F56F3FEF63B23E1BAF6F3FA5DCB33E30686F3FEC54B53EB0206F3FC3CCB63E9ED86E3FB9
:40AA00002A44B83EF88F6E3F1EBBB93EBE466E3FA031BB3EF2FC6D3FAFA7BC3E93B26D3F4A1DBE3EA1676D3F6F92BF3E1D1C6D3F1E07C13E07D06C3F557BC23E5E836C3F5C
:40AA400015EFC33E24366C3F5C62C53E58E86B3F29D5C63EFB996B3F7C47C83E0C4B6B3F53B9C93E8CFB6A3FAE2ACB3E7BAB6A3F8B9BCC3ED95A6A3FEA0BCE3EA7096A3FBE
:40AA8000CA7BCF3EE4B7693F2AEBD03E9165693F095AD23EAE12693F67C8D33E3CBF683F4136D53E396B683F99A3D63EA816683F6B10D83E87C1673FB97CD93ED86B673F45
:40AAC00080E8DA3E9915673FC153DC3ECCBE663F79BEDD3E7167663FA928DF3E880F663F4F92E03E10B7653F6AFBE13E0B5E653FFA63E33E7904653FFECBE43E59AA643F01
:40AB00007533E63EAC4F643F5D9AE73E73F4633FB700E93EAC98633F8166EA3E5A3C633FBBCBEB3E7BDF623F6330ED3E1082623F7994EE3E1A24623FFBF7EF3E98C5613FAC
:40AB4000EA5AF13E8A66613F43BDF23EF206613F071FF43ECFA6603F3580F53E2146603FCBE0F63EE9E45F3FC840F83E27835F3F2DA0F93EDB205F3FF7FEFA3E05BE5E3FB6
:40AB8000275DFC3EA65A5E3FBBBAFD3EBEF65D3FB217FF3E4D925D3F063A003F532D5D3FE4E7003FD1C75C3F7395013FC7615C3FB142023F34FB5B3F9FEF023F1A945B3FC2
:40ABC0003D9C033F792C5B3F8948043F50C45A3F84F4043FA05B5A3F2CA0053F6AF2593F824B063FAD88593F86F6063F6A1E593F36A1073FA1B3583F924B083F5348583FC9
:40AC00009BF5083F7FDC573F4E9F093F2670573FAD480A3F4803573FB7F10A3FE595563F6B9A0B3FFE27563FC9420C3F93B9553FD0EA0C3FA44A553F81920D3F31DB543F08
:40AC4000DA390E3F3B6B543FDBE00E3FC3FA533F84870F3FC789533FD52D103F4918533FCDD3103F49A6523F6B79113FC633523FB01E123FC2C0513F9AC3123F3D4D513F3F
:40AC80002A68133F37D9503F5F0C143FAF64503F39B0143FA8EF4F3FB753153F1F7A4F3FD9F6153F17044F3F9F99163F908D4E3F073C173F89164E3F12DE173F029F4D3F90
:40ACC000C07F183FFD264D3F0F21193F79AE4C3F00C2193F78354C3F93621A3FF8BB4B3FC6021B3FFA414B3F99A21B3F7FC74A3F0C421C3F874C4A3F1FE11C3F12D1493FE2
:40AD0000D17F1D3F2155493F221E1E3FB3D8483F12BC1E3FCA5B483F9F591F3F65DE473FCBF61F3F8560473F9393203F2AE2463FF92F213F5463463FFBCB213F03E4453FCF
:40AD40009967223F3964453FD302233FF5E3443FA99D233F3763443F1A38243F00E2433F25D2243F5160433FCB6B253F29DE423F0A05263F895B423FE39D263F70D8413FAC
:40AD80005636273FE154413F61CE273FDAD0403F0566283F5C4C403F41FD283F67C73F3F1594293FFC413F3F802A2A3F1BBC3E3F82C02A3FC5353E3F1B562B3FF9AE3D3F91
:40ADC0004AEB2B3FB8273D3F0F802C3F03A03C3F69142D3FD9173C3F59A82D3F3B8F3B3FDE3B2E3F29063B3FF7CE2E3FA47C3A3FA5612F3FACF2393FE6F32F3F4268393F4F
:40AE0000BB85303F65DD383F2217313F1652383F1DA8313F55C6373FAA38323F233A373FC9C8323F7FAD363F7A58333F6C20363FBCE7333FE792353F8F76343FF304353F69
:40AE4000F304353F8F76343FE792353FBCE7333F6C20363F7A58333F7FAD363FC9C8323F233A373FAA38323F55C6373F1DA8313F1652383F2217313F65DD383FBB85303F29
:40AE80004268393FE6F32F3FACF2393FA5612F3FA47C3A3FF7CE2E3F29063B3FDE3B2E3F3B8F3B3F59A82D3FD9173C3F69142D3F03A03C3F0F802C3FB8273D3F4AEB2B3F8E
:40AEC000F9AE3D3F1B562B3FC5353E3F82C02A3F1BBC3E3F802A2A3FFC413F3F1594293F67C73F3F41FD283F5C4C403F0566283FDAD0403F61CE273FE154413F5636273F50
:40AF000070D8413FE39D263F895B423F0A05263F29DE423FCB6B253F5160433F25D2243F00E2433F1A38243F3763443FA99D233FF5E3443FD302233F3964453F9967223FEA
:40AF400003E4453FFBCB213F5463463FF92F213F2AE2463F9393203F8560473FCBF61F3F65DE473F9F591F3FCA5B483F12BC1E3FB3D8483F221E1E3F2155493FD17F1D3F8D
:40AF800012D1493F1FE11C3F874C4A3F0C421C3F7FC74A3F99A21B3FFA414B3FC6021B3FF8BB4B3F93621A3F78354C3F00C2193F79AE4C3F0F21193FFD264D3FC07F183F1F
:40AFC000029F4D3F12DE173F89164E3F073C173F908D4E3F9F99163F17044F3FD9F6153F1F7A4F3FB753153FA8EF4F3F39B0143FAF64503F5F0C143F37D9503F2A68133F4D
:40B000003D4D513F9AC3123FC2C0513FB01E123FC633523F6B79113F49A6523FCDD3103F4918533FD52D103FC789533F84870F3FC3FA533FDBE00E3F3B6B543FDA390E3F7B
:40B0400031DB543F81920D3FA44A553FD0EA0C3F93B9553FC9420C3FFE27563F6B9A0B3FE595563FB7F10A3F4803573FAD480A3F2670573F4E9F093F7FDC573F9BF5083FC4
:40B080005348583F924B083FA1B3583F36A1073F6A1E593F86F6063FAD88593F824B063F6AF2593F2CA0053FA05B5A3F84F4043F50C45A3F8948043F792C5B3F3D9C033F04
:40B0C0001A945B3F9FEF023F34FB5B3FB142023FC7615C3F7395013FD1C75C3FE4E7003F532D5D3F063A003F4D925D3FB217FF3EBEF65D3FBBBAFD3EA65A5E3F275DFC3E7D
:40B1000005BE5E3FF7FEFA3EDB205F3F2DA0F93E27835F3FC840F83EE9E45F3FCBE0F63E2146603F3580F53ECFA6603F071FF43EF206613F43BDF23E8A66613FEA5AF13EF0
:40B1400098C5613FFBF7EF3E1A24623F7994EE3E1082623F6330ED3E7BDF623FBBCBEB3E5A3C633F8166EA3EAC98633FB700E93E73F4633F5D9AE73EAC4F643F7533E63E66
:40B1800059AA643FFECBE43E7904653FFA63E33E0B5E653F6AFBE13E10B7653F4F92E03E880F663FA928DF3E7167663F79BEDD3ECCBE663FC153DC3E9915673F80E8DA3E3A
:40B1C000D86B673FB97CD93E87C1673F6B10D83EA816683F99A3D63E396B683F4136D53E3CBF683F67C8D33EAE12693F095AD23E9165693F2AEBD03EE4B7693FCA7BCF3EFE
:40B20000A7096A3FEA0BCE3ED95A6A3F8B9BCC3E7BAB6A3FAE2ACB3E8CFB6A3F53B9C93E0C4B6B3F7C47C83EFB996B3F29D5C63E58E86B3F5C62C53E24366C3F15EFC33EF6
:40B240005E836C3F557BC23E07D06C3F1E07C13E1D1C6D3F6F92BF3EA1676D3F4A1DBE3E93B26D3FAFA7BC3EF2FC6D3FA031BB3EBE466E3F1EBBB93EF88F6E3F2A44B83E14
:40B280009ED86E3FC3CCB63EB0206F3FEC54B53E30686F3FA5DCB33E1BAF6F3FEF63B23E73F56F3FCBEAB03E373B703F3A71AF3E6680703F3CF7AD3E02C5703FD47CAC3EF0
:40B2C0000809713F0102AB3E7A4C713FC486A93E578F713F1F0BA83E9FD1713F128FA63E5213723F9F12A53E7054723FC595A33EF894723F8718A23EEBD4723FE59AA03ECC
:40B300004714733FDF1C9F3E0E53733F789E9D3E3F91733FAF1F9C3ED9CE733F86A09A3EDD0B743FFE20993E4B48743F17A1973E2284743FD220963E62BF743F31A0943EAA
:40B340000BFA743F351F933E1D34753FDD9D913E976D753F2C1C903E7BA6753F229A8E3EC6DE753FC0178D3E7A16763F07958B3E974D763FF8118A3E1B84763F938E883E2E
:40B3800007BA763FDA0A873E5BEF763FCE86853E1724773F7002843E3A58773FC07D823EC58B773FC0F8803EB7BE773FE1E67E3E10F1773FA4DB7B3ED122783FCCCF783EDA
:40B3C000F853783F5AC3753E8684783F51B6723E7BB4783FB2A86F3ED6E3783F7F9A6C3E9812793FBA8B693EC040793F667C663E4E6E793F836C633E439B793F135C603EB0
:40B400009DC7793F1A4B5D3E5EF3793F97395A3E841E7A3F8F27573E10497A3F0115543E02737A3FF101513E599C7A3F60EE4D3E16C57A3F4FDA4A3E37ED7A3FC2C5473EBB
:40B44000BE147B3FB9B0443EAB3B7B3F379B413EFC617B3F3E853E3EB2877B3FCF6E3B3ECDAC7B3FEC57383E4DD17B3F9840353E31F57B3FD428323E7A187C3FA2102F3E9E
:40B48000283B7C3F04F82B3E3A5D7C3FFCDE283EB07E7C3F8CC5253E8A9F7C3FB6AB223EC9BF7C3F7B911F3E6CDF7C3FDE761C3E73FE7C3FE05B193EDD1C7D3F8340163E4B
:40B4C000AC3A7D3FCA24133EDE577D3FB708103E74747D3F4AEC0C3E6E907D3F86CF093ECCAB7D3F6EB2063E8CC67D3F0295033EB1E07D3F4577003E38FA7D3F73B2FA3DE5
:40B5000024137E3FC075F43D722B7E3F7638EE3D23437E3F9AFAE73D385A7E3F2EBCE13DB0707E3F377DDB3D8B867E3FB93DD53DC99B7E3FB7FDCE3D69B07E3F36BDC83D1F
:40B540006DC47E3F397CC23DD4D77E3FC33ABC3D9DEA7E3FDAF8B53DC9FC7E3F80B6AF3D580E7F3FBA73A93D491F7F3F8C30A33D9D2F7F3FF9EC9C3D543F7F3F05A9963D0C
:40B580006D4E7F3FB464903DE95C7F3F0A208A3DC76A7F3F0ADB833D08787F3F742B7B3DAB847F3F38A06E3DB1907F3F6814623D189C7F3F0E88553DE3A67F3F2FFB483DF6
:40B5C0000FB17F3FD56D3C3D9EBA7F3F07E02F3D8FC37F3FCC51233DE2CB7F3F2CC3163D98D37F3F2F340A3DAFDA7F3FB949FB3C29E17F3F7B2AE23C05E77F3FB00AC93C28
:40B6000043EC7F3F69EAAF3CE3F07F3FB6C9963CE6F47F3F4B517B3C4AF87F3F900E493C11FB7F3F59CB163C39FD7F3F890FC93BC4FE7F3FC70F493BB1FF7F3F00000000D7
:40B640000000803FC70F49BBB1FF7F3F890FC9BBC4FE7F3F59CB16BC39FD7F3F900E49BC11FB7F3F4B517BBC4AF87F3FB6C996BCE6F47F3F69EAAFBCE3F07F3FB00AC9BC06
:40B6800043EC7F3F7B2AE2BC05E77F3FB949FBBC29E17F3F2F340ABDAFDA7F3F2CC316BD98D37F3FCC5123BDE2CB7F3F07E02FBD8FC37F3FD56D3CBD9EBA7F3F2FFB48BD08
:40B6C0000FB17F3F0E8855BDE3A67F3F681462BD189C7F3F38A06EBDB1907F3F742B7BBDAB847F3F0ADB83BD08787F3F0A208ABDC76A7F3FB46490BDE95C7F3F05A996BDDE
:40B700006D4E7F3FF9EC9CBD543F7F3F8C30A3BD9D2F7F3FBA73A9BD491F7F3F80B6AFBD580E7F3FDAF8B5BDC9FC7E3FC33ABCBD9DEA7E3F397CC2BDD4D77E3F36BDC8BD48
:40B740006DC47E3FB7FDCEBD69B07E3FB93DD5BDC99B7E3F377DDBBD8B867E3F2EBCE1BDB0707E3F9AFAE7BD385A7E3F7638EEBD23437E3FC075F4BD722B7E3F73B2FABD7F
:40B7800024137E3F457700BE38FA7D3F029503BEB1E07D3F6EB206BE8CC67D3F86CF09BECCAB7D3F4AEC0CBE6E907D3FB70810BE74747D3FCA2413BEDE577D3F834016BE15
:40B7C000AC3A7D3FE05B19BEDD1C7D3FDE761CBE73FE7C3F7B911FBE6CDF7C3FB6AB22BEC9BF7C3F8CC525BE8A9F7C3FFCDE28BEB07E7C3F04F82BBE3A5D7C3FA2102FBE7C
:40B80000283B7C3FD42832BE7A187C3F984035BE31F57B3FEC5738BE4DD17B3FCF6E3BBECDAC7B3F3E853EBEB2877B3F379B41BEFC617B3FB9B044BEAB3B7B3FC2C547BE5B
:40B84000BE147B3F4FDA4ABE37ED7A3F60EE4DBE16C57A3FF10151BE599C7A3F011554BE02737A3F8F2757BE10497A3F97395ABE841E7A3F1A4B5DBE5EF3793F135C60BE06
:40B880009DC7793F836C63BE439B793F667C66BE4E6E793FBA8B69BEC040793F7F9A6CBE9812793FB2A86FBED6E3783F51B672BE7BB4783F5AC375BE8684783FCCCF78BE8D
:40B8C000F853783FA4DB7BBED122783FE1E67EBE10F1773FC0F880BEB7BE773FC07D82BEC58B773F700284BE3A58773FCE8685BE1724773FDA0A87BE5BEF763F938E88BE73
:40B9000007BA763FF8118ABE1B84763F07958BBE974D763FC0178DBE7A16763F229A8EBEC6DE753F2C1C90BE7BA6753FDD9D91BE976D753F351F93BE1D34753F31A094BEEE
:40B940000BFA743FD22096BE62BF743F17A197BE2284743FFE2099BE4B48743F86A09ABEDD0B743FAF1F9CBED9CE733F789E9DBE3F91733FDF1C9FBE0E53733FE59AA0BEFF
:40B980004714733F8718A2BEEBD4723FC595A3BEF894723F9F12A5BE7054723F128FA6BE5213723F1F0BA8BE9FD1713FC486A9BE578F713F0102ABBE7A4C713FD47CACBEDC
:40B9C0000809713F3CF7ADBE02C5703F3A71AFBE6680703FCBEAB0BE373B703FEF63B2BE73F56F3FA5DCB3BE1BAF6F3FEC54B5BE30686F3FC3CCB6BEB0206F3F2A44B8BEE1
:40BA00009ED86E3F1EBBB9BEF88F6E3FA031BBBEBE466E3FAFA7BCBEF2FC6D3F4A1DBEBE93B26D3F6F92BFBEA1676D3F1E07C1BE1D1C6D3F557BC2BE07D06C3F15EFC3BE14
:40BA40005E836C3F5C62C5BE24366C3F29D5C6BE58E86B3F7C47C8BEFB996B3F53B9C9BE0C4B6B3FAE2ACBBE8CFB6A3F8B9BCCBE7BAB6A3FEA0BCEBED95A6A3FCA7BCFBE2E
:40BA8000A7096A3F2AEBD0BEE4B7693F095AD2BE9165693F67C8D3BEAE12693F4136D5BE3CBF683F99A3D6BE396B683F6B10D8BEA816683FB97CD9BE87C1673F80E8DABE97
:40BAC000D86B673FC153DCBE9915673F79BEDDBECCBE663FA928DFBE7167663F4F92E0BE880F663F6AFBE1BE10B7653FFA63E3BE0B5E653FFECBE4BE7904653F7533E6BE62
:40BB000059AA643F5D9AE7BEAC4F643FB700E9BE73F4633F8166EABEAC98633FBBCBEBBE5A3C633F6330EDBE7BDF623F7994EEBE1082623FFBF7EFBE1A24623FEA5AF1BE4C
:40BB400098C5613F43BDF2BE8A66613F071FF4BEF206613F3580F5BECFA6603FCBE0F6BE2146603FC840F8BEE9E45F3F2DA0F9BE27835F3FF7FEFABEDB205F3F275DFCBEBE
:40BB800005BE5E3FBBBAFDBEA65A5E3FB217FFBEBEF65D3F063A00BF4D925D3FE4E700BF532D5D3F739501BFD1C75C3FB14202BFC7615C3F9FEF02BF34FB5B3F3D9C03BF3D
:40BBC0001A945B3F894804BF792C5B3F84F404BF50C45A3F2CA005BFA05B5A3F824B06BF6AF2593F86F606BFAD88593F36A107BF6A1E593F924B08BFA1B3583F9BF508BFE7
:40BC00005348583F4E9F09BF7FDC573FAD480ABF2670573FB7F10ABF4803573F6B9A0BBFE595563FC9420CBFFE27563FD0EA0CBF93B9553F81920DBFA44A553FDA390EBFDC
:40BC400031DB543FDBE00EBF3B6B543F84870FBFC3FA533FD52D10BFC789533FCDD310BF4918533F6B7911BF49A6523FB01E12BFC633523F9AC312BFC2C0513F2A6813BF26
:40BC80003D4D513F5F0C14BF37D9503F39B014BFAF64503FB75315BFA8EF4F3FD9F615BF1F7A4F3F9F9916BF17044F3F073C17BF908D4E3F12DE17BF89164E3FC07F18BFE1
:40BCC000029F4D3F0F2119BFFD264D3F00C219BF79AE4C3F93621ABF78354C3FC6021BBFF8BB4B3F99A21BBFFA414B3F0C421CBF7FC74A3F1FE11CBF874C4A3FD17F1DBFFA
:40BD000012D1493F221E1EBF2155493F12BC1EBFB3D8483F9F591FBFCA5B483FCBF61FBF65DE473F939320BF8560473FF92F21BF2AE2463FFBCB21BF5463463F996722BF0A
:40BD400003E4453FD30223BF3964453FA99D23BFF5E3443F1A3824BF3763443F25D224BF00E2433FCB6B25BF5160433F0A0526BF29DE423FE39D26BF895B423F563627BF68
:40BD800070D8413F61CE27BFE154413F056628BFDAD0403F41FD28BF5C4C403F159429BF67C73F3F802A2ABFFC413F3F82C02ABF1BBC3E3F1B562BBFC5353E3F4AEB2BBF2F
:40BDC000F9AE3D3F0F802CBFB8273D3F69142DBF03A03C3F59A82DBFD9173C3FDE3B2EBF3B8F3B3FF7CE2EBF29063B3FA5612FBFA47C3A3FE6F32FBFACF2393FBB8530BF2E
:40BE00004268393F221731BF65DD383F1DA831BF1652383FAA3832BF55C6373FC9C832BF233A373F7A5833BF7FAD363FBCE733BF6C20363F8F7634BFE792353FF30435BFE6
:40BE4000F304353FE79235BF8F76343F6C2036BFBCE7333F7FAD36BF7A58333F233A37BFC9C8323F55C637BFAA38323F165238BF1DA8313F65DD38BF2217313F426839BFA6
:40BE8000BB85303FACF239BFE6F32F3FA47C3ABFA5612F3F29063BBFF7CE2E3F3B8F3BBFDE3B2E3FD9173CBF59A82D3F03A03CBF69142D3FB8273DBF0F802C3FF9AE3DBF6D
:40BEC0004AEB2B3FC5353EBF1B562B3F1BBC3EBF82C02A3FFC413FBF802A2A3F67C73FBF1594293F5C4C40BF41FD283FDAD040BF0566283FE15441BF61CE273F70D841BFEE
:40BF00005636273F895B42BFE39D263F29DE42BF0A05263F516043BFCB6B253F00E243BF25D2243F376344BF1A38243FF5E344BFA99D233F396445BFD302233F03E445BFA6
:40BF40009967223F546346BFFBCB213F2AE246BFF92F213F856047BF9393203F65DE47BFCBF61F3FCA5B48BF9F591F3FB3D848BF12BC1E3F215549BF221E1E3F12D149BFC8
:40BF8000D17F1D3F874C4ABF1FE11C3F7FC74ABF0C421C3FFA414BBF99A21B3FF8BB4BBFC6021B3F78354CBF93621A3F79AE4CBF00C2193FFD264DBF0F21193F029F4DBF37
:40BFC000C07F183F89164EBF12DE173F908D4EBF073C173F17044FBF9F99163F1F7A4FBFD9F6153FA8EF4FBFB753153FAF6450BF39B0143F37D950BF5F0C143F3D4D51BF9E
:40C000002A68133FC2C051BF9AC3123FC63352BFB01E123F49A652BF6B79113F491853BFCDD3103FC78953BFD52D103FC3FA53BF84870F3F3B6B54BFDBE00E3F31DB54BF62
:40C04000DA390E3FA44A55BF81920D3F93B955BFD0EA0C3FFE2756BFC9420C3FE59556BF6B9A0B3F480357BFB7F10A3F267057BFAD480A3F7FDC57BF4E9F093F534858BF98
:40C080009BF5083FA1B358BF924B083F6A1E59BF36A1073FAD8859BF86F6063F6AF259BF824B063FA05B5ABF2CA0053F50C45ABF84F4043F792C5BBF8948043F1A945BBF22
:40C0C0003D9C033F34FB5BBF9FEF023FC7615CBFB142023FD1C75CBF7395013F532D5DBFE4E7003F4D925DBF063A003FBEF65DBFB217FF3EA65A5EBFBBBAFD3E05BE5EBFF8
:40C10000275DFC3EDB205FBFF7FEFA3E27835FBF2DA0F93EE9E45FBFC840F83E214660BFCBE0F63ECFA660BF3580F53EF20661BF071FF43E8A6661BF43BDF23E98C561BFF8
:40C14000EA5AF13E1A2462BFFBF7EF3E108262BF7994EE3E7BDF62BF6330ED3E5A3C63BFBBCBEB3EAC9863BF8166EA3E73F463BFB700E93EAC4F64BF5D9AE73E59AA64BF06
:40C180007533E63E790465BFFECBE43E0B5E65BFFA63E33E10B765BF6AFBE13E880F66BF4F92E03E716766BFA928DF3ECCBE66BF79BEDD3E991567BFC153DC3ED86B67BF9B
:40C1C00080E8DA3E87C167BFB97CD93EA81668BF6B10D83E396B68BF99A3D63E3CBF68BF4136D53EAE1269BF67C8D33E916569BF095AD23EE4B769BF2AEBD03EA7096ABF50
:40C20000CA7BCF3ED95A6ABFEA0BCE3E7BAB6ABF8B9BCC3E8CFB6ABFAE2ACB3E0C4B6BBF53B9C93EFB996BBF7C47C83E58E86BBF29D5C63E24366CBF5C62C53E5E836CBF66
:40C2400015EFC33E07D06CBF557BC23E1D1C6DBF1E07C13EA1676DBF6F92BF3E93B26DBF4A1DBE3EF2FC6DBFAFA7BC3EBE466EBFA031BB3EF88F6EBF1EBBB93E9ED86EBFCC
:40C280002A44B83EB0206FBFC3CCB63E30686FBFEC54B53E1BAF6FBFA5DCB33E73F56FBFEF63B23E373B70BFCBEAB03E668070BF3A71AF3E02C570BF3CF7AD3E080971BF18
:40C2C000D47CAC3E7A4C71BF0102AB3E578F71BFC486A93E9FD171BF1F0BA83E521372BF128FA63E705472BF9F12A53EF89472BFC595A33EEBD472BF8718A23E471473BF93
:40C30000E59AA03E0E5373BFDF1C9F3E3F9173BF789E9D3ED9CE73BFAF1F9C3EDD0B74BF86A09A3E4B4874BFFE20993E228474BF17A1973E62BF74BFD220963E0BFA74BF35
:40C3400031A0943E1D3475BF351F933E976D75BFDD9D913E7BA675BF2C1C903EC6DE75BF229A8E3E7A1676BFC0178D3E974D76BF07958B3E1B8476BFF8118A3E07BA76BFA4
:40C38000938E883E5BEF76BFDA0A873E172477BFCE86853E3A5877BF7002843EC58B77BFC07D823EB7BE77BFC0F8803E10F177BFE1E67E3ED12278BFA4DB7B3EF85378BFA8
:40C3C000CCCF783E868478BF5AC3753E7BB478BF51B6723ED6E378BFB2A86F3E981279BF7F9A6C3EC04079BFBA8B693E4E6E79BF667C663E439B79BF836C633E9DC779BF42
:40C40000135C603E5EF379BF1A4B5D3E841E7ABF97395A3E10497ABF8F27573E02737ABF0115543E599C7ABFF101513E16C57ABF60EE4D3E37ED7ABF4FDA4A3EBE147BBF3A
:40C44000C2C5473EAB3B7BBFB9B0443EFC617BBF379B413EB2877BBF3E853E3ECDAC7BBFCF6E3B3E4DD17BBFEC57383E31F57BBF9840353E7A187CBFD428323E283B7CBF0F
:40C48000A2102F3E3A5D7CBF04F82B3EB07E7CBFFCDE283E8A9F7CBF8CC5253EC9BF7CBFB6AB223E6CDF7CBF7B911F3E73FE7CBFDE761C3EDD1C7DBFE05B193EAC3A7DBFAF
:40C4C0008340163EDE577DBFCA24133E74747DBFB708103E6E907DBF4AEC0C3ECCAB7DBF86CF093E8CC67DBF6EB2063EB1E07DBF0295033E38FA7DBF4577003E24137EBFC8
:40C5000073B2FA3D722B7EBFC075F43D23437EBF7638EE3D385A7EBF9AFAE73DB0707EBF2EBCE13D8B867EBF377DDB3DC99B7EBFB93DD53D69B07EBFB7FDCE3D6DC47EBFB1
:40C5400036BDC83DD4D77EBF397CC23D9DEA7EBFC33ABC3DC9FC7EBFDAF8B53D580E7FBF80B6AF3D491F7FBFBA73A93D9D2F7FBF8C30A33D543F7FBFF9EC9C3D6D4E7FBFFA
:40C5800005A9963DE95C7FBFB464903DC76A7FBF0A208A3D08787FBF0ADB833DAB847FBF742B7B3DB1907FBF38A06E3D189C7FBF6814623DE3A67FBF0E88553D0FB17FBF0F
:40C5C0002FFB483D9EBA7FBFD56D3C3D8FC37FBF07E02F3DE2CB7FBFCC51233D98D37FBF2CC3163DAFDA7FBF2F340A3D29E17FBFB949FB3C05E77FBF7B2AE23C43EC7FBFB9
:40C60000B00AC93CE3F07FBF69EAAF3CE6F47FBFB6C9963C4AF87FBF4B517B3C11FB7FBF900E493C39FD7FBF59CB163CC4FE7FBF890FC93BB1FF7FBFC70F493B000080BF36
:40C6400000000000B1FF7FBFC70F49BBC4FE7FBF890FC9BB39FD7FBF59CB16BC11FB7FBF900E49BC4AF87FBF4B517BBCE6F47FBFB6C996BCE3F07FBF69EAAFBC43EC7FBF07
:40C68000B00AC9BC05E77FBF7B2AE2BC29E17FBFB949FBBCAFDA7FBF2F340ABD98D37FBF2CC316BDE2CB7FBFCC5123BD8FC37FBF07E02FBD9EBA7FBFD56D3CBD0FB17FBF57
:40C6C0002FFB48BDE3A67FBF0E8855BD189C7FBF681462BDB1907FBF38A06EBDAB847FBF742B7BBD08787FBF0ADB83BDC76A7FBF0A208ABDE95C7FBFB46490BD6D4E7FBFA5
:40C7000005A996BD543F7FBFF9EC9CBD9D2F7FBF8C30A3BD491F7FBFBA73A9BD580E7FBF80B6AFBDC9FC7EBFDAF8B5BD9DEA7EBFC33ABCBDD4D77EBF397CC2BD6DC47EBF3A
:40C7400036BDC8BD69B07EBFB7FDCEBDC99B7EBFB93DD5BD8B867EBF377DDBBDB0707EBF2EBCE1BD385A7EBF9AFAE7BD23437EBF7638EEBD722B7EBFC075F4BD24137EBFCD
:40C7800073B2FABD38FA7DBF457700BEB1E07DBF029503BE8CC67DBF6EB206BECCAB7DBF86CF09BE6E907DBF4AEC0CBE74747DBFB70810BEDE577DBFCA2413BEAC3A7DBF12
:40C7C000834016BEDD1C7DBFE05B19BE73FE7CBFDE761CBE6CDF7CBF7B911FBEC9BF7CBFB6AB22BE8A9F7CBF8CC525BEB07E7CBFFCDE28BE3A5D7CBF04F82BBE283B7CBFF8
:40C80000A2102FBE7A187CBFD42832BE31F57BBF984035BE4DD17BBFEC5738BECDAC7BBFCF6E3BBEB2877BBF3E853EBEFC617BBF379B41BEAB3B7BBFB9B044BEBE147BBFCA
:40C84000C2C547BE37ED7ABF4FDA4ABE16C57ABF60EE4DBE599C7ABFF10151BE02737ABF011554BE10497ABF8F2757BE841E7ABF97395ABE5EF379BF1A4B5DBE9DC779BF67
:40C88000135C60BE439B79BF836C63BE4E6E79BF667C66BEC04079BFBA8B69BE981279BF7F9A6CBED6E378BFB2A86FBE7BB478BF51B672BE868478BF5AC375BEF85378BFDB
:40C8C000CCCF78BED12278BFA4DB7BBE10F177BFE1E67EBEB7BE77BFC0F880BEC58B77BFC07D82BE3A5877BF700284BE172477BFCE8685BE5BEF76BFDA0A87BE07BA76BF85
:40C90000938E88BE1B8476BFF8118ABE974D76BF07958BBE7A1676BFC0178DBEC6DE75BF229A8EBE7BA675BF2C1C90BE976D75BFDD9D91BE1D3475BF351F93BE0BFA74BF58
:40C9400031A094BE62BF74BFD22096BE228474BF17A197BE4B4874BFFE2099BEDD0B74BF86A09ABED9CE73BFAF1F9CBE3F9173BF789E9DBE0E5373BFDF1C9FBE471473BF54
:40C98000E59AA0BEEBD472BF8718A2BEF89472BFC595A3BE705472BF9F12A5BE521372BF128FA6BE9FD171BF1F0BA8BE578F71BFC486A9BE7A4C71BF0102ABBE080971BFF5
:40C9C000D47CACBE02C570BF3CF7ADBE668070BF3A71AFBE373B70BFCBEAB0BE73F56FBFEF63B2BE1BAF6FBFA5DCB3BE30686FBFEC54B5BEB0206FBFC3CCB6BE9ED86EBF99
:40CA00002A44B8BEF88F6EBF1EBBB9BEBE466EBFA031BBBEF2FC6DBFAFA7BCBE93B26DBF4A1DBEBEA1676DBF6F92BFBE1D1C6DBF1E07C1BE07D06CBF557BC2BE5E836CBF3C
:40CA400015EFC3BE24366CBF5C62C5BE58E86BBF29D5C6BEFB996BBF7C47C8BE0C4B6BBF53B9C9BE8CFB6ABFAE2ACBBE7BAB6ABF8B9BCCBED95A6ABFEA0BCEBEA7096ABF9E
:40CA8000CA7BCFBEE4B769BF2AEBD0BE916569BF095AD2BEAE1269BF67C8D3BE3CBF68BF4136D5BE396B68BF99A3D6BEA81668BF6B10D8BE87C167BFB97CD9BED86B67BF25
:40CAC00080E8DABE991567BFC153DCBECCBE66BF79BEDDBE716766BFA928DFBE880F66BF4F92E0BE10B765BF6AFBE1BE0B5E65BFFA63E3BE790465BFFECBE4BE59AA64BFE1
:40CB00007533E6BEAC4F64BF5D9AE7BE73F463BFB700E9BEAC9863BF8166EABE5A3C63BFBBCBEBBE7BDF62BF6330EDBE108262BF7994EEBE1A2462BFFBF7EFBE98C561BF8C
:40CB4000EA5AF1BE8A6661BF43BDF2BEF20661BF071FF4BECFA660BF3580F5BE214660BFCBE0F6BEE9E45FBFC840F8BE27835FBF2DA0F9BEDB205FBFF7FEFABE05BE5EBF96
:40CB8000275DFCBEA65A5EBFBBBAFDBEBEF65DBFB217FFBE4D925DBF063A00BF532D5DBFE4E700BFD1C75CBF739501BFC7615CBFB14202BF34FB5BBF9FEF02BF1A945BBFA2
:40CBC0003D9C03BF792C5BBF894804BF50C45ABF84F404BFA05B5ABF2CA005BF6AF259BF824B06BFAD8859BF86F606BF6A1E59BF36A107BFA1B358BF924B08BF534858BFA9
:40CC00009BF508BF7FDC57BF4E9F09BF267057BFAD480ABF480357BFB7F10ABFE59556BF6B9A0BBFFE2756BFC9420CBF93B955BFD0EA0CBFA44A55BF81920DBF31DB54BFE8
:40CC4000DA390EBF3B6B54BFDBE00EBFC3FA53BF84870FBFC78953BFD52D10BF491853BFCDD310BF49A652BF6B7911BFC63352BFB01E12BFC2C051BF9AC312BF3D4D51BF1F
:40CC80002A6813BF37D950BF5F0C14BFAF6450BF39B014BFA8EF4FBFB75315BF1F7A4FBFD9F615BF17044FBF9F9916BF908D4EBF073C17BF89164EBF12DE17BF029F4DBF70
:40CCC000C07F18BFFD264DBF0F2119BF79AE4CBF00C219BF78354CBF93621ABFF8BB4BBFC6021BBFFA414BBF99A21BBF7FC74ABF0C421CBF874C4ABF1FE11CBF12D149BFC2
:40CD0000D17F1DBF215549BF221E1EBFB3D848BF12BC1EBFCA5B48BF9F591FBF65DE47BFCBF61FBF856047BF939320BF2AE246BFF92F21BF546346BFFBCB21BF03E445BFAF
:40CD4000996722BF396445BFD30223BFF5E344BFA99D23BF376344BF1A3824BF00E243BF25D224BF516043BFCB6B25BF29DE42BF0A0526BF895B42BFE39D26BF70D841BF8C
:40CD8000563627BFE15441BF61CE27BFDAD040BF056628BF5C4C40BF41FD28BF67C73FBF159429BFFC413FBF802A2ABF1BBC3EBF82C02ABFC5353EBF1B562BBFF9AE3DBF71
:40CDC0004AEB2BBFB8273DBF0F802CBF03A03CBF69142DBFD9173CBF59A82DBF3B8F3BBFDE3B2EBF29063BBFF7CE2EBFA47C3ABFA5612FBFACF239BFE6F32FBF426839BF2F
:40CE0000BB8530BF65DD38BF221731BF165238BF1DA831BF55C637BFAA3832BF233A37BFC9C832BF7FAD36BF7A5833BF6C2036BFBCE733BFE79235BF8F7634BFF30435BF49
:40CE4000F30435BF8F7634BFE79235BFBCE733BF6C2036BF7A5833BF7FAD36BFC9C832BF233A37BFAA3832BF55C637BF1DA831BF165238BF221731BF65DD38BFBB8530BF09
:40CE8000426839BFE6F32FBFACF239BFA5612FBFA47C3ABFF7CE2EBF29063BBFDE3B2EBF3B8F3BBF59A82DBFD9173CBF69142DBF03A03CBF0F802CBFB8273DBF4AEB2BBF6E
:40CEC000F9AE3DBF1B562BBFC5353EBF82C02ABF1BBC3EBF802A2ABFFC413FBF159429BF67C73FBF41FD28BF5C4C40BF056628BFDAD040BF61CE27BFE15441BF563627BF30
:40CF000070D841BFE39D26BF895B42BF0A0526BF29DE42BFCB6B25BF516043BF25D224BF00E243BF1A3824BF376344BFA99D23BFF5E344BFD30223BF396445BF996722BFCA
:40CF400003E445BFFBCB21BF546346BFF92F21BF2AE246BF939320BF856047BFCBF61FBF65DE47BF9F591FBFCA5B48BF12BC1EBFB3D848BF221E1EBF215549BFD17F1DBF6D
:40CF800012D149BF1FE11CBF874C4ABF0C421CBF7FC74ABF99A21BBFFA414BBFC6021BBFF8BB4BBF93621ABF78354CBF00C219BF79AE4CBF0F2119BFFD264DBFC07F18BFFF
:40CFC000029F4DBF12DE17BF89164EBF073C17BF908D4EBF9F9916BF17044FBFD9F615BF1F7A4FBFB75315BFA8EF4FBF39B014BFAF6450BF5F0C14BF37D950BF2A6813BF2D
:40D000003D4D51BF9AC312BFC2C051BFB01E12BFC63352BF6B7911BF49A652BFCDD310BF491853BFD52D10BFC78953BF84870FBFC3FA53BFDBE00EBF3B6B54BFDA390EBF5B
:40D0400031DB54BF81920DBFA44A55BFD0EA0CBF93B955BFC9420CBFFE2756BF6B9A0BBFE59556BFB7F10ABF480357BFAD480ABF267057BF4E9F09BF7FDC57BF9BF508BFA4
:40D08000534858BF924B08BFA1B358BF36A107BF6A1E59BF86F606BFAD8859BF824B06BF6AF259BF2CA005BFA05B5ABF84F404BF50C45ABF894804BF792C5BBF3D9C03BFE4
:40D0C0001A945BBF9FEF02BF34FB5BBFB14202BFC7615CBF739501BFD1C75CBFE4E700BF532D5DBF063A00BF4D925DBFB217FFBEBEF65DBFBBBAFDBEA65A5EBF275DFCBE5D
:40D1000005BE5EBFF7FEFABEDB205FBF2DA0F9BE27835FBFC840F8BEE9E45FBFCBE0F6BE214660BF3580F5BECFA660BF071FF4BEF20661BF43BDF2BE8A6661BFEA5AF1BED0
:40D1400098C561BFFBF7EFBE1A2462BF7994EEBE108262BF6330EDBE7BDF62BFBBCBEBBE5A3C63BF8166EABEAC9863BFB700E9BE73F463BF5D9AE7BEAC4F64BF7533E6BE46
:40D1800059AA64BFFECBE4BE790465BFFA63E3BE0B5E65BF6AFBE1BE10B765BF4F92E0BE880F66BFA928DFBE716766BF79BEDDBECCBE66BFC153DCBE991567BF80E8DABE1A
:40D1C000D86B67BFB97CD9BE87C167BF6B10D8BEA81668BF99A3D6BE396B68BF4136D5BE3CBF68BF67C8D3BEAE1269BF095AD2BE916569BF2AEBD0BEE4B769BFCA7BCFBEDE
:40D20000A7096ABFEA0BCEBED95A6ABF8B9BCCBE7BAB6ABFAE2ACBBE8CFB6ABF53B9C9BE0C4B6BBF7C47C8BEFB996BBF29D5C6BE58E86BBF5C62C5BE24366CBF15EFC3BED6
:40D240005E836CBF557BC2BE07D06CBF1E07C1BE1D1C6DBF6F92BFBEA1676DBF4A1DBEBE93B26DBFAFA7BCBEF2FC6DBFA031BBBEBE466EBF1EBBB9BEF88F6EBF2A44B8BEF4
:40D280009ED86EBFC3CCB6BEB0206FBFEC54B5BE30686FBFA5DCB3BE1BAF6FBFEF63B2BE73F56FBFCBEAB0BE373B70BF3A71AFBE668070BF3CF7ADBE02C570BFD47CACBED0
:40D2C000080971BF0102ABBE7A4C71BFC486A9BE578F71BF1F0BA8BE9FD171BF128FA6BE521372BF9F12A5BE705472BFC595A3BEF89472BF8718A2BEEBD472BFE59AA0BEAC
:40D30000471473BFDF1C9FBE0E5373BF789E9DBE3F9173BFAF1F9CBED9CE73BF86A09ABEDD0B74BFFE2099BE4B4874BF17A197BE228474BFD22096BE62BF74BF31A094BE8A
:40D340000BFA74BF351F93BE1D3475BFDD9D91BE976D75BF2C1C90BE7BA675BF229A8EBEC6DE75BFC0178DBE7A1676BF07958BBE974D76BFF8118ABE1B8476BF938E88BE0E
:40D3800007BA76BFDA0A87BE5BEF76BFCE8685BE172477BF700284BE3A5877BFC07D82BEC58B77BFC0F880BEB7BE77BFE1E67EBE10F177BFA4DB7BBED12278BFCCCF78BEBA
:40D3C000F85378BF5AC375BE868478BF51B672BE7BB478BFB2A86FBED6E378BF7F9A6CBE981279BFBA8B69BEC04079BF667C66BE4E6E79BF836C63BE439B79BF135C60BE90
:40D400009DC779BF1A4B5DBE5EF379BF97395ABE841E7ABF8F2757BE10497ABF011554BE02737ABFF10151BE599C7ABF60EE4DBE16C57ABF4FDA4ABE37ED7ABFC2C547BE9B
:40D44000BE147BBFB9B044BEAB3B7BBF379B41BEFC617BBF3E853EBEB2877BBFCF6E3BBECDAC7BBFEC5738BE4DD17BBF984035BE31F57BBFD42832BE7A187CBFA2102FBE7E
:40D48000283B7CBF04F82BBE3A5D7CBFFCDE28BEB07E7CBF8CC525BE8A9F7CBFB6AB22BEC9BF7CBF7B911FBE6CDF7CBFDE761CBE73FE7CBFE05B19BEDD1C7DBF834016BE2B
:40D4C000AC3A7DBFCA2413BEDE577DBFB70810BE74747DBF4AEC0CBE6E907DBF86CF09BECCAB7DBF6EB206BE8CC67DBF029503BEB1E07DBF457700BE38FA7DBF73B2FABDC5
:40D5000024137EBFC075F4BD722B7EBF7638EEBD23437EBF9AFAE7BD385A7EBF2EBCE1BDB0707EBF377DDBBD8B867EBFB93DD5BDC99B7EBFB7FDCEBD69B07EBF36BDC8BDFF
:40D540006DC47EBF397CC2BDD4D77EBFC33ABCBD9DEA7EBFDAF8B5BDC9FC7EBF80B6AFBD580E7FBFBA73A9BD491F7FBF8C30A3BD9D2F7FBFF9EC9CBD543F7FBF05A996BDEC
:40D580006D4E7FBFB46490BDE95C7FBF0A208ABDC76A7FBF0ADB83BD08787FBF742B7BBDAB847FBF38A06EBDB1907FBF681462BD189C7FBF0E8855BDE3A67FBF2FFB48BDD6
:40D5C0000FB17FBFD56D3CBD9EBA7FBF07E02FBD8FC37FBFCC5123BDE2CB7FBF2CC316BD98D37FBF2F340ABDAFDA7FBFB949FBBC29E17FBF7B2AE2BC05E77FBFB00AC9BC08
:40D6000043EC7FBF69EAAFBCE3F07FBFB6C996BCE6F47FBF4B517BBC4AF87FBF900E49BC11FB7FBF59CB16BC39FD7FBF890FC9BBC4FE7FBFC70F49BBB1FF7FBF00000080B7
:40D64000000080BFC70F493BB1FF7FBF890FC93BC4FE7FBF59CB163C39FD7FBF900E493C11FB7FBF4B517B3C4AF87FBFB6C9963CE6F47FBF69EAAF3CE3F07FBFB00AC93CE6
:40D6800043EC7FBF7B2AE23C05E77FBFB949FB3C29E17FBF2F340A3DAFDA7FBF2CC3163D98D37FBFCC51233DE2CB7FBF07E02F3D8FC37FBFD56D3C3D9EBA7FBF2FFB483DE8
:40D6C0000FB17FBF0E88553DE3A67FBF6814623D189C7FBF38A06E3DB1907FBF742B7B3DAB847FBF0ADB833D08787FBF0A208A3DC76A7FBFB464903DE95C7FBF05A9963DBE
:40D700006D4E7FBFF9EC9C3D543F7FBF8C30A33D9D2F7FBFBA73A93D491F7FBF80B6AF3D580E7FBFDAF8B53DC9FC7EBFC33ABC3D9DEA7EBF397CC23DD4D77EBF36BDC83D28
:40D740006DC47EBFB7FDCE3D69B07EBFB93DD53DC99B7EBF377DDB3D8B867EBF2EBCE13DB0707EBF9AFAE73D385A7EBF7638EE3D23437EBFC075F43D722B7EBF73B2FA3D5F
:40D7800024137EBF4577003E38FA7DBF0295033EB1E07DBF6EB2063E8CC67DBF86CF093ECCAB7DBF4AEC0C3E6E907DBFB708103E74747DBFCA24133EDE577DBF8340163EF5
:40D7C000AC3A7DBFE05B193EDD1C7DBFDE761C3E73FE7CBF7B911F3E6CDF7CBFB6AB223EC9BF7CBF8CC5253E8A9F7CBFFCDE283EB07E7CBF04F82B3E3A5D7CBFA2102F3E5C
:40D80000283B7CBFD428323E7A187CBF9840353E31F57BBFEC57383E4DD17BBFCF6E3B3ECDAC7BBF3E853E3EB2877BBF379B413EFC617BBFB9B0443EAB3B7BBFC2C5473E3B
:40D84000BE147BBF4FDA4A3E37ED7ABF60EE4D3E16C57ABFF101513E599C7ABF0115543E02737ABF8F27573E10497ABF97395A3E841E7ABF1A4B5D3E5EF379BF135C603EE6
:40D880009DC779BF836C633E439B79BF667C663E4E6E79BFBA8B693EC04079BF7F9A6C3E981279BFB2A86F3ED6E378BF51B6723E7BB478BF5AC3753E868478BFCCCF783E6D
:40D8C000F85378BFA4DB7B3ED12278BFE1E67E3E10F177BFC0F8803EB7BE77BFC07D823EC58B77BF7002843E3A5877BFCE86853E172477BFDA0A873E5BEF76BF938E883E53
:40D9000007BA76BFF8118A3E1B8476BF07958B3E974D76BFC0178D3E7A1676BF229A8E3EC6DE75BF2C1C903E7BA675BFDD9D913E976D75BF351F933E1D3475BF31A0943ECE
:40D940000BFA74BFD220963E62BF74BF17A1973E228474BFFE20993E4B4874BF86A09A3EDD0B74BFAF1F9C3ED9CE73BF789E9D3E3F9173BFDF1C9F3E0E5373BFE59AA03EDF
:40D98000471473BF8718A23EEBD472BFC595A33EF89472BF9F12A53E705472BF128FA63E521372BF1F0BA83E9FD171BFC486A93E578F71BF0102AB3E7A4C71BFD47CAC3EBC
:40D9C000080971BF3CF7AD3E02C570BF3A71AF3E668070BFCBEAB03E373B70BFEF63B23E73F56FBFA5DCB33E1BAF6FBFEC54B53E30686FBFC3CCB63EB0206FBF2A44B83EC1
:40DA00009ED86EBF1EBBB93EF88F6EBFA031BB3EBE466EBFAFA7BC3EF2FC6DBF4A1DBE3E93B26DBF6F92BF3EA1676DBF1E07C13E1D1C6DBF557BC23E07D06CBF15EFC33EF4
:40DA40005E836CBF5C62C53E24366CBF29D5C63E58E86BBF7C47C83EFB996BBF53B9C93E0C4B6BBFAE2ACB3E8CFB6ABF8B9BCC3E7BAB6ABFEA0BCE3ED95A6ABFCA7BCF3E0E
:40DA8000A7096ABF2AEBD03EE4B769BF095AD23E916569BF67C8D33EAE1269BF4136D53E3CBF68BF99A3D63E396B68BF6B10D83EA81668BFB97CD93E87C167BF80E8DA3E77
:40DAC000D86B67BFC153DC3E991567BF79BEDD3ECCBE66BFA928DF3E716766BF4F92E03E880F66BF6AFBE13E10B765BFFA63E33E0B5E65BFFECBE43E790465BF7533E63E42
:40DB000059AA64BF5D9AE73EAC4F64BFB700E93E73F463BF8166EA3EAC9863BFBBCBEB3E5A3C63BF6330ED3E7BDF62BF7994EE3E108262BFFBF7EF3E1A2462BFEA5AF13E2C
:40DB400098C561BF43BDF23E8A6661BF071FF43EF20661BF3580F53ECFA660BFCBE0F63E214660BFC840F83EE9E45FBF2DA0F93E27835FBFF7FEFA3EDB205FBF275DFC3E9E
:40DB800005BE5EBFBBBAFD3EA65A5EBFB217FF3EBEF65DBF063A003F4D925DBFE4E7003F532D5DBF7395013FD1C75CBFB142023FC7615CBF9FEF023F34FB5BBF3D9C033F1D
:40DBC0001A945BBF8948043F792C5BBF84F4043F50C45ABF2CA0053FA05B5ABF824B063F6AF259BF86F6063FAD8859BF36A1073F6A1E59BF924B083FA1B358BF9BF5083FC7
:40DC0000534858BF4E9F093F7FDC57BFAD480A3F267057BFB7F10A3F480357BF6B9A0B3FE59556BFC9420C3FFE2756BFD0EA0C3F93B955BF81920D3FA44A55BFDA390E3FBC
:40DC400031DB54BFDBE00E3F3B6B54BF84870F3FC3FA53BFD52D103FC78953BFCDD3103F491853BF6B79113F49A652BFB01E123FC63352BF9AC3123FC2C051BF2A68133F06
:40DC80003D4D51BF5F0C143F37D950BF39B0143FAF6450BFB753153FA8EF4FBFD9F6153F1F7A4FBF9F99163F17044FBF073C173F908D4EBF12DE173F89164EBFC07F183FC1
:40DCC000029F4DBF0F21193FFD264DBF00C2193F79AE4CBF93621A3F78354CBFC6021B3FF8BB4BBF99A21B3FFA414BBF0C421C3F7FC74ABF1FE11C3F874C4ABFD17F1D3FDA
:40DD000012D149BF221E1E3F215549BF12BC1E3FB3D848BF9F591F3FCA5B48BFCBF61F3F65DE47BF9393203F856047BFF92F213F2AE246BFFBCB213F546346BF9967223FEA
:40DD400003E445BFD302233F396445BFA99D233FF5E344BF1A38243F376344BF25D2243F00E243BFCB6B253F516043BF0A05263F29DE42BFE39D263F895B42BF5636273F48
:40DD800070D841BF61CE273FE15441BF0566283FDAD040BF41FD283F5C4C40BF1594293F67C73FBF802A2A3FFC413FBF82C02A3F1BBC3EBF1B562B3FC5353EBF4AEB2B3F0F
:40DDC000F9AE3DBF0F802C3FB8273DBF69142D3F03A03CBF59A82D3FD9173CBFDE3B2E3F3B8F3BBFF7CE2E3F29063BBFA5612F3FA47C3ABFE6F32F3FACF239BFBB85303F0E
:40DE0000426839BF2217313F65DD38BF1DA8313F165238BFAA38323F55C637BFC9C8323F233A37BF7A58333F7FAD36BFBCE7333F6C2036BF8F76343FE79235BFF304353FC6
:40DE4000F30435BFE792353F8F7634BF6C20363FBCE733BF7FAD363F7A5833BF233A373FC9C832BF55C6373FAA3832BF1652383F1DA831BF65DD383F221731BF4268393F86
:40DE8000BB8530BFACF2393FE6F32FBFA47C3A3FA5612FBF29063B3FF7CE2EBF3B8F3B3FDE3B2EBFD9173C3F59A82DBF03A03C3F69142DBFB8273D3F0F802CBFF9AE3D3F4D
:40DEC0004AEB2BBFC5353E3F1B562BBF1BBC3E3F82C02ABFFC413F3F802A2ABF67C73F3F159429BF5C4C403F41FD28BFDAD0403F056628BFE154413F61CE27BF70D8413FCE
:40DF0000563627BF895B423FE39D26BF29DE423F0A0526BF5160433FCB6B25BF00E2433F25D224BF3763443F1A3824BFF5E3443FA99D23BF3964453FD30223BF03E4453F86
:40DF4000996722BF5463463FFBCB21BF2AE2463FF92F21BF8560473F939320BF65DE473FCBF61FBFCA5B483F9F591FBFB3D8483F12BC1EBF2155493F221E1EBF12D1493FA8
:40DF8000D17F1DBF874C4A3F1FE11CBF7FC74A3F0C421CBFFA414B3F99A21BBFF8BB4B3FC6021BBF78354C3F93621ABF79AE4C3F00C219BFFD264D3F0F2119BF029F4D3F17
:40DFC000C07F18BF89164E3F12DE17BF908D4E3F073C17BF17044F3F9F9916BF1F7A4F3FD9F615BFA8EF4F3FB75315BFAF64503F39B014BF37D9503F5F0C14BF3D4D513F7E
:40E000002A6813BFC2C0513F9AC312BFC633523FB01E12BF49A6523F6B7911BF4918533FCDD310BFC789533FD52D10BFC3FA533F84870FBF3B6B543FDBE00EBF31DB543F42
:40E04000DA390EBFA44A553F81920DBF93B9553FD0EA0CBFFE27563FC9420CBFE595563F6B9A0BBF4803573FB7F10ABF2670573FAD480ABF7FDC573F4E9F09BF5348583F78
:40E080009BF508BFA1B3583F924B08BF6A1E593F36A107BFAD88593F86F606BF6AF2593F824B06BFA05B5A3F2CA005BF50C45A3F84F404BF792C5B3F894804BF1A945B3F02
:40E0C0003D9C03BF34FB5B3F9FEF02BFC7615C3FB14202BFD1C75C3F739501BF532D5D3FE4E700BF4D925D3F063A00BFBEF65D3FB217FFBEA65A5E3FBBBAFDBE05BE5E3FD8
:40E10000275DFCBEDB205F3FF7FEFABE27835F3F2DA0F9BEE9E45F3FC840F8BE2146603FCBE0F6BECFA6603F3580F5BEF206613F071FF4BE8A66613F43BDF2BE98C5613FD8
:40E14000EA5AF1BE1A24623FFBF7EFBE1082623F7994EEBE7BDF623F6330EDBE5A3C633FBBCBEBBEAC98633F8166EABE73F4633FB700E9BEAC4F643F5D9AE7BE59AA643FE6
:40E180007533E6BE7904653FFECBE4BE0B5E653FFA63E3BE10B7653F6AFBE1BE880F663F4F92E0BE7167663FA928DFBECCBE663F79BEDDBE9915673FC153DCBED86B673F7B
:40E1C00080E8DABE87C1673FB97CD9BEA816683F6B10D8BE396B683F99A3D6BE3CBF683F4136D5BEAE12693F67C8D3BE9165693F095AD2BEE4B7693F2AEBD0BEA7096A3F30
:40E20000CA7BCFBED95A6A3FEA0BCEBE7BAB6A3F8B9BCCBE8CFB6A3FAE2ACBBE0C4B6B3F53B9C9BEFB996B3F7C47C8BE58E86B3F29D5C6BE24366C3F5C62C5BE5E836C3F46
:40E2400015EFC3BE07D06C3F557BC2BE1D1C6D3F1E07C1BEA1676D3F6F92BFBE93B26D3F4A1DBEBEF2FC6D3FAFA7BCBEBE466E3FA031BBBEF88F6E3F1EBBB9BE9ED86E3FAC
:40E280002A44B8BEB0206F3FC3CCB6BE30686F3FEC54B5BE1BAF6F3FA5DCB3BE73F56F3FEF63B2BE373B703FCBEAB0BE6680703F3A71AFBE02C5703F3CF7ADBE0809713FF8
:40E2C000D47CACBE7A4C713F0102ABBE578F713FC486A9BE9FD1713F1F0BA8BE5213723F128FA6BE7054723F9F12A5BEF894723FC595A3BEEBD4723F8718A2BE4714733F73
:40E30000E59AA0BE0E53733FDF1C9FBE3F91733F789E9DBED9CE733FAF1F9CBEDD0B743F86A09ABE4B48743FFE2099BE2284743F17A197BE62BF743FD22096BE0BFA743F15
:40E3400031A094BE1D34753F351F93BE976D753FDD9D91BE7BA6753F2C1C90BEC6DE753F229A8EBE7A16763FC0178DBE974D763F07958BBE1B84763FF8118ABE07BA763F84
:40E38000938E88BE5BEF763FDA0A87BE1724773FCE8685BE3A58773F700284BEC58B773FC07D82BEB7BE773FC0F880BE10F1773FE1E67EBED122783FA4DB7BBEF853783F88
:40E3C000CCCF78BE8684783F5AC375BE7BB4783F51B672BED6E3783FB2A86FBE9812793F7F9A6CBEC040793FBA8B69BE4E6E793F667C66BE439B793F836C63BE9DC7793F22
:40E40000135C60BE5EF3793F1A4B5DBE841E7A3F97395ABE10497A3F8F2757BE02737A3F011554BE599C7A3FF10151BE16C57A3F60EE4DBE37ED7A3F4FDA4ABEBE147B3F1A
:40E44000C2C547BEAB3B7B3FB9B044BEFC617B3F379B41BEB2877B3F3E853EBECDAC7B3FCF6E3BBE4DD17B3FEC5738BE31F57B3F984035BE7A187C3FD42832BE283B7C3FEF
:40E48000A2102FBE3A5D7C3F04F82BBEB07E7C3FFCDE28BE8A9F7C3F8CC525BEC9BF7C3FB6AB22BE6CDF7C3F7B911FBE73FE7C3FDE761CBEDD1C7D3FE05B19BEAC3A7D3F8F
:40E4C000834016BEDE577D3FCA2413BE74747D3FB70810BE6E907D3F4AEC0CBECCAB7D3F86CF09BE8CC67D3F6EB206BEB1E07D3F029503BE38FA7D3F457700BE24137E3FA8
:40E5000073B2FABD722B7E3FC075F4BD23437E3F7638EEBD385A7E3F9AFAE7BDB0707E3F2EBCE1BD8B867E3F377DDBBDC99B7E3FB93DD5BD69B07E3FB7FDCEBD6DC47E3F91
:40E5400036BDC8BDD4D77E3F397CC2BD9DEA7E3FC33ABCBDC9FC7E3FDAF8B5BD580E7F3F80B6AFBD491F7F3FBA73A9BD9D2F7F3F8C30A3BD543F7F3FF9EC9CBD6D4E7F3FDA
:40E5800005A996BDE95C7F3FB46490BDC76A7F3F0A208ABD08787F3F0ADB83BDAB847F3F742B7BBDB1907F3F38A06EBD189C7F3F681462BDE3A67F3F0E8855BD0FB17F3FEF
:40E5C0002FFB48BD9EBA7F3FD56D3CBD8FC37F3F07E02FBDE2CB7F3FCC5123BD98D37F3F2CC316BDAFDA7F3F2F340ABD29E17F3FB949FBBC05E77F3F7B2AE2BC43EC7F3F99
:40E60000B00AC9BCE3F07F3F69EAAFBCE6F47F3FB6C996BC4AF87F3F4B517BBC11FB7F3F900E49BC39FD7F3F59CB16BCC4FE7F3F890FC9BBB1FF7F3FC70F49BB0000803F16
:40E6400000000000C4FE7F3F890FC93B11FB7F3F900E493CE6F47F3FB6C9963C43EC7F3FB00AC93C29E17F3FB949FB3C98D37F3F2CC3163D8FC37F3F07E02F3D0FB17F3FAF
:40E680002FFB483D189C7F3F6814623DAB847F3F742B7B3DC76A7F3F0A208A3D6D4E7F3F05A9963D9D2F7F3F8C30A33D580E7F3F80B6AF3D9DEA7E3FC33ABC3D6DC47E3F6C
:40E6C00036BDC83DC99B7E3FB93DD53DB0707E3F2EBCE13D23437E3F7638EE3D24137E3F73B2FA3DB1E07D3F0295033ECCAB7D3F86CF093E74747D3FB708103EAC3A7D3F81
:40E700008340163E73FE7C3FDE761C3EC9BF7C3FB6AB223EB07E7C3FFCDE283E283B7C3FA2102F3E31F57B3F9840353ECDAC7B3FCF6E3B3EFC617B3F379B413EBE147B3F76
:40E74000C2C5473E16C57A3F60EE4D3E02737A3F0115543E841E7A3F97395A3E9DC7793F135C603E4E6E793F667C663E9812793F7F9A6C3E7BB4783F51B6723EF853783FA0
:40E78000CCCF783E10F1773FE1E67E3EC58B773FC07D823E1724773FCE86853E07BA763F938E883E974D763F07958B3EC6DE753F229A8E3E976D753FDD9D913E0BFA743FCF
:40E7C00031A0943E2284743F17A1973EDD0B743F86A09A3E3F91733F789E9D3E4714733FE59AA03EF894723FC595A33E5213723F128FA63E578F713FC486A93E0809713F7F
:40E80000D47CAC3E6680703F3A71AF3E73F56F3FEF63B23E30686F3FEC54B53E9ED86E3F2A44B83EBE466E3FA031BB3E93B26D3F4A1DBE3E1D1C6D3F1E07C13E5E836C3FB5
:40E8400015EFC33E58E86B3F29D5C63E0C4B6B3F53B9C93E7BAB6A3F8B9BCC3EA7096A3FCA7BCF3E9165693F095AD23E3CBF683F4136D53EA816683F6B10D83ED86B673FCD
:40E8800080E8DA3ECCBE663F79BEDD3E880F663F4F92E03E0B5E653FFA63E33E59AA643F7533E63E73F4633FB700E93E5A3C633FBBCBEB3E1082623F7994EE3E98C5613FE8
:40E8C000EA5AF13EF206613F071FF43E2146603FCBE0F63E27835F3F2DA0F93E05BE5E3F275DFC3EBEF65D3FB217FF3E532D5D3FE4E7003FC7615C3FB142023F1A945B3FAB
:40E900003D9C033F50C45A3F84F4043F6AF2593F824B063F6A1E593F36A1073F5348583F9BF5083F2670573FAD480A3FE595563F6B9A0B3F93B9553FD0EA0C3F31DB543FBC
:40E94000DA390E3FC3FA533F84870F3F4918533FCDD3103FC633523FB01E123F3D4D513F2A68133FAF64503F39B0143F1F7A4F3FD9F6153F908D4E3F073C173F029F4D3F6E
:40E98000C07F183F79AE4C3F00C2193FF8BB4B3FC6021B3F7FC74A3F0C421C3F12D1493FD17F1D3FB3D8483F12BC1E3F65DE473FCBF61F3F2AE2463FF92F213F03E4453F5E
:40E9C0009967223FF5E3443FA99D233F00E2433F25D2243F29DE423F0A05263F70D8413F5636273FDAD0403F0566283F67C73F3F1594293F1BBC3E3F82C02A3FF9AE3D3F65
:40EA00004AEB2B3F03A03C3F69142D3F3B8F3B3FDE3B2E3FA47C3A3FA5612F3F4268393FBB85303F1652383F1DA8313F233A373FC9C8323F6C20363FBCE7333FF304353F1E
:40EA4000F304353FBCE7333F6C20363FC9C8323F233A373F1DA8313F1652383FBB85303F4268393FA5612F3FA47C3A3FDE3B2E3F3B8F3B3F69142D3F03A03C3F4AEB2B3FDE
:40EA8000F9AE3D3F82C02A3F1BBC3E3F1594293F67C73F3F0566283FDAD0403F5636273F70D8413F0A05263F29DE423F25D2243F00E2433FA99D233FF5E3443F9967223FA4
:40EAC00003E4453FF92F213F2AE2463FCBF61F3F65DE473F12BC1E3FB3D8483FD17F1D3F12D1493F0C421C3F7FC74A3FC6021B3FF8BB4B3F00C2193F79AE4C3FC07F183F1D
:40EB0000029F4D3F073C173F908D4E3FD9F6153F1F7A4F3F39B0143FAF64503F2A68133F3D4D513FB01E123FC633523FCDD3103F4918533F84870F3FC3FA533FDA390E3FAC
:40EB400031DB543FD0EA0C3F93B9553F6B9A0B3FE595563FAD480A3F2670573F9BF5083F5348583F36A1073F6A1E593F824B063F6AF2593F84F4043F50C45A3F3D9C033F7A
:40EB80001A945B3FB142023FC7615C3FE4E7003F532D5D3FB217FF3EBEF65D3F275DFC3E05BE5E3F2DA0F93E27835F3FCBE0F63E2146603F071FF43EF206613FEA5AF13EE8
:40EBC00098C5613F7994EE3E1082623FBBCBEB3E5A3C633FB700E93E73F4633F7533E63E59AA643FFA63E33E0B5E653F4F92E03E880F663F79BEDD3ECCBE663F80E8DA3EA5
:40EC0000D86B673F6B10D83EA816683F4136D53E3CBF683F095AD23E9165693FCA7BCF3EA7096A3F8B9BCC3E7BAB6A3F53B9C93E0C4B6B3F29D5C63E58E86B3F15EFC33E09
:40EC40005E836C3F1E07C13E1D1C6D3F4A1DBE3E93B26D3FA031BB3EBE466E3F2A44B83E9ED86E3FEC54B53E30686F3FEF63B23E73F56F3F3A71AF3E6680703FD47CAC3E71
:40EC80000809713FC486A93E578F713F128FA63E5213723FC595A33EF894723FE59AA03E4714733F789E9D3E3F91733F86A09A3EDD0B743F17A1973E2284743F31A0943EBA
:40ECC0000BFA743FDD9D913E976D753F229A8E3EC6DE753F07958B3E974D763F938E883E07BA763FCE86853E1724773FC07D823EC58B773FE1E67E3E10F1773FCCCF783E8A
:40ED0000F853783F51B6723E7BB4783F7F9A6C3E9812793F667C663E4E6E793F135C603E9DC7793F97395A3E841E7A3F0115543E02737A3F60EE4D3E16C57A3FC2C5473EDA
:40ED4000BE147B3F379B413EFC617B3FCF6E3B3ECDAC7B3F9840353E31F57B3FA2102F3E283B7C3FFCDE283EB07E7C3FB6AB223EC9BF7C3FDE761C3E73FE7C3F8340163E30
:40ED8000AC3A7D3FB708103E74747D3F86CF093ECCAB7D3F0295033EB1E07D3F73B2FA3D24137E3F7638EE3D23437E3F2EBCE13DB0707E3FB93DD53DC99B7E3F36BDC83DBA
:40EDC0006DC47E3FC33ABC3D9DEA7E3F80B6AF3D580E7F3F8C30A33D9D2F7F3F05A9963D6D4E7F3F0A208A3DC76A7F3F742B7B3DAB847F3F6814623D189C7F3F2FFB483D25
:40EE00000FB17F3F07E02F3D8FC37F3F2CC3163D98D37F3FB949FB3C29E17F3FB00AC93C43EC7F3FB6C9963CE6F47F3F900E493C11FB7F3F890FC93BC4FE7F3F00000000E7
:40EE40000000803F890FC9BBC4FE7F3F900E49BC11FB7F3FB6C996BCE6F47F3FB00AC9BC43EC7F3FB949FBBC29E17F3F2CC316BD98D37F3F07E02FBD8FC37F3F2FFB48BDB7
:40EE80000FB17F3F681462BD189C7F3F742B7BBDAB847F3F0A208ABDC76A7F3F05A996BD6D4E7F3F8C30A3BD9D2F7F3F80B6AFBD580E7F3FC33ABCBD9DEA7E3F36BDC8BD8B
:40EEC0006DC47E3FB93DD5BDC99B7E3F2EBCE1BDB0707E3F7638EEBD23437E3F73B2FABD24137E3F029503BEB1E07D3F86CF09BECCAB7D3FB70810BE74747D3F834016BE0E
:40EF0000AC3A7D3FDE761CBE73FE7C3FB6AB22BEC9BF7C3FFCDE28BEB07E7C3FA2102FBE283B7C3F984035BE31F57B3FCF6E3BBECDAC7B3F379B41BEFC617B3FC2C547BE63
:40EF4000BE147B3F60EE4DBE16C57A3F011554BE02737A3F97395ABE841E7A3F135C60BE9DC7793F667C66BE4E6E793F7F9A6CBE9812793F51B672BE7BB4783FCCCF78BEC9
:40EF8000F853783FE1E67EBE10F1773FC07D82BEC58B773FCE8685BE1724773F938E88BE07BA763F07958BBE974D763F229A8EBEC6DE753FDD9D91BE976D753F31A094BE2B
:40EFC0000BFA743F17A197BE2284743F86A09ABEDD0B743F789E9DBE3F91733FE59AA0BE4714733FC595A3BEF894723F128FA6BE5213723FC486A9BE578F713FD47CACBEE9
:40F000000809713F3A71AFBE6680703FEF63B2BE73F56F3FEC54B5BE30686F3F2A44B8BE9ED86E3FA031BBBEBE466E3F4A1DBEBE93B26D3F1E07C1BE1D1C6D3F15EFC3BEAD
:40F040005E836C3F29D5C6BE58E86B3F53B9C9BE0C4B6B3F8B9BCCBE7BAB6A3FCA7BCFBEA7096A3F095AD2BE9165693F4136D5BE3CBF683F6B10D8BEA816683F80E8DABEA7
:40F08000D86B673F79BEDDBECCBE663F4F92E0BE880F663FFA63E3BE0B5E653F7533E6BE59AA643FB700E9BE73F4633FBBCBEBBE5A3C633F7994EEBE1082623FEA5AF1BE01
:40F0C00098C5613F071FF4BEF206613FCBE0F6BE2146603F2DA0F9BE27835F3F275DFCBE05BE5E3FB217FFBEBEF65D3FE4E700BF532D5D3FB14202BFC7615C3F3D9C03BF46
:40F100001A945B3F84F404BF50C45A3F824B06BF6AF2593F36A107BF6A1E593F9BF508BF5348583FAD480ABF2670573F6B9A0BBFE595563FD0EA0CBF93B9553FDA390EBFC6
:40F1400031DB543F84870FBFC3FA533FCDD310BF4918533FB01E12BFC633523F2A6813BF3D4D513F39B014BFAF64503FD9F615BF1F7A4F3F073C17BF908D4E3FC07F18BFBE
:40F18000029F4D3F00C219BF79AE4C3FC6021BBFF8BB4B3F0C421CBF7FC74A3FD17F1DBF12D1493F12BC1EBFB3D8483FCBF61FBF65DE473FF92F21BF2AE2463F996722BFC9
:40F1C00003E4453FA99D23BFF5E3443F25D224BF00E2433F0A0526BF29DE423F563627BF70D8413F056628BFDAD0403F159429BF67C73F3F82C02ABF1BBC3E3F4AEB2BBFD7
:40F20000F9AE3D3F69142DBF03A03C3FDE3B2EBF3B8F3B3FA5612FBFA47C3A3FBB8530BF4268393F1DA831BF1652383FC9C832BF233A373FBCE733BF6C20363FF30435BF92
:40F24000F304353F6C2036BFBCE7333F233A37BFC9C8323F165238BF1DA8313F426839BFBB85303FA47C3ABFA5612F3F3B8F3BBFDE3B2E3F03A03CBF69142D3FF9AE3DBF52
:40F280004AEB2B3F1BBC3EBF82C02A3F67C73FBF1594293FDAD040BF0566283F70D841BF5636273F29DE42BF0A05263F00E243BF25D2243FF5E344BFA99D233F03E445BF16
:40F2C0009967223F2AE246BFF92F213F65DE47BFCBF61F3FB3D848BF12BC1E3F12D149BFD17F1D3F7FC74ABF0C421C3FF8BB4BBFC6021B3F79AE4CBF00C2193F029F4DBF88
:40F30000C07F183F908D4EBF073C173F1F7A4FBFD9F6153FAF6450BF39B0143F3D4D51BF2A68133FC63352BFB01E123F491853BFCDD3103FC3FA53BF84870F3F31DB54BFFC
:40F34000DA390E3F93B955BFD0EA0C3FE59556BF6B9A0B3F267057BFAD480A3F534858BF9BF5083F6A1E59BF36A1073F6AF259BF824B063F50C45ABF84F4043F1A945BBF84
:40F380003D9C033FC7615CBFB142023F532D5DBFE4E7003FBEF65DBFB217FF3E05BE5EBF275DFC3E27835FBF2DA0F93E214660BFCBE0F63EF20661BF071FF43E98C561BF83
:40F3C000EA5AF13E108262BF7994EE3E5A3C63BFBBCBEB3E73F463BFB700E93E59AA64BF7533E63E0B5E65BFFA63E33E880F66BF4F92E03ECCBE66BF79BEDD3ED86B67BFBE
:40F4000080E8DA3EA81668BF6B10D83E3CBF68BF4136D53E916569BF095AD23EA7096ABFCA7BCF3E7BAB6ABF8B9BCC3E0C4B6BBF53B9C93E58E86BBF29D5C63E5E836CBFE3
:40F4400015EFC33E1D1C6DBF1E07C13E93B26DBF4A1DBE3EBE466EBFA031BB3E9ED86EBF2A44B83E30686FBFEC54B53E73F56FBFEF63B23E668070BF3A71AF3E080971BF69
:40F48000D47CAC3E578F71BFC486A93E521372BF128FA63EF89472BFC595A33E471473BFE59AA03E3F9173BF789E9D3EDD0B74BF86A09A3E228474BF17A1973E0BFA74BF24
:40F4C00031A0943E976D75BFDD9D913EC6DE75BF229A8E3E974D76BF07958B3E07BA76BF938E883E172477BFCE86853EC58B77BFC07D823E10F177BFE1E67E3EF85378BFE6
:40F50000CCCF783E7BB478BF51B6723E981279BF7F9A6C3E4E6E79BF667C663E9DC779BF135C603E841E7ABF97395A3E02737ABF0115543E16C57ABF60EE4D3EBE147BBF03
:40F54000C2C5473EFC617BBF379B413ECDAC7BBFCF6E3B3E31F57BBF9840353E283B7CBFA2102F3EB07E7CBFFCDE283EC9BF7CBFB6AB223E73FE7CBFDE761C3EAC3A7DBF1D
:40F580008340163E74747DBFB708103ECCAB7DBF86CF093EB1E07DBF0295033E24137EBF73B2FA3D23437EBF7638EE3DB0707EBF2EBCE13DC99B7EBFB93DD53D6DC47EBF47
:40F5C00036BDC83D9DEA7EBFC33ABC3D580E7FBF80B6AF3D9D2F7FBF8C30A33D6D4E7FBF05A9963DC76A7FBF0A208A3DAB847FBF742B7B3D189C7FBF6814623D0FB17FBF44
:40F600002FFB483D8FC37FBF07E02F3D98D37FBF2CC3163D29E17FBFB949FB3C43EC7FBFB00AC93CE6F47FBFB6C9963C11FB7FBF900E493CC4FE7FBF890FC93B000080BFEF
:40F6400000000000C4FE7FBF890FC9BB11FB7FBF900E49BCE6F47FBFB6C996BC43EC7FBFB00AC9BC29E17FBFB949FBBC98D37FBF2CC316BD8FC37FBF07E02FBD0FB17FBF1F
:40F680002FFB48BD189C7FBF681462BDAB847FBF742B7BBDC76A7FBF0A208ABD6D4E7FBF05A996BD9D2F7FBF8C30A3BD580E7FBF80B6AFBD9DEA7EBFC33ABCBD6DC47EBF5C
:40F6C00036BDC8BDC99B7EBFB93DD5BDB0707EBF2EBCE1BD23437EBF7638EEBD24137EBF73B2FABDB1E07DBF029503BECCAB7DBF86CF09BE74747DBFB70810BEAC3A7DBF71
:40F70000834016BE73FE7CBFDE761CBEC9BF7CBFB6AB22BEB07E7CBFFCDE28BE283B7CBFA2102FBE31F57BBF984035BECDAC7BBFCF6E3BBEFC617BBF379B41BEBE147BBF66
:40F74000C2C547BE16C57ABF60EE4DBE02737ABF011554BE841E7ABF97395ABE9DC779BF135C60BE4E6E79BF667C66BE981279BF7F9A6CBE7BB478BF51B672BEF85378BF90
:40F78000CCCF78BE10F177BFE1E67EBEC58B77BFC07D82BE172477BFCE8685BE07BA76BF938E88BE974D76BF07958BBEC6DE75BF229A8EBE976D75BFDD9D91BE0BFA74BFBF
:40F7C00031A094BE228474BF17A197BEDD0B74BF86A09ABE3F9173BF789E9DBE471473BFE59AA0BEF89472BFC595A3BE521372BF128FA6BE578F71BFC486A9BE080971BF6F
:40F80000D47CACBE668070BF3A71AFBE73F56FBFEF63B2BE30686FBFEC54B5BE9ED86EBF2A44B8BEBE466EBFA031BBBE93B26DBF4A1DBEBE1D1C6DBF1E07C1BE5E836CBFA5
:40F8400015EFC3BE58E86BBF29D5C6BE0C4B6BBF53B9C9BE7BAB6ABF8B9BCCBEA7096ABFCA7BCFBE916569BF095AD2BE3CBF68BF4136D5BEA81668BF6B10D8BED86B67BFBD
:40F8800080E8DABECCBE66BF79BEDDBE880F66BF4F92E0BE0B5E65BFFA63E3BE59AA64BF7533E6BE73F463BFB700E9BE5A3C63BFBBCBEBBE108262BF7994EEBE98C561BFD8
:40F8C000EA5AF1BEF20661BF071FF4BE214660BFCBE0F6BE27835FBF2DA0F9BE05BE5EBF275DFCBEBEF65DBFB217FFBE532D5DBFE4E700BFC7615CBFB14202BF1A945BBF9B
:40F900003D9C03BF50C45ABF84F404BF6AF259BF824B06BF6A1E59BF36A107BF534858BF9BF508BF267057BFAD480ABFE59556BF6B9A0BBF93B955BFD0EA0CBF31DB54BFAC
:40F94000DA390EBFC3FA53BF84870FBF491853BFCDD310BFC63352BFB01E12BF3D4D51BF2A6813BFAF6450BF39B014BF1F7A4FBFD9F615BF908D4EBF073C17BF029F4DBF5E
:40F98000C07F18BF79AE4CBF00C219BFF8BB4BBFC6021BBF7FC74ABF0C421CBF12D149BFD17F1DBFB3D848BF12BC1EBF65DE47BFCBF61FBF2AE246BFF92F21BF03E445BF4E
:40F9C000996722BFF5E344BFA99D23BF00E243BF25D224BF29DE42BF0A0526BF70D841BF563627BFDAD040BF056628BF67C73FBF159429BF1BBC3EBF82C02ABFF9AE3DBF55
:40FA00004AEB2BBF03A03CBF69142DBF3B8F3BBFDE3B2EBFA47C3ABFA5612FBF426839BFBB8530BF165238BF1DA831BF233A37BFC9C832BF6C2036BFBCE733BFF30435BF0E
:40FA4000F30435BFBCE733BF6C2036BFC9C832BF233A37BF1DA831BF165238BFBB8530BF426839BFA5612FBFA47C3ABFDE3B2EBF3B8F3BBF69142DBF03A03CBF4AEB2BBFCE
:40FA8000F9AE3DBF82C02ABF1BBC3EBF159429BF67C73FBF056628BFDAD040BF563627BF70D841BF0A0526BF29DE42BF25D224BF00E243BFA99D23BFF5E344BF996722BF94
:40FAC00003E445BFF92F21BF2AE246BFCBF61FBF65DE47BF12BC1EBFB3D848BFD17F1DBF12D149BF0C421CBF7FC74ABFC6021BBFF8BB4BBF00C219BF79AE4CBFC07F18BF0D
:40FB0000029F4DBF073C17BF908D4EBFD9F615BF1F7A4FBF39B014BFAF6450BF2A6813BF3D4D51BFB01E12BFC63352BFCDD310BF491853BF84870FBFC3FA53BFDA390EBF9C
:40FB400031DB54BFD0EA0CBF93B955BF6B9A0BBFE59556BFAD480ABF267057BF9BF508BF534858BF36A107BF6A1E59BF824B06BF6AF259BF84F404BF50C45ABF3D9C03BF6A
:40FB80001A945BBFB14202BFC7615CBFE4E700BF532D5DBFB217FFBEBEF65DBF275DFCBE05BE5EBF2DA0F9BE27835FBFCBE0F6BE214660BF071FF4BEF20661BFEA5AF1BED8
:40FBC00098C561BF7994EEBE108262BFBBCBEBBE5A3C63BFB700E9BE73F463BF7533E6BE59AA64BFFA63E3BE0B5E65BF4F92E0BE880F66BF79BEDDBECCBE66BF80E8DABE95
:40FC0000D86B67BF6B10D8BEA81668BF4136D5BE3CBF68BF095AD2BE916569BFCA7BCFBEA7096ABF8B9BCCBE7BAB6ABF53B9C9BE0C4B6BBF29D5C6BE58E86BBF15EFC3BEF9
:40FC40005E836CBF1E07C1BE1D1C6DBF4A1DBEBE93B26DBFA031BBBEBE466EBF2A44B8BE9ED86EBFEC54B5BE30686FBFEF63B2BE73F56FBF3A71AFBE668070BFD47CACBE61
:40FC8000080971BFC486A9BE578F71BF128FA6BE521372BFC595A3BEF89472BFE59AA0BE471473BF789E9DBE3F9173BF86A09ABEDD0B74BF17A197BE228474BF31A094BEAA
:40FCC0000BFA74BFDD9D91BE976D75BF229A8EBEC6DE75BF07958BBE974D76BF938E88BE07BA76BFCE8685BE172477BFC07D82BEC58B77BFE1E67EBE10F177BFCCCF78BE7A
:40FD0000F85378BF51B672BE7BB478BF7F9A6CBE981279BF667C66BE4E6E79BF135C60BE9DC779BF97395ABE841E7ABF011554BE02737ABF60EE4DBE16C57ABFC2C547BECA
:40FD4000BE147BBF379B41BEFC617BBFCF6E3BBECDAC7BBF984035BE31F57BBFA2102FBE283B7CBFFCDE28BEB07E7CBFB6AB22BEC9BF7CBFDE761CBE73FE7CBF834016BE20
:40FD8000AC3A7DBFB70810BE74747DBF86CF09BECCAB7DBF029503BEB1E07DBF73B2FABD24137EBF7638EEBD23437EBF2EBCE1BDB0707EBFB93DD5BDC99B7EBF36BDC8BDAA
:40FDC0006DC47EBFC33ABCBD9DEA7EBF80B6AFBD580E7FBF8C30A3BD9D2F7FBF05A996BD6D4E7FBF0A208ABDC76A7FBF742B7BBDAB847FBF681462BD189C7FBF2FFB48BD15
:40FE00000FB17FBF07E02FBD8FC37FBF2CC316BD98D37FBFB949FBBC29E17FBFB00AC9BC43EC7FBFB6C996BCE6F47FBF900E49BC11FB7FBF890FC9BBC4FE7FBF00000080D7
:40FE4000000080BF890FC93BC4FE7FBF900E493C11FB7FBFB6C9963CE6F47FBFB00AC93C43EC7FBFB949FB3C29E17FBF2CC3163D98D37FBF07E02F3D8FC37FBF2FFB483DA7
:40FE80000FB17FBF6814623D189C7FBF742B7B3DAB847FBF0A208A3DC76A7FBF05A9963D6D4E7FBF8C30A33D9D2F7FBF80B6AF3D580E7FBFC33ABC3D9DEA7EBF36BDC83D7B
:40FEC0006DC47EBFB93DD53DC99B7EBF2EBCE13DB0707EBF7638EE3D23437EBF73B2FA3D24137EBF0295033EB1E07DBF86CF093ECCAB7DBFB708103E74747DBF8340163EFE
:40FF0000AC3A7DBFDE761C3E73FE7CBFB6AB223EC9BF7CBFFCDE283EB07E7CBFA2102F3E283B7CBF9840353E31F57BBFCF6E3B3ECDAC7BBF379B413EFC617BBFC2C5473E53
:40FF4000BE147BBF60EE4D3E16C57ABF0115543E02737ABF97395A3E841E7ABF135C603E9DC779BF667C663E4E6E79BF7F9A6C3E981279BF51B6723E7BB478BFCCCF783EB9
:40FF8000F85378BFE1E67E3E10F177BFC07D823EC58B77BFCE86853E172477BF938E883E07BA76BF07958B3E974D76BF229A8E3EC6DE75BFDD9D913E976D75BF31A0943E1B
:40FFC0000BFA74BF17A1973E228474BF86A09A3EDD0B74BF789E9D3E3F9173BFE59AA03E471473BFC595A33EF89472BF128FA63E521372BFC486A93E578F71BFD47CAC3ED9
:020000041004E6
:40000000080971BF3A71AF3E668070BFEF63B23E73F56FBFEC54B53E30686FBF2A44B83E9ED86EBFA031BB3EBE466EBF4A1DBE3E93B26DBF1E07C13E1D1C6DBF15EFC33E9D
:400040005E836CBF29D5C63E58E86BBF53B9C93E0C4B6BBF8B9BCC3E7BAB6ABFCA7BCF3EA7096ABF095AD23E916569BF4136D53E3CBF68BF6B10D83EA81668BF80E8DA3E97
:40008000D86B67BF79BEDD3ECCBE66BF4F92E03E880F66BFFA63E33E0B5E65BF7533E63E59AA64BFB700E93E73F463BFBBCBEB3E5A3C63BF7994EE3E108262BFEA5AF13EF1
:4000C00098C561BF071FF43EF20661BFCBE0F63E214660BF2DA0F93E27835FBF275DFC3E05BE5EBFB217FF3EBEF65DBFE4E7003F532D5DBFB142023FC7615CBF3D9C033F36
:400100001A945BBF84F4043F50C45ABF824B063F6AF259BF36A1073F6A1E59BF9BF5083F534858BFAD480A3F267057BF6B9A0B3FE59556BFD0EA0C3F93B955BFDA390E3FB6
:4001400031DB54BF84870F3FC3FA53BFCDD3103F491853BFB01E123FC63352BF2A68133F3D4D51BF39B0143FAF6450BFD9F6153F1F7A4FBF073C173F908D4EBFC07F183FAE
:40018000029F4DBF00C2193F79AE4CBFC6021B3FF8BB4BBF0C421C3F7FC74ABFD17F1D3F12D149BF12BC1E3FB3D848BFCBF61F3F65DE47BFF92F213F2AE246BF9967223FB9
:4001C00003E445BFA99D233FF5E344BF25D2243F00E243BF0A05263F29DE42BF5636273F70D841BF0566283FDAD040BF1594293F67C73FBF82C02A3F1BBC3EBF4AEB2B3FC7
:40020000F9AE3DBF69142D3F03A03CBFDE3B2E3F3B8F3BBFA5612F3FA47C3ABFBB85303F426839BF1DA8313F165238BFC9C8323F233A37BFBCE7333F6C2036BFF304353F82
:40024000F30435BF6C20363FBCE733BF233A373FC9C832BF1652383F1DA831BF4268393FBB8530BFA47C3A3FA5612FBF3B8F3B3FDE3B2EBF03A03C3F69142DBFF9AE3D3F42
:400280004AEB2BBF1BBC3E3F82C02ABF67C73F3F159429BFDAD0403F056628BF70D8413F563627BF29DE423F0A0526BF00E2433F25D224BFF5E3443FA99D23BF03E4453F06
:4002C000996722BF2AE2463FF92F21BF65DE473FCBF61FBFB3D8483F12BC1EBF12D1493FD17F1DBF7FC74A3F0C421CBFF8BB4B3FC6021BBF79AE4C3F00C219BF029F4D3F78
:40030000C07F18BF908D4E3F073C17BF1F7A4F3FD9F615BFAF64503F39B014BF3D4D513F2A6813BFC633523FB01E12BF4918533FCDD310BFC3FA533F84870FBF31DB543FEC
:40034000DA390EBF93B9553FD0EA0CBFE595563F6B9A0BBF2670573FAD480ABF5348583F9BF508BF6A1E593F36A107BF6AF2593F824B06BF50C45A3F84F404BF1A945B3F74
:400380003D9C03BFC7615C3FB14202BF532D5D3FE4E700BFBEF65D3FB217FFBE05BE5E3F275DFCBE27835F3F2DA0F9BE2146603FCBE0F6BEF206613F071FF4BE98C5613F73
:4003C000EA5AF1BE1082623F7994EEBE5A3C633FBBCBEBBE73F4633FB700E9BE59AA643F7533E6BE0B5E653FFA63E3BE880F663F4F92E0BECCBE663F79BEDDBED86B673FAE
:4004000080E8DABEA816683F6B10D8BE3CBF683F4136D5BE9165693F095AD2BEA7096A3FCA7BCFBE7BAB6A3F8B9BCCBE0C4B6B3F53B9C9BE58E86B3F29D5C6BE5E836C3FD3
:4004400015EFC3BE1D1C6D3F1E07C1BE93B26D3F4A1DBEBEBE466E3FA031BBBE9ED86E3F2A44B8BE30686F3FEC54B5BE73F56F3FEF63B2BE6680703F3A71AFBE0809713F59
:40048000D47CACBE578F713FC486A9BE5213723F128FA6BEF894723FC595A3BE4714733FE59AA0BE3F91733F789E9DBEDD0B743F86A09ABE2284743F17A197BE0BFA743F14
:4004C00031A094BE976D753FDD9D91BEC6DE753F229A8EBE974D763F07958BBE07BA763F938E88BE1724773FCE8685BEC58B773FC07D82BE10F1773FE1E67EBEF853783FD6
:40050000CCCF78BE7BB4783F51B672BE9812793F7F9A6CBE4E6E793F667C66BE9DC7793F135C60BE841E7A3F97395ABE02737A3F011554BE16C57A3F60EE4DBEBE147B3FF3
:40054000C2C547BEFC617B3F379B41BECDAC7B3FCF6E3BBE31F57B3F984035BE283B7C3FA2102FBEB07E7C3FFCDE28BEC9BF7C3FB6AB22BE73FE7C3FDE761CBEAC3A7D3F0D
:40058000834016BE74747D3FB70810BECCAB7D3F86CF09BEB1E07D3F029503BE24137E3F73B2FABD23437E3F7638EEBDB0707E3F2EBCE1BDC99B7E3FB93DD5BD6DC47E3F37
:4005C00036BDC8BD9DEA7E3FC33ABCBD580E7F3F80B6AFBD9D2F7F3F8C30A3BD6D4E7F3F05A996BDC76A7F3F0A208ABDAB847F3F742B7BBD189C7F3F681462BD0FB17F3F34
:400600002FFB48BD8FC37F3F07E02FBD98D37F3F2CC316BD29E17F3FB949FBBC43EC7F3FB00AC9BCE6F47F3FB6C996BC11FB7F3F900E49BCC4FE7F3F890FC9BB0000803FDF
:400640000000000011FB7F3F900E493C43EC7F3FB00AC93C98D37F3F2CC3163D0FB17F3F2FFB483DAB847F3F742B7B3D6D4E7F3F05A9963D580E7F3F80B6AF3D6DC47E3FD7
:4006800036BDC83DB0707E3F2EBCE13D24137E3F73B2FA3DCCAB7D3F86CF093EAC3A7D3F8340163EC9BF7C3FB6AB223E283B7C3FA2102F3ECDAC7B3FCF6E3B3EBE147B3FCF
:4006C000C2C5473E02737A3F0115543E9DC7793F135C603E9812793F7F9A6C3EF853783FCCCF783EC58B773FC07D823E07BA763F938E883EC6DE753F229A8E3E0BFA743F7F
:4007000031A0943EDD0B743F86A09A3E4714733FE59AA03E5213723F128FA63E0809713FD47CAC3E73F56F3FEF63B23E9ED86E3F2A44B83E93B26D3F4A1DBE3E5E836C3FBE
:4007400015EFC33E0C4B6B3F53B9C93EA7096A3FCA7BCF3E3CBF683F4136D53ED86B673F80E8DA3E880F663F4F92E03E59AA643F7533E63E5A3C633FBBCBEB3E98C5613F8F
:40078000EA5AF13E2146603FCBE0F63E05BE5E3F275DFC3E532D5D3FE4E7003F1A945B3F3D9C033F6AF2593F824B063F5348583F9BF5083FE595563F6B9A0B3F31DB543F2E
:4007C000DA390E3F4918533FCDD3103F3D4D513F2A68133F1F7A4F3FD9F6153F029F4D3FC07F183FF8BB4B3FC6021B3F12D1493FD17F1D3F65DE473FCBF61F3F03E4453FE3
:400800009967223F00E2433F25D2243F70D8413F5636273F67C73F3F1594293FF9AE3D3F4AEB2B3F3B8F3B3FDE3B2E3F4268393FBB85303F233A373FC9C8323FF304353F85
:40084000F304353FC9C8323F233A373FBB85303F4268393FDE3B2E3F3B8F3B3F4AEB2B3FF9AE3D3F1594293F67C73F3F5636273F70D8413F25D2243F00E2433F9967223F45
:4008800003E4453FCBF61F3F65DE473FD17F1D3F12D1493FC6021B3FF8BB4B3FC07F183F029F4D3FD9F6153F1F7A4F3F2A68133F3D4D513FCDD3103F4918533FDA390E3F22
:4008C00031DB543F6B9A0B3FE595563F9BF5083F5348583F824B063F6AF2593F3D9C033F1A945B3FE4E7003F532D5D3F275DFC3E05BE5E3FCBE0F63E2146603FEA5AF13EED
:4009000098C5613FBBCBEB3E5A3C633F7533E63E59AA643F4F92E03E880F663F80E8DA3ED86B673F4136D53E3CBF683FCA7BCF3EA7096A3F53B9C93E0C4B6B3F15EFC33ECD
:400940005E836C3F4A1DBE3E93B26D3F2A44B83E9ED86E3FEF63B23E73F56F3FD47CAC3E0809713F128FA63E5213723FE59AA03E4714733F86A09A3EDD0B743F31A0943E7C
:400980000BFA743F229A8E3EC6DE753F938E883E07BA763FC07D823EC58B773FCCCF783EF853783F7F9A6C3E9812793F135C603E9DC7793F0115543E02737A3FC2C5473EBC
:4009C000BE147B3FCF6E3B3ECDAC7B3FA2102F3E283B7C3FB6AB223EC9BF7C3F8340163EAC3A7D3F86CF093ECCAB7D3F73B2FA3D24137E3F2EBCE13DB0707E3F36BDC83D8C
:400A00006DC47E3F80B6AF3D580E7F3F05A9963D6D4E7F3F742B7B3DAB847F3F2FFB483D0FB17F3F2CC3163D98D37F3FB00AC93C43EC7F3F900E493C11FB7F3F0000000013
:400A40000000803F900E49BC11FB7F3FB00AC9BC43EC7F3F2CC316BD98D37F3F2FFB48BD0FB17F3F742B7BBDAB847F3F05A996BD6D4E7F3F80B6AFBD580E7F3F36BDC8BD0A
:400A80006DC47E3F2EBCE1BDB0707E3F73B2FABD24137E3F86CF09BECCAB7D3F834016BEAC3A7D3FB6AB22BEC9BF7C3FA2102FBE283B7C3FCF6E3BBECDAC7B3FC2C547BE55
:400AC000BE147B3F011554BE02737A3F135C60BE9DC7793F7F9A6CBE9812793FCCCF78BEF853783FC07D82BEC58B773F938E88BE07BA763F229A8EBEC6DE753F31A094BE10
:400B00000BFA743F86A09ABEDD0B743FE59AA0BE4714733F128FA6BE5213723FD47CACBE0809713FEF63B2BE73F56F3F2A44B8BE9ED86E3F4A1DBEBE93B26D3F15EFC3BE2C
:400B40005E836C3F53B9C9BE0C4B6B3FCA7BCFBEA7096A3F4136D5BE3CBF683F80E8DABED86B673F4F92E0BE880F663F7533E6BE59AA643FBBCBEBBE5A3C633FEA5AF1BE8E
:400B800098C5613FCBE0F6BE2146603F275DFCBE05BE5E3FE4E700BF532D5D3F3D9C03BF1A945B3F824B06BF6AF2593F9BF508BF5348583F6B9A0BBFE595563FDA390EBFDF
:400BC00031DB543FCDD310BF4918533F2A6813BF3D4D513FD9F615BF1F7A4F3FC07F18BF029F4D3FC6021BBFF8BB4B3FD17F1DBF12D1493FCBF61FBF65DE473F996722BFAA
:400C000003E4453F25D224BF00E2433F563627BF70D8413F159429BF67C73F3F4AEB2BBFF9AE3D3FDE3B2EBF3B8F3B3FBB8530BF4268393FC9C832BF233A373FF30435BF77
:400C4000F304353F233A37BFC9C8323F426839BFBB85303F3B8F3BBFDE3B2E3FF9AE3DBF4AEB2B3F67C73FBF1594293F70D841BF5636273F00E243BF25D2243F03E445BF37
:400C80009967223F65DE47BFCBF61F3F12D149BFD17F1D3FF8BB4BBFC6021B3F029F4DBFC07F183F1F7A4FBFD9F6153F3D4D51BF2A68133F491853BFCDD3103F31DB54BFE9
:400CC000DA390E3FE59556BF6B9A0B3F534858BF9BF5083F6AF259BF824B063F1A945BBF3D9C033F532D5DBFE4E7003F05BE5EBF275DFC3E214660BFCBE0F63E98C561BF9E
:400D0000EA5AF13E5A3C63BFBBCBEB3E59AA64BF7533E63E880F66BF4F92E03ED86B67BF80E8DA3E3CBF68BF4136D53EA7096ABFCA7BCF3E0C4B6BBF53B9C93E5E836CBFCC
:400D400015EFC33E93B26DBF4A1DBE3E9ED86EBF2A44B83E73F56FBFEF63B23E080971BFD47CAC3E521372BF128FA63E471473BFE59AA03EDD0B74BF86A09A3E0BFA74BFEA
:400D800031A0943EC6DE75BF229A8E3E07BA76BF938E883EC58B77BFC07D823EF85378BFCCCF783E981279BF7F9A6C3E9DC779BF135C603E02737ABF0115543EBE147BBF4D
:400DC000C2C5473ECDAC7BBFCF6E3B3E283B7CBFA2102F3EC9BF7CBFB6AB223EAC3A7DBF8340163ECCAB7DBF86CF093E24137EBF73B2FA3DB0707EBF2EBCE13D6DC47EBF12
:400E000036BDC83D580E7FBF80B6AF3D6D4E7FBF05A9963DAB847FBF742B7B3D0FB17FBF2FFB483D98D37FBF2CC3163D43EC7FBFB00AC93C11FB7FBF900E493C000080BF46
:400E40000000000011FB7FBF900E49BC43EC7FBFB00AC9BC98D37FBF2CC316BD0FB17FBF2FFB48BDAB847FBF742B7BBD6D4E7FBF05A996BD580E7FBF80B6AFBD6DC47EBF4F
:400E800036BDC8BDB0707EBF2EBCE1BD24137EBF73B2FABDCCAB7DBF86CF09BEAC3A7DBF834016BEC9BF7CBFB6AB22BE283B7CBFA2102FBECDAC7BBFCF6E3BBEBE147BBFC7
:400EC000C2C547BE02737ABF011554BE9DC779BF135C60BE981279BF7F9A6CBEF85378BFCCCF78BEC58B77BFC07D82BE07BA76BF938E88BEC6DE75BF229A8EBE0BFA74BF77
:400F000031A094BEDD0B74BF86A09ABE471473BFE59AA0BE521372BF128FA6BE080971BFD47CACBE73F56FBFEF63B2BE9ED86EBF2A44B8BE93B26DBF4A1DBEBE5E836CBFB6
:400F400015EFC3BE0C4B6BBF53B9C9BEA7096ABFCA7BCFBE3CBF68BF4136D5BED86B67BF80E8DABE880F66BF4F92E0BE59AA64BF7533E6BE5A3C63BFBBCBEBBE98C561BF87
:400F8000EA5AF1BE214660BFCBE0F6BE05BE5EBF275DFCBE532D5DBFE4E700BF1A945BBF3D9C03BF6AF259BF824B06BF534858BF9BF508BFE59556BF6B9A0BBF31DB54BF26
:400FC000DA390EBF491853BFCDD310BF3D4D51BF2A6813BF1F7A4FBFD9F615BF029F4DBFC07F18BFF8BB4BBFC6021BBF12D149BFD17F1DBF65DE47BFCBF61FBF03E445BFDB
:40100000996722BF00E243BF25D224BF70D841BF563627BF67C73FBF159429BFF9AE3DBF4AEB2BBF3B8F3BBFDE3B2EBF426839BFBB8530BF233A37BFC9C832BFF30435BF7D
:40104000F30435BFC9C832BF233A37BFBB8530BF426839BFDE3B2EBF3B8F3BBF4AEB2BBFF9AE3DBF159429BF67C73FBF563627BF70D841BF25D224BF00E243BF996722BF3D
:4010800003E445BFCBF61FBF65DE47BFD17F1DBF12D149BFC6021BBFF8BB4BBFC07F18BF029F4DBFD9F615BF1F7A4FBF2A6813BF3D4D51BFCDD310BF491853BFDA390EBF1A
:4010C00031DB54BF6B9A0BBFE59556BF9BF508BF534858BF824B06BF6AF259BF3D9C03BF1A945BBFE4E700BF532D5DBF275DFCBE05BE5EBFCBE0F6BE214660BFEA5AF1BEE5
:4011000098C561BFBBCBEBBE5A3C63BF7533E6BE59AA64BF4F92E0BE880F66BF80E8DABED86B67BF4136D5BE3CBF68BFCA7BCFBEA7096ABF53B9C9BE0C4B6BBF15EFC3BEC5
:401140005E836CBF4A1DBEBE93B26DBF2A44B8BE9ED86EBFEF63B2BE73F56FBFD47CACBE080971BF128FA6BE521372BFE59AA0BE471473BF86A09ABEDD0B74BF31A094BE74
:401180000BFA74BF229A8EBEC6DE75BF938E88BE07BA76BFC07D82BEC58B77BFCCCF78BEF85378BF7F9A6CBE981279BF135C60BE9DC779BF011554BE02737ABFC2C547BEB4
:4011C000BE147BBFCF6E3BBECDAC7BBFA2102FBE283B7CBFB6AB22BEC9BF7CBF834016BEAC3A7DBF86CF09BECCAB7DBF73B2FABD24137EBF2EBCE1BDB0707EBF36BDC8BD84
:401200006DC47EBF80B6AFBD580E7FBF05A996BD6D4E7FBF742B7BBDAB847FBF2FFB48BD0FB17FBF2CC316BD98D37FBFB00AC9BC43EC7FBF900E49BC11FB7FBF000000800B
:40124000000080BF900E493C11FB7FBFB00AC93C43EC7FBF2CC3163D98D37FBF2FFB483D0FB17FBF742B7B3DAB847FBF05A9963D6D4E7FBF80B6AF3D580E7FBF36BDC83D02
:401280006DC47EBF2EBCE13DB0707EBF73B2FA3D24137EBF86CF093ECCAB7DBF8340163EAC3A7DBFB6AB223EC9BF7CBFA2102F3E283B7CBFCF6E3B3ECDAC7BBFC2C5473E4D
:4012C000BE147BBF0115543E02737ABF135C603E9DC779BF7F9A6C3E981279BFCCCF783EF85378BFC07D823EC58B77BF938E883E07BA76BF229A8E3EC6DE75BF31A0943E08
:401300000BFA74BF86A09A3EDD0B74BFE59AA03E471473BF128FA63E521372BFD47CAC3E080971BFEF63B23E73F56FBF2A44B83E9ED86EBF4A1DBE3E93B26DBF15EFC33E24
:401340005E836CBF53B9C93E0C4B6BBFCA7BCF3EA7096ABF4136D53E3CBF68BF80E8DA3ED86B67BF4F92E03E880F66BF7533E63E59AA64BFBBCBEB3E5A3C63BFEA5AF13E86
:4013800098C561BFCBE0F63E214660BF275DFC3E05BE5EBFE4E7003F532D5DBF3D9C033F1A945BBF824B063F6AF259BF9BF5083F534858BF6B9A0B3FE59556BFDA390E3FD7
:4013C00031DB54BFCDD3103F491853BF2A68133F3D4D51BFD9F6153F1F7A4FBFC07F183F029F4DBFC6021B3FF8BB4BBFD17F1D3F12D149BFCBF61F3F65DE47BF9967223FA2
:4014000003E445BF25D2243F00E243BF5636273F70D841BF1594293F67C73FBF4AEB2B3FF9AE3DBFDE3B2E3F3B8F3BBFBB85303F426839BFC9C8323F233A37BFF304353F6F
:40144000F30435BF233A373FC9C832BF4268393FBB8530BF3B8F3B3FDE3B2EBFF9AE3D3F4AEB2BBF67C73F3F159429BF70D8413F563627BF00E2433F25D224BF03E4453F2F
:40148000996722BF65DE473FCBF61FBF12D1493FD17F1DBFF8BB4B3FC6021BBF029F4D3FC07F18BF1F7A4F3FD9F615BF3D4D513F2A6813BF4918533FCDD310BF31DB543FE1
:4014C000DA390EBFE595563F6B9A0BBF5348583F9BF508BF6AF2593F824B06BF1A945B3F3D9C03BF532D5D3FE4E700BF05BE5E3F275DFCBE2146603FCBE0F6BE98C5613F96
:40150000EA5AF1BE5A3C633FBBCBEBBE59AA643F7533E6BE880F663F4F92E0BED86B673F80E8DABE3CBF683F4136D5BEA7096A3FCA7BCFBE0C4B6B3F53B9C9BE5E836C3FC4
:4015400015EFC3BE93B26D3F4A1DBEBE9ED86E3F2A44B8BE73F56F3FEF63B2BE0809713FD47CACBE5213723F128FA6BE4714733FE59AA0BEDD0B743F86A09ABE0BFA743FE2
:4015800031A094BEC6DE753F229A8EBE07BA763F938E88BEC58B773FC07D82BEF853783FCCCF78BE9812793F7F9A6CBE9DC7793F135C60BE02737A3F011554BEBE147B3F45
:4015C000C2C547BECDAC7B3FCF6E3BBE283B7C3FA2102FBEC9BF7C3FB6AB22BEAC3A7D3F834016BECCAB7D3F86CF09BE24137E3F73B2FABDB0707E3F2EBCE1BD6DC47E3F0A
:4016000036BDC8BD580E7F3F80B6AFBD6D4E7F3F05A996BDAB847F3F742B7BBD0FB17F3F2FFB48BD98D37F3F2CC316BD43EC7F3FB00AC9BC11FB7F3F900E49BC0000803F3E
:401640000000000043EC7F3FB00AC93C0FB17F3F2FFB483D6D4E7F3F05A9963D6DC47E3F36BDC83D24137E3F73B2FA3DAC3A7D3F8340163E283B7C3FA2102F3EBE147B3FDF
:40168000C2C5473E9DC7793F135C603EF853783FCCCF783E07BA763F938E883E0BFA743F31A0943E4714733FE59AA03E0809713FD47CAC3E9ED86E3F2A44B83E5E836C3F72
:4016C00015EFC33EA7096A3FCA7BCF3ED86B673F80E8DA3E59AA643F7533E63E98C5613FEA5AF13E05BE5E3F275DFC3E1A945B3F3D9C033F5348583F9BF5083F31DB543FC6
:40170000DA390E3F3D4D513F2A68133F029F4D3FC07F183F12D1493FD17F1D3F03E4453F9967223F70D8413F5636273FF9AE3D3F4AEB2B3F4268393FBB85303FF304353FED
:40174000F304353FBB85303F4268393F4AEB2B3FF9AE3D3F5636273F70D8413F9967223F03E4453FD17F1D3F12D1493FC07F183F029F4D3F2A68133F3D4D513FDA390E3FAD
:4017800031DB543F9BF5083F5348583F3D9C033F1A945B3F275DFC3E05BE5E3FEA5AF13E98C5613F7533E63E59AA643F80E8DA3ED86B673FCA7BCF3EA7096A3F15EFC33E05
:4017C0005E836C3F2A44B83E9ED86E3FD47CAC3E0809713FE59AA03E4714733F31A0943E0BFA743F938E883E07BA763FCCCF783EF853783F135C603E9DC7793FC2C5473E31
:40180000BE147B3FA2102F3E283B7C3F8340163EAC3A7D3F73B2FA3D24137E3F36BDC83D6DC47E3F05A9963D6D4E7F3F2FFB483D0FB17F3FB00AC93C43EC7F3F000000001D
:401840000000803FB00AC9BC43EC7F3F2FFB48BD0FB17F3F05A996BD6D4E7F3F36BDC8BD6DC47E3F73B2FABD24137E3F834016BEAC3A7D3FA2102FBE283B7C3FC2C547BE9E
:40188000BE147B3F135C60BE9DC7793FCCCF78BEF853783F938E88BE07BA763F31A094BE0BFA743FE59AA0BE4714733FD47CACBE0809713F2A44B8BE9ED86E3F15EFC3BE77
:4018C0005E836C3FCA7BCFBEA7096A3F80E8DABED86B673F7533E6BE59AA643FEA5AF1BE98C5613F275DFCBE05BE5E3F3D9C03BF1A945B3F9BF508BF5348583FDA390EBF7C
:4019000031DB543F2A6813BF3D4D513FC07F18BF029F4D3FD17F1DBF12D1493F996722BF03E4453F563627BF70D8413F4AEB2BBFF9AE3D3FBB8530BF4268393FF30435BFAC
:40194000F304353F426839BFBB85303FF9AE3DBF4AEB2B3F70D841BF5636273F03E445BF9967223F12D149BFD17F1D3F029F4DBFC07F183F3D4D51BF2A68133F31DB54BF6C
:40198000DA390E3F534858BF9BF5083F1A945BBF3D9C033F05BE5EBF275DFC3E98C561BFEA5AF13E59AA64BF7533E63ED86B67BF80E8DA3EA7096ABFCA7BCF3E5E836CBFBB
:4019C00015EFC33E9ED86EBF2A44B83E080971BFD47CAC3E471473BFE59AA03E0BFA74BF31A0943E07BA76BF938E883EF85378BFCCCF783E9DC779BF135C603EBE147BBF36
:401A0000C2C5473E283B7CBFA2102F3EAC3A7DBF8340163E24137EBF73B2FA3D6DC47EBF36BDC83D6D4E7FBF05A9963D0FB17FBF2FFB483D43EC7FBFB00AC93C000080BFDC
:401A40000000000043EC7FBFB00AC9BC0FB17FBF2FFB48BD6D4E7FBF05A996BD6DC47EBF36BDC8BD24137EBF73B2FABDAC3A7DBF834016BE283B7CBFA2102FBEBE147BBF5B
:401A8000C2C547BE9DC779BF135C60BEF85378BFCCCF78BE07BA76BF938E88BE0BFA74BF31A094BE471473BFE59AA0BE080971BFD47CACBE9ED86EBF2A44B8BE5E836CBF6E
:401AC00015EFC3BEA7096ABFCA7BCFBED86B67BF80E8DABE59AA64BF7533E6BE98C561BFEA5AF1BE05BE5EBF275DFCBE1A945BBF3D9C03BF534858BF9BF508BF31DB54BFC2
:401B0000DA390EBF3D4D51BF2A6813BF029F4DBFC07F18BF12D149BFD17F1DBF03E445BF996722BF70D841BF563627BFF9AE3DBF4AEB2BBF426839BFBB8530BFF30435BFE9
:401B4000F30435BFBB8530BF426839BF4AEB2BBFF9AE3DBF563627BF70D841BF996722BF03E445BFD17F1DBF12D149BFC07F18BF029F4DBF2A6813BF3D4D51BFDA390EBFA9
:401B800031DB54BF9BF508BF534858BF3D9C03BF1A945BBF275DFCBE05BE5EBFEA5AF1BE98C561BF7533E6BE59AA64BF80E8DABED86B67BFCA7BCFBEA7096ABF15EFC3BE01
:401BC0005E836CBF2A44B8BE9ED86EBFD47CACBE080971BFE59AA0BE471473BF31A094BE0BFA74BF938E88BE07BA76BFCCCF78BEF85378BF135C60BE9DC779BFC2C547BE2D
:401C0000BE147BBFA2102FBE283B7CBF834016BEAC3A7DBF73B2FABD24137EBF36BDC8BD6DC47EBF05A996BD6D4E7FBF2FFB48BD0FB17FBFB00AC9BC43EC7FBF0000008019
:401C4000000080BFB00AC93C43EC7FBF2FFB483D0FB17FBF05A9963D6D4E7FBF36BDC83D6DC47EBF73B2FA3D24137EBF8340163EAC3A7DBFA2102F3E283B7CBFC2C5473E9A
:401C8000BE147BBF135C603E9DC779BFCCCF783EF85378BF938E883E07BA76BF31A0943E0BFA74BFE59AA03E471473BFD47CAC3E080971BF2A44B83E9ED86EBF15EFC33E73
:401CC0005E836CBFCA7BCF3EA7096ABF80E8DA3ED86B67BF7533E63E59AA64BFEA5AF13E98C561BF275DFC3E05BE5EBF3D9C033F1A945BBF9BF5083F534858BFDA390E3F78
:401D000031DB54BF2A68133F3D4D51BFC07F183F029F4DBFD17F1D3F12D149BF9967223F03E445BF5636273F70D841BF4AEB2B3FF9AE3DBFBB85303F426839BFF304353FA8
:401D4000F30435BF4268393FBB8530BFF9AE3D3F4AEB2BBF70D8413F563627BF03E4453F996722BF12D1493FD17F1DBF029F4D3FC07F18BF3D4D513F2A6813BF31DB543F68
:401D8000DA390EBF5348583F9BF508BF1A945B3F3D9C03BF05BE5E3F275DFCBE98C5613FEA5AF1BE59AA643F7533E6BED86B673F80E8DABEA7096A3FCA7BCFBE5E836C3FB7
:401DC00015EFC3BE9ED86E3F2A44B8BE0809713FD47CACBE4714733FE59AA0BE0BFA743F31A094BE07BA763F938E88BEF853783FCCCF78BE9DC7793F135C60BEBE147B3F32
:401E0000C2C547BE283B7C3FA2102FBEAC3A7D3F834016BE24137E3F73B2FABD6DC47E3F36BDC8BD6D4E7F3F05A996BD0FB17F3F2FFB48BD43EC7F3FB00AC9BC0000803FD8
:401E4000000000000FB17F3F2FFB483D6DC47E3F36BDC83DAC3A7D3F8340163EBE147B3FC2C5473EF853783FCCCF783E0BFA743F31A0943E0809713FD47CAC3E5E836C3FC9
:401E800015EFC33ED86B673F80E8DA3E98C5613FEA5AF13E1A945B3F3D9C033F31DB543FDA390E3F029F4D3FC07F183F03E4453F9967223FF9AE3D3F4AEB2B3FF304353F26
:401EC000F304353F4AEB2B3FF9AE3D3F9967223F03E4453FC07F183F029F4D3FDA390E3F31DB543F3D9C033F1A945B3FEA5AF13E98C5613F80E8DA3ED86B673F15EFC33EE6
:401F00005E836C3FD47CAC3E0809713F31A0943E0BFA743FCCCF783EF853783FC2C5473EBE147B3F8340163EAC3A7D3F36BDC83D6DC47E3F2FFB483D0FB17F3F0000000008
:401F40000000803F2FFB48BD0FB17F3F36BDC8BD6DC47E3F834016BEAC3A7D3FC2C547BEBE147B3FCCCF78BEF853783F31A094BE0BFA743FD47CACBE0809713F15EFC3BE90
:401F80005E836C3F80E8DABED86B673FEA5AF1BE98C5613F3D9C03BF1A945B3FDA390EBF31DB543FC07F18BF029F4D3F996722BF03E4453F4AEB2BBFF9AE3D3FF30435BF9E
:401FC000F304353FF9AE3DBF4AEB2B3F03E445BF9967223F029F4DBFC07F183F31DB54BFDA390E3F1A945BBF3D9C033F98C561BFEA5AF13ED86B67BF80E8DA3E5E836CBF5E
:4020000015EFC33E080971BFD47CAC3E0BFA74BF31A0943EF85378BFCCCF783EBE147BBFC2C5473EAC3A7DBF8340163E6DC47EBF36BDC83D0FB17FBF2FFB483D000080BFCF
:40204000000000000FB17FBF2FFB48BD6DC47EBF36BDC8BDAC3A7DBF834016BEBE147BBFC2C547BEF85378BFCCCF78BE0BFA74BF31A094BE080971BFD47CACBE5E836CBF47
:4020800015EFC3BED86B67BF80E8DABE98C561BFEA5AF1BE1A945BBF3D9C03BF31DB54BFDA390EBF029F4DBFC07F18BF03E445BF996722BFF9AE3DBF4AEB2BBFF30435BF24
:4020C000F30435BF4AEB2BBFF9AE3DBF996722BF03E445BFC07F18BF029F4DBFDA390EBF31DB54BF3D9C03BF1A945BBFEA5AF1BE98C561BF80E8DABED86B67BF15EFC3BEE4
:402100005E836CBFD47CACBE080971BF31A094BE0BFA74BFCCCF78BEF85378BFC2C547BEBE147BBF834016BEAC3A7DBF36BDC8BD6DC47EBF2FFB48BD0FB17FBF0000008006
:40214000000080BF2FFB483D0FB17FBF36BDC83D6DC47EBF8340163EAC3A7DBFC2C5473EBE147BBFCCCF783EF85378BF31A0943E0BFA74BFD47CAC3E080971BF15EFC33E8E
:402180005E836CBF80E8DA3ED86B67BFEA5AF13E98C561BF3D9C033F1A945BBFDA390E3F31DB54BFC07F183F029F4DBF9967223F03E445BF4AEB2B3FF9AE3DBFF304353F9C
:4021C000F30435BFF9AE3D3F4AEB2BBF03E4453F996722BF029F4D3FC07F18BF31DB543FDA390EBF1A945B3F3D9C03BF98C5613FEA5AF1BED86B673F80E8DABE5E836C3F5C
:4022000015EFC3BE0809713FD47CACBE0BFA743F31A094BEF853783FCCCF78BEBE147B3FC2C547BEAC3A7D3F834016BE6DC47E3F36BDC8BD0FB17F3F2FFB48BD0000803FCD
:40224000000000006DC47E3F36BDC83DBE147B3FC2C5473E0BFA743F31A0943E5E836C3F15EFC33E98C5613FEA5AF13E31DB543FDA390E3F03E4453F9967223FF304353F4E
:40228000F304353F9967223F03E4453FDA390E3F31DB543FEA5AF13E98C5613F15EFC33E5E836C3F31A0943E0BFA743FC2C5473EBE147B3F36BDC83D6DC47E3F000000000E
:4022C0000000803F36BDC8BD6DC47E3FC2C547BEBE147B3F31A094BE0BFA743F15EFC3BE5E836C3FEA5AF1BE98C5613FDA390EBF31DB543F996722BF03E4453FF30435BF0F
:40230000F304353F03E445BF9967223F31DB54BFDA390E3F98C561BFEA5AF13E5E836CBF15EFC33E0BFA74BF31A0943EBE147BBFC2C5473E6DC47EBF36BDC83D000080BFCE
:40234000000000006DC47EBF36BDC8BDBE147BBFC2C547BE0BFA74BF31A094BE5E836CBF15EFC3BE98C561BFEA5AF1BE31DB54BFDA390EBF03E445BF996722BFF30435BFCD
:40238000F30435BF996722BF03E445BFDA390EBF31DB54BFEA5AF1BE98C561BF15EFC3BE5E836CBF31A094BE0BFA74BFC2C547BEBE147BBF36BDC8BD6DC47EBF000000800D
:4023C000000080BF36BDC83D6DC47EBFC2C5473EBE147BBF31A0943E0BFA74BF15EFC33E5E836CBFEA5AF13E98C561BFDA390E3F31DB54BF9967223F03E445BFF304353F0E
:40240000F30435BF03E4453F996722BF31DB543FDA390EBF98C5613FEA5AF1BE5E836C3F15EFC3BE0BFA743F31A094BEBE147B3FC2C547BE6DC47E3F36BDC8BD0000803FCD
:4024400000000000BE147B3FC2C5473E5E836C3F15EFC33E31DB543FDA390E3FF304353FF304353FDA390E3F31DB543F15EFC33E5E836C3FC2C5473EBE147B3F0000000036
:402480000000803FC2C547BEBE147B3F15EFC3BE5E836C3FDA390EBF31DB543FF30435BFF304353F31DB54BFDA390E3F5E836CBF15EFC33EBE147BBFC2C5473E000080BF78
:4024C00000000000BE147BBFC2C547BE5E836CBF15EFC3BE31DB54BFDA390EBFF30435BFF30435BFDA390EBF31DB54BF15EFC3BE5E836CBFC2C547BEBE147BBF0000008036
:40250000000080BFC2C5473EBE147BBF15EFC33E5E836CBFDA390E3F31DB54BFF304353FF30435BF31DB543FDA390EBF5E836C3F15EFC3BEBE147B3FC2C547BE0000803FF7
:40254000000000005E836C3F15EFC33EF304353FF304353F15EFC33E5E836C3F000000000000803F15EFC3BE5E836C3FF30435BFF304353F5E836CBF15EFC33E000080BFED
:40258000000000005E836CBF15EFC3BEF30435BFF30435BF15EFC3BE5E836CBF00000080000080BF15EFC33E5E836CBFF304353FF30435BF5E836C3F15EFC3BE00100000DC
:4025C0003C26031064D10210C00F0000000800003CA60310E4F00210E00E0000000400003CE60310A40E031008070000000200003C060410B41C0310C00100000001000075
:402600003C16041034200310B8010000800000003C1E0410A4230310D0000000400000003C2204104425031038000000200000003C240410B4250310300000001000000056
:402640003C2504101426031014000000060000000000031201001112020019120500291204003912040041120200491201005112050059120000021201001012020018129E
:4026800005002812040038120400401202004812010050120500581200000412010012120300321204003A1202004A120100521205005A120000051201001312030033127E
:4026C00004003B1202004B120100531205005B120100161405005E1400000114010015140100551405005D1400000014010014140100541405005C14000005140100131435
:40270000030033140600371E04003B1402004B140100531405005B14000002140100101402001814050028140600341E040038140400401402004814010050140500581486
:40274000000003140100111402001914050029140600351E04003914040041140200491401005114050059140000041401001214030032140600361E04003A1402004A14DD
:402780000100521405005A14000002140100101402001814050028140600341E040038140400401402004814010050140500581400000314010011140200191405002914B3
:4027C0000600351E04003914040041140200491401005114050059140000041401001214030032140600361E04003A1402004A140100521405005A140000041900010519F5
:40280000000034190001351900005B1900015C1900000018000101180002041800030518000410180005111800081618000917180006181800071918000A2818000B2918D6
:40284000000C3418000D3518000E3818000F391800104018001141180012481800134918001450180015511800165818001759180000000100010001020304050607000109
:40288000020304050607000102030405060708090A0B000001020304050607000102030405060708090A0B0C0D00010203040506000102000000000100010203040506070F
:4028C00008090A0B0C0D000102030405060708090A0B0C0D0001020304050607870A05050606000000000000000085858585858585858080808080808080808080808201D0
:4029000001010101010101818181818181818181818181818183838383838383848484080907040402020202020202020202020202020303030303030303030303030303FB
:402940008686868686868686430000001112131415161718A3A4A5A6A7A8A9AA010203007E7D0000000000004D0000007C750000000000000000000000000000766F777001
:40298000787179727A737B7400040000008B7F978C80988D81998E829A0000000000000000000000008F839B90849C91859D92869E93879F9488A09589A1968AA200000011
:4029C0000000000000000000000000000000000000000000000000000000000000000000000000000000000000000000004E4F505152535455565758595A5B5C5D5E5F6062
:402A00006162636465666700004B4C00008B7F978C80988D81998E829A0000000000000000000000008F839B90849C91859D92869E93879F9488A09589A1968AA2000000F1
:402A40000000000000000000000000000000000000000000000000000000000000000000000000000000000000000000000000000000000000000000004E4F50515253541F
:402A800055565758595A5B5C5D5E5F606162636465666700004B4C0000050600008F839B90849C91859D92869E93879F9488A09589A1968AA27E7D0000090A0B0C0D0E0F6F
:402AC000101112131415161718191A1B1C1D1E1F202122232425262728292A2B2C2D2E2F303132333435363738393A3B3C3D3E3F4041428B7F978C80988D81998E829A0015
:402B000000000000000000000000008F839B90849C91859D92869E93879F9488A09589A1968AA20000000000000000000000000000000000000000000000000000000000D9
:402B4000000000000000000000000000000000000000000708000068766F6977706A78716B79726C7A736D7B746E7C750000000000000000000000000000000000007E7DF1
:402B8000A3A4A5A6A7A8A9AA000000000049484A4D4E4F505152535455565758595A5B5C5D5E5F60616263646566670000464705064B4C044344450000090A0B0C0D0E0F35
:402BC000101112131415161718191A1B1C1D1E1F202122232425262728292A2B2C2D2E2F303132333435363738393A3B3C3D3E3F4041428B7F978C80988D81998E829A0014
:402C000000000000000000000000008F839B90849C91859D92869E93879F9488A09589A1968AA20000000000000000000000000000000000000000000000000000000000D8
:402C4000000000000000000000000000000000000000000708000068766F6977706A78716B79726C7A736D7B746E7C750000000000000000000000000000000000007E7DF0
:402C8000A3A4A5A6A7A8A9AA000000000049484A4D464705064B4C044344450000262728292A2B2C2D8B7F978C80988D81998E829A0000000000000000000000008F839B2A
:402CC00090849C91859D92869E93879F9488A09589A1968AA20708000068766F6977706A78716B79726C7A736D7B746E7C750000000000000000000000000000000000005C
:402D00007E7DA3A4A5A6A7A8A9AA00000000004D495C5D5E5F6061626364656667000046474B4C0400090A0B0C0D0E0F108B7F978C80988D81998E829A000000000000001A
:402D400000000000008F839B90849C91859D92869E93879F9488A09589A1968AA20708000068766F6977706A78716B79726C7A736D7B746E7C75000000000000000000002E
:402D800000000000000000007E7DA3A4A5A6A7A8A9AA00000000004D494E4F505152535455565758595A5B05064B4C0400090A0B0C0D0E0F10262728292A2B2C2D00000059
:402DC000000000000000000000000000000000000000000000000000000000000000000000000000000000000000000000070800004A5C5D5E5F60616263646566670000E8
:402E00004B4C040000090A0B0C0D0E0F10262728292A2B2C2D8B7F978C80988D81998E829A8F839B90849C91859D92869E93879F9488A09589A1968AA200000000000000F5
:402E40000000000000070800004E4F505152535455565758595A5B050646470000000000000000000000000101010101010101005700570088008800E300FF001B00030046
:402E80008B007F0002000C000E00010007000300080008000100000012000000E02E041012010000E02E041012020000E02E041012030000E02E041012040000E02E0410C2
:402EC0000000000000000000000000000000000000000000000000000000000000000000999A0110859A0110399901101D990110059A0110299901108199011015000000F1
:402F0000050F0000050E0000050D00050D01050D02050D03050D04000000010001000100020002002F003000300032006F006F00E700E700E700E700E800E800EA00EC001E
:402F4000EC00EC00ED00EE00F400F500F5000101010101010000040000000000000000000000000000000800100018002000280030003800400048005000580060006800DE
:402F8000700078000000000000001D0000000000000004000C000E000F001000110012001300140015001600170018001D001E001F002000210026002700280029002A00C8
:402FC0002B002C002700280029002B002C001200000060400000614000006240000064400000654000006640000102040506000077000000200000001000000010000000FE
:4030000008000000F8260410E8260410D8260410D0260410010000000400000008000000080000000100000100000000000000000000000000000000000000000000000001
:4030400000000000000000000000000000000000000000007CB5020800000000000000000A000000000000000C0000000800000000020000000000000000000000000000F5
:40308000000000000000000014000000000000000B00000000000000000000003F0000000000000000010203000020400000244000000040000000000000234000003040D5
:4030C0000000314000009F40000022400000104000009D40202020202020202020131010101D208017007500FF03050105001C03100000003FC00000000400000000000006
:403100000019324B647D0000000000804000080B100000000000FF012002001F00800004FF081018001000140018001C4044484C500000000810000008000000040000005D
:40314000041000000012000004210000002100000016000040114002C41300138013A01340138813A81320001C00000008000000010000000000000000000000000000001C
:4031800060000000002000006300000000200100640000000008020000000080DB0F4940DB0F49C0DB0F49BFE4CB1640E4CB16C0000FC93F000F494000CB9640000FC940D3
:4031C0000053FB4000CB164100ED2F41000F49410031624100537B41003A8A4100CB9641005CA34100EDAF41007EBC41000FC94100A0D5410031E24100C2EE410053FB4164
:4032000000F20342003A0A420083104200CB164200141D42005C234200A5294200ED2F4200363642007E3C4200C74242000F4942A2000000F9000000830000006E0000001C
:403240004E000000440000001500000029000000FC0000002700000057000000D1000000F500000034000000DD000000C0000000DB00000062000000950000009900000002
:403280003C000000430000009000000041000000FE0000005100000063000000AB000000DE000000BB000000C500000061000000B7000000240000006E0000003A0000001F
:4032C000420000004D000000D2000000E000000006000000490000002E000000EA00000009000000D1000000920000001C000000FE0000001D000000EB0000001C0000007C
:40330000B100000029000000A70000003E000000E80000008200000035000000F50000002E000000BB0000004400000084000000E90000009C00000070000000260000006E
:40334000B40000005F0000007E000000410000003900000091000000D600000039000000830000005300000039000000F40000009C000000840000005F0000008B00000095
:40338000BD000000F9000000280000003B0000001F000000F800000097000000FF000000DE00000005000000980000000F000000EF0000002F000000110000008B00000003
:4033C0005A0000000A0000006D0000001F0000006D000000360000007E000000CF00000027000000CB00000009000000B70000004F000000460000003F0000006600000001
:403400009E0000005F000000EA0000002D0000007500000027000000BA000000C7000000EB000000E5000000F10000007B0000003D0000000700000039000000F7000000AB
:403440008A0000005200000092000000EA0000006B000000FB0000005F000000B10000001F0000008D0000005D00000008000000560000000300000030000000460000009E
:40348000FC0000007B0000006B000000AB000000F0000000CF000000BC000000200000009A000000F4000000360000001D000000A9000000E3000000910000006100000085
:4034C0005E000000E60000001B000000080000006500000099000000850000005F00000014000000A000000068000000400000008D000000FF000000D80000008000000043
:403500004D00000073000000270000003100000006000000060000001500000056000000CA00000073000000A8000000C900000060000000E20000007B000000C0000000D1
:403540008C0000006B0000006937AC3168212233B40F14336821A2333863ED3EDA0F493F5E987B3FDA0FC93F0000C93F0000F0390000DA370000A2330000842E0000502B75
:403580000000C2270000D0220000C41F0000C61B00004417040000000700000009000000494E4600696E66004E414E006E616E003000303132333435363738394142434482
:4035C00045460030313233343536373839616263646566002C2066756E6374696F6E3A2000617373657274696F6E2022257322206661696C65643A2066696C6520222573A5
:40360000222C206C696E65202564257325730A00496E66696E697479004E614E005245454E54206D616C6C6F6320737563636565646564002F646174612F6A656E6B696EF8
:40364000732F776F726B73706163652F474E552D746F6F6C636861696E2F61726D2D31342D352F7372632F6E65776C69622D63796777696E2F6E65776C69622F6C69626311
:403680002F7374646C69622F64746F612E630042616C6C6F6320737563636565646564002F646174612F6A656E6B696E732F776F726B73706163652F474E552D746F6F6CF3
:4036C000636861696E2F61726D2D31342D352F7372632F6E65776C69622D63796777696E2F6E65776C69622F6C6962632F7374646C69622F6D707265632E6300232D302BD3
:403700002000686C4C00656667454647004300504F534958002E000005000000190000007D000000000000000080E03779C34143176E05B5B5B89346F5F93FE9034F384DDD
:40374000321D30F94877825A3CBF737FDD4F1575000000000000F03F000000000000244000000000000059400000000000408F40000000000088C34000000000006AF8402B
:403780000000000080842E4100000000D01263410000000084D797410000000065CDCD41000000205FA00242000000E876483742000000A2941A6D42000040E59C30A24247
:4037C0000000901EC4BCD64200003426F56B0C430080E03779C3414300A0D8855734764300C84E676DC1AB43003D9160E458E143408CB5781DAF154450EFE2D6E41A4B4419
:4038000092D54D06CFF08044F64AE1C7022DB544B49DD9794378EA44002020202020202020202828282828202020202020202020202020202020202020881010101010109F
:40384000101010101010101010040404040404040404041010101010101041414141414101010101010101010101010101010101010101011010101010104242424242429A
:403880000202020202020202020202020202020202020202101010102000000000000000000000000000000000000000000000000000000000000000000000000000000080
:4038C00000000000000000000000000000000000000000000000000000000000000000000000000000000000000000000000000000000000000000000000000000000000C8
:403900000000000000000000000000000000000000000000000000000000000000000000ACE5FD7F0100000000000110002C0008F802000048390410F82E000888070000E8
:403940007837000878810200524442470400000000000000000000000000000000000000000000000000000000000000000000000000000000000000000000000000000072
:403980000000000000000000000000000000000000000000000000000000000000000000000000000000000000000000000000000000000000000000000000000000000007
:4039C00000000000000000000000000000000000000000000000000000000000000000000000000000000000000000000000000000000000000000000000000000000000C7
:403A00000000000000000000000000000000000000000000000000000000000000000000000000000000000000000000000000000000000000000000000000000000000086
:403A40000000000000000000000000000000000000000000000000000000000000000000000000000000000000000000000000000000000000000000000000000000000046
:403A80000000000000000000000000000000000000000000000000000000000000000000000000000000000000000000000000000000000008000000401F000000127A0013
:403AC00000093D0000127A0000127A00A9E90110010000000000000078E801080000000000000000FF000000F0B80208AAAAAAAA042E0410AC2D0410242D04109C2C04108E
:403B0000B82B0410B82A04109C2A0410982A04100C2A04108C290410882904107C2904106C29041068290410602904105C290410542904104C29041048290410042F0410ED
:403B4000002F0410082F04100B2F04100E2F0410112F0410142F0410C59D01100E1400000000000000000000FD9F01100E1400000000000000000000F9AB01103E00000016
:403B8000000000000000000089070000890700000000000003000000ACB702085031000800000000ACB7020814B802087CB80208000000000000000000000000000000006B
:403BC0000000000000000000000000000000000000000000000000000000000000000000000000000000000000000000430000000000000000000000000000000000000082
:403C000000000000000000000000000043000000000000000000000000000000000000000000000000000000000000004300000000000000000000000000000000000000FE
:403C400000000000000000000000000043000000000000000000000000000000000000000000000000000000000000004300000000000000000000000000000000000000BE
:403C8000000000000000000000000000430000000000000000000000000000000000000000000000000000000000000043000000000000000000000000000000000000007E
:403CC000000000000000000000000000C74C0210A34C02100000000018380410153704100F3604100F3604100F3604100F3604100F3604100F3604100F3604100F36041012
:403D00000F360410FFFFFFFFFFFFFFFFFFFFFFFFFFFF0000010041534349490000000000000000000000000000000000000000000000000000004153434949000000000065
:403D4000000000000000000000000000000000000000000000000000610301103903011080B2C10048B3154B1B681A6AB3F8BE30C3EBC303D358002BF5DA114B3E22C3F883
:403D8000042141F61E72C3F808210622C3F8182521F07F41C3F81C15D3F81C35074B1B681A6AB3F8BE30C3EBC303134400225A60034BD3F81C35002BFADA704790B5020832
:403DC000000026404378FF2B00D0704710B500F067F90446032000F06FF9C3680A4A13600A4A002111600A4A012111605A68094B1A6013680B431360136813F0010FFBD132
:403E0000204600F055F910BDA0B502089CB5020898B5020894B50208F8B5052000F04CF90646194F3B685B6803F570431C6EA4B200F036F905463B681968D3F8982089580F
:403E40004FF0B052D27A013C032C0ED8D2B203290FD000F019F90D4AA2FB00239B090C48B0FBF3F08230FFF77BFF284600F020F9F8BD002AEDD10822B2601968D3F89820BF
:403E80008A58032AF9D0E4E790B50208D34D621040420F002DE9F84307468846012000F00BF90446444B1B68D3F8C050054493F85430002B62D04FF0B053DB7A53BB0520B6
:403EC00000F0FAF83C4B1B68D3F8C030C358002B6CDB002000F0E0F8384B984268D00023374A12680121184600F0D2F8064610B1344C2BE00136002000F0CEF82F4B9842C0
:403F000002D0314B9E42F5D92F4B9E4252D84FF0010901E04FF0000900F0C2F806462B4BD3F81C35002BFADA284BD3F81C35002B0FDB244CB9F1000F05D00121002000F034
:403F4000BFF80028F9D1304600F0B2F82046BDE8F8831F4A0121204600F0A6F808B1194CE8E74046FFF7FCFE37B12B68002BFCDB00F0AAF80446DDE7164CDBE700F090F867
:403F80000646134A0121204600F08EF838B95FB12B68002BFCDB00F097F8044600E0094C304600F085F8D1E70A4CF9E7054CCDE7044CCBE7034CC9E790B502080101880016
:403FC000B4B5020805005200EF49020000002640A4B502080100500030B4274B1B685C681968D3F89C30194411E020BF234B1B7803B120BF214B01221A70214A136923F01A
:40400000040313610B6803F00303022B0AD11C4A136943F004031361BFF34F8F0128E4D030BFEAE7D4F80C311BBB164BD3F80801D3F81815D3F8042141F61E75C3F80851FA
:404040000625C3F818553E25C3F804514425C3F81C550C4BD3F81C35002BFADA4FF0AA33C4F80C31074BC3F80801C3F81815C3F8042130BC704700BF90B50208D0B5020840
:4040800000ED00E0000026405FF800F047ED01105FF800F0B5CF01105FF800F079D201105FF800F0435D01105FF800F0EDCD01105FF800F04B5D01105FF800F0B5CB0110E0
:4040C0005FF800F0F5D101105FF800F0A9CC0110000000000000000000000000000000000000000000000000000000000000000000000000000000000000000000000000D5
:40410000000000000000000000000000000000000000000000000000000000000000000000000000000000000000000000000000000000000000000000000000000000007F
:40414000000000000000000000000000000000000000000000000000000000000000000000000000000000000000000000000000000000000000000000000000000000003F
:4041800000000000000000000000000000000000000000000000000000000000000000000000000000000000000000000000000000000000000000000000000000000000FF
:4041C00000000000000000000000000000000000000000000000000000000000000000000000000000000000000000000000000000000000000000000000000000000000BF
:020000041007E3
:40F8000000000000000000000000000000000000000000000000000000000000000000000000000000000000000000000000000000000000000000000000000000000000C8
:40F840000000000000000000000000000000000000000000000000000000000000000000000000000000000000000000000000000000000000000000000000000000000088
:40F880000000000000000000000000000000000000000000000000000000000000000000000000000000000000000000000000000000000000000000000000000000000048
:40F8C0000000000000000000000000000000000000000000000000000000000000000000000000000000000000000000000000000000000000000000000000000000000008
:40F9000000000000000000000000000000000000000000000000000000000000000000000000000000000000000000000000000000000000000000000000000000000000C7
:40F940000000000000000000000000000000000000000000000000000000000000000000000000000000000000000000000000000000000000000000000000000000000087
:40F980000000000000000000000000000000000000000000000000000000000000000000000000000000000000000000000000000000000000000000000000000000000047
:40F9C000000000000000000000000000000000000000000000000000000000000000000000000000000000000000000000000000000000000000000000000000C76D6CE97E
:40FA000000000010FCFF000000000110FCF90600000000000000000000000000000000000000000000000000000000000000000000000000000000000000000000000000AF
:40FA40000000000000000000000000000000000000000000000000000000000000000000000000000000000000000000000000000000000000000000000000000000000086
:40FA80000000000000000000000000000000000000000000000000000000000000000000000000000000000000000000000000000000000000000000000000000000000046
:40FAC0000000000000000000000000000000000000000000000000000000000000000000000000000000000000000000000000000000000000000000000000000000000006
:40FB000000000000000000000000000000000000000000000000000000000000000000000000000000000000000000000000000000000000000000000000000000000000C5
:40FB40000000000000000000000000000000000000000000000000000000000000000000000000000000000000000000000000000000000000000000000000000000000085
:40FB80000000000000000000000000000000000000000000000000000000000000000000000000000000000000000000000000000000000000000000000000000000000045
:40FBC0000000000000000000000000000000000000000000000000000000000000000000000000000000000000000000000000000000000000000000000000000000000005
:0200000490303A
:02000000A3ACAF
:0200000490501A
:0C00000000000000000000000187A3AC1D
:00000001FF